<?xml version="1.0" encoding="UTF-8" standalone="yes"?>
<addon id="plugin.video.ego" version="2019.0.7.0.1.0.0.0" name="[COLOR yellow]I Am ego[/COLOR]" provider-name="Guardian_Guru">

	<requires>
		<import addon="xbmc.python" version="2.19.0" />
		<import addon="script.module.requests" version="2.19.1" />
		<import addon="script.module.beautifulsoup4" version="4.5.3"/>
		<import addon="script.module.metahandler" version="1.0.0" />
		<import addon="plugin.video.youtube" version="6.2.0"/>
		<import addon="script.module.resolveurl" />
		<import addon="script.module.openscrapers" />
		<import addon="script.module.addon.signals" version="0.0.1"/>
	</requires>

	<extension point="xbmc.python.pluginsource" library="ego.py">
		<provides>video</provides>
	</extension>

	<extension point="xbmc.service" library="service.py" start="startup" />
	<extension point="xbmc.python.module" library="resources/lib/"/>

	<extension point="xbmc.addon.metadata">
		<summary lang="en">[B][COLOR yellow]I Am ego[/COLOR][/B] </summary>
		<description lang="en">[B]I Am ego[/B]Planet Eater From The Marvel Universe Please Use At Your Own Risk.</description>
		<platform>all</platform>
		<license>GNU GENERAL PUBLIC LICENSE. Version 3, 29 June 2007</license>
		<forum></forum>
		<website></website>
		<source></source>
		<disclaimer lang="en">The author of this addon do not host any of the content which is found and have no affiliation with any of the content providers. This addon simply searches websites for content. Use at your own risk</disclaimer>
		<assets>
			<icon>icon.png</icon>
			<fanart>fanart.jpg</fanart>
			<screenshot>resources/screenshots/screenshot01a.jpg</screenshot>
			<screenshot>resources/screenshots/screenshot02a.jpg</screenshot>
			<screenshot>resources/screenshots/screenshot03a.jpg</screenshot>
		</assets>
		<news>
[B][COLOR red]Update - v3.0.0 - June 28, 2019[/COLOR][/B]
[COLOR yellow]--[/COLOR][I] Removed Trakt sync notice at startup.[/I]
[COLOR yellow]--[/COLOR][I] New icon and menu label system.  You can now set the icon
    style based on Traditional icons or Meta Provider Logos.
    You can also add the Meta Provider label to the menu
    item .. ex (TMDb).  This helps distinguish between.. ex
    "Popular (IMDb) and Popular (TMDb)[/I]
		</news>
	</extension>

</addon>
