<?xml version="1.0" encoding="UTF-8" standalone="yes"?>
<addon id="repository.master.skinbase" name="[COLOR orange]G[/COLOR]UIDO[COLOR orange]S[/COLOR] [COLOR orange]S[/COLOR]KINBAS[COLOR orange]E[/COLOR]" version="3.3.25" provider-name="[COLOR orange]GUIDO[/COLOR] | [COLOR skyblue]Kodiman[/COLOR] | [COLOR orange]HSK-DE[/COLOR]">
	<extension point="xbmc.addon.repository" name="GUIDOS SKINBASE REPO">
	<dir>
		<info compressed="false">https://downloads.guidos-skinbase.de/addons/addons.xml</info>
		<checksum>https://downloads.guidos-skinbase.de/addons/addons.xml.md5</checksum>
		<datadir zip="true">https://downloads.guidos-skinbase.de/addons/</datadir>
	</dir>
	<dir>
		<info compressed="false">https://downloads.guidos-skinbase.de/kodi_16_skins/addons.xml</info>
		<checksum>https://downloads.guidos-skinbase.de/kodi_16_skins/addons.xml.md5</checksum>
		<datadir zip="true">https://downloads.guidos-skinbase.de/kodi_16_skins/</datadir>
	</dir>
	<dir>
		<info compressed="false">https://downloads.guidos-skinbase.de/kodi_17_skins/addons.xml</info>
		<checksum>https://downloads.guidos-skinbase.de/kodi_17_skins/addons.xml.md5</checksum>
		<datadir zip="true">https://downloads.guidos-skinbase.de/kodi_17_skins/</datadir>
	</dir>
	<dir>
		<info compressed="false">https://downloads.guidos-skinbase.de/kodi_18_skins/addons.xml</info>
		<checksum>https://downloads.guidos-skinbase.de/kodi_18_skins/addons.xml.md5</checksum>
		<datadir zip="true">https://downloads.guidos-skinbase.de/kodi_18_skins/</datadir>
	</dir>
	</extension>
	<extension point="xbmc.addon.metadata">
		<summary>[COLOR orange]G[/COLOR]uido[COLOR orange]s[/COLOR] [COLOR orange]S[/COLOR]KINBAS[COLOR orange]E[/COLOR] Repo</summary>
		<description lang="de">
In Guidos Master SKINBASE findet ihr Skins für Kodi ab Versionen 16 aus aller Welt.
Die Skins sind für die jeweiligen Kodi Versionen farblich markiert.Des weiteren findet ihr auch weitere Repos für Skins sowie Bilder Addons für Hintergrundbilder und Addons die für die Skins benötigt werden.
Die SkinBase wird ständig erweitert und verbessert. KODI 16 [COLOR green]Grün[/COLOR], KODI 17 [COLOR aqua]Aqua[/COLOR], KODI 18 [COLOR orange]Orange[/COLOR].
Hinzugekommen sind Skins mit Topics Loader ,welche [COLOR red]ROT gekenzeichnet sind [/COLOR], diese ermöglichen mit einem Skin unzählige Themen in einem Skin zu laden. Viel Spass wünschen euch das Team SKINBASE.
        </description>
        <description lang="en">
In Guido's Master SKINBASE you can find skins for Kodi from version 16 from all over the world.
The skins are color-coded for the respective Kodi versions. Furthermore you will find more repos for skins as well as pictures of addons for background pictures and addons needed for the skins.
The SkinBase is constantly expanding and improving. KODI 16 [COLOR green] Green [/ COLOR], KODI 17 [COLOR aqua] Aqua [/ COLOR], KODI 18 [COLOR orange] Orange [/ COLOR].
Skins have been added with Topics Loader, which are marked [COLOR red] RED [/ COLOR], which allow to load countless topics in one skin with one skin. Have fun with the team SKINBASE.
        </description>
        <platform>all</platform>
		<assets>
			<icon>resources/icon.png</icon>
			<fanart>resources/fanart.jpg</fanart>
			<screenshot>resources/screenshot-01.jpg</screenshot>
			<screenshot>resources/screenshot-02.jpg</screenshot>
			<screenshot>resources/screenshot-03.jpg</screenshot>
			<screenshot>resources/screenshot-04.jpg</screenshot>
			<screenshot>resources/screenshot-05.jpg</screenshot>
			<screenshot>resources/screenshot-06.jpg</screenshot>
		</assets>
	</extension>
</addon>

