<?xml version="1.0" encoding="UTF-8" standalone="yes"?>
<addon id="plugin.program.mazethemes" name="Maze Themes" version="1.0.1" provider-name="Maze Themes">
  <requires>
    <import addon="xbmc.python" version="2.1.0"/>
  </requires>
  <extension point="xbmc.python.pluginsource" library="default.py">
    <provides>executable</provides>
  </extension>
  <extension point="xbmc.service" library="startup.py" start="startup" />
  <extension point="xbmc.addon.metadata">
    <summary lang="en">Maze Themes</summary>
    <description lang="en">Welcome to the Maze Themes where you can get all the latest Maze Custom Themes for kodi and spmc</description>
    <platform>all</platform>
  </extension>
</addon>