<?xml version="1.0" encoding="UTF-8"?>
<includes>
	<constant name="CenterWidth">1280</constant>
	<constant name="CenterHeight">540</constant>
	<constant name="HomeSubMenuLeft">230</constant>
	<constant name="SettingsLeft">320</constant>
	<constant name="BackPanelIconsLeft">50</constant>
	<constant name="ViewIconsLeft">80</constant>
	<constant name="BackPanelIconsWidth">2460</constant>
	<constant name="ViewIconsWidth">2400</constant>
	<constant name="ScrollbarIconsLeft">2477</constant>
	<constant name="ViewInfoWallLeft">20</constant>
	<constant name="BackPanelInfoWallWidth">2340</constant>
	<constant name="BackPanelInfoWallSquareWidth">2240</constant>
	<constant name="ViewInfoWallWidth">1600</constant>
	<constant name="ViewInfoWallSquareWidth">1500</constant>
	<constant name="ScrollbarInfoWallLeft">104</constant>
	<constant name="InfoPanelInfoWallLeft">1720</constant>
	<constant name="InfoPanelInfoWallSquareLeft">1670</constant>
	<constant name="ViewBannerWallTop">-10</constant>
	<constant name="ViewBannerWallLeft">40</constant>
	<constant name="BackPanelBannerWallWidth">2300</constant>
	<constant name="ViewBannerWallWidth">1740</constant>
	<constant name="InfoPanelBannerWallLeft">1800</constant>
	<constant name="BannerWallWidth">840</constant>
	<constant name="BannerWallHeight">154</constant>
	<constant name="LogoOffsetx">42</constant>
	<constant name="ListCenterleft">62%</constant>
	<constant name="MultiWidgetBackPanelLeft">166</constant>
	<constant name="MultiWidgetBackPanelRight">162</constant>
	<constant name="MultiWidgetLeft">178</constant>
	<constant name="MultiWidgetRight">182</constant>
	<constant name="VideoInfoSlidePos">1882</constant>
	<constant name="PlayerInfoItemGap">110</constant>
	<constant name="PlayerInfoTextboxWidth">1415</constant>
	<constant name="EventLogWidth">2360</constant>
	<include name="FocusPosition4">
		<focusposition>4</focusposition>
	</include>
	<include name="FocusPosition2">
		<focusposition>3</focusposition>
	</include>
	<include name="HomeSubMenuPos">
		<focusposition>3</focusposition>
		<movement>3</movement>
	</include>
</includes>