﻿<?xml version="1.0" encoding="UTF-8" standalone="yes"?>
<addon id="plugin.video.triangulum" version="5.5" name="triangulum" provider-name="Lockdown">
	<requires>
		<import addon="xbmc.python" version="2.19.0" />
		<import addon="script.triangulum.artwork" />
		<import addon="script.triangulum.metadata" />
                <import addon="script.module.resolveurl" version="5.0.06" />
                <import addon="script.module.metahandler"/>
                <import addon="script.module.requests"/>
                <import addon="script.module.beautifulsoup"/>
                <import addon="script.module.schism.common"/>
                <import addon="script.module.futures"/>
                <import addon="script.module.universalscrapers" />
	</requires>
	<extension point="xbmc.python.pluginsource" library="triangulum.py">
		<provides>video</provides>
	</extension>
	<extension point="xbmc.service" library="service.py" start="startup" />
	<extension point="xbmc.addon.metadata">
		<summary lang="en">triangulum</summary>
		<description lang="en">Triangulum galaxy-messier 33</description>
		<disclaimer lang="en">The author does not host or distribute any of the content displayed by this addon. The author does not have any affiliation with the content provider.</disclaimer>
		<platform>all</platform>
		<forum></forum>
		<website></website>
		<source></source>
		<assets>
			<icon>icon.png</icon>
			<fanart>fanart.jpg</fanart>
		</assets>
		<news></news>
	</extension>
</addon>