<?xml version="1.0" encoding="UTF-8" standalone="yes"?>
<addon id="plugin.video.mirror" name="[COLOR orange][B]MirRoR[COLOR white] Video[/B][/COLOR]" provider-name="Cy4Root" version="2.3.1c">
    <requires>
        <import addon="xbmc.python" version="2.19.0" />
        <import addon="script.mirror.artwork" />
        <import addon="script.mirror.metadata" />
        <import addon="script.module.liptonscrapers" />
        <import addon="script.module.resolveurl" />
        <import addon="script.module.metahandler" />
        <import addon="script.module.requests" />
    </requires>
    <extension library="main.py" point="xbmc.python.pluginsource">
        <provides>video</provides>
    </extension>
    <extension library="service.py" point="xbmc.service" start="[startup|login]" />
    <extension point="xbmc.addon.metadata">
        <summary lang="en">   All in One Addon</summary>
        <description lang="en">Special thanks to 13Clowns,Scrubs,Tempest and Exodus for inspiration.</description>
        <disclaimer lang="en">The author is not responsible for the use of this addon. The author is not responsible for the content found using this addon. The author does not host or own any content found within this addon.[CR]The author is in no way affiliated with Kodi, Team Kodi, or the XBMC Foundation. </disclaimer>
        <license>GNU</license>
        <platform>all</platform>
        <assets>
            <icon>icon.gif</icon>
            <fanart>fanart.gif</fanart>
            <screenshot>resources/screenshots/screenshot_1.png</screenshot>
        </assets>
        <news> </news>
    </extension>
</addon>
