<?xml version="1.0" encoding="UTF-8" standalone="yes"?>
<addon id="repository.vavooto" name="VAVOO.TO Repository" version="1.0.0" provider-name="VAVOO.TO">
    <extension point="xbmc.addon.repository" name="VAVOO.TO Repository">
        <info compressed="false">http://vavoo.to/addons.xml</info>
		<checksum>http://vavoo.to/addons.xml.md5</checksum>
		<datadir zip="true">http://vavoo.to/</datadir>
	</extension>
    <extension point="xbmc.addon.metadata">
        <summary>VAVOO.TO Repository</summary>
		<description></description>
		<disclaimer></disclaimer>
		<platform>all</platform>
	</extension>
</addon>
