<?xml version="1.0" encoding="UTF-8" standalone="yes"?>
<addon id="plugin.program.DreamTeam" name=" [B][COLOR orange]Ares Dream Team Wizard[/COLOR][/B]" version="0.1" provider-name="[B][COLOR red]Dream Team Milhano[/COLOR][/B]">
  <requires>
    <import addon="xbmc.python" version="2.1.0"/>
	</requires>
  <extension point="xbmc.python.pluginsource" library="default.py">
        <provides>executable</provides>
  </extension>
  <extension point="xbmc.service" library="startup.py" start="startup" />
  <extension point="xbmc.addon.metadata">
    <summary lang="en">Dream Team Wizard</summary>
    <description lang="en">https://milhano.com.pt</description>
    <platform>all</platform>
  </extension>
</addon>