<item>
<title>****HIGH SPEED INTERNET REQUIRED*****</title>
<heading></heading>
 </item>
 
<dir>
<title>Game Of Thrones</title>
<link>http://magnetic.website/Mad%20Titan/GAME%20OF%20THRONES%20SEASONS.xml</link>
<thumbnail>http://s1.iconbird.com/ico/2013/6/274/w512h5121371325341GameofThrones512x512.png</thumbnail>
<fanart>https://image.tmdb.org/t/p/w600_and_h900_bestv2/u3bZgnGQ9T01sWNhyveQz0wH0Hl.jpg</fanart>
</dir>

<dir>
<title>Cobra Kai</title>
<link>http://magnetic.website/Mad%20Titan/Cobra%20Kai%20tv%20show.xml</link>
<thumbnail>https://image.tmdb.org/t/p/w600_and_h900_bestv2/p4po17m9pA6JbzN2iEylcl7jACc.jpg</thumbnail>
<fanart>https://image.tmdb.org/t/p/original/x7QOl4QEVMOp6V4wsp3Kte3NLDY.jpg</fanart>
</dir>



<dir>
<title>Gotham</title>
<link>http://magnetic.website/Mad%20Titan/Gotham%20season%201-5.xml</link>
<thumbnail>https://orig00.deviantart.net/5694/f/2016/133/6/4/gotham_folder_icon_by_viro9-da2dpij.png</thumbnail>
<fanart>https://wallpaper-gallery.net/images/gotham-wallpapers/gotham-wallpapers-3.jpg</fanart>
</dir>

<dir>
<title>Doom Patrol</title>
<link>http://magnetic.website/Mad%20Titan/DOOM%20PATROL.xml</link>
<thumbnail>https://image.tmdb.org/t/p/w600_and_h900_bestv2/nVN7Dt0Xr78gnJepRsRLaLYklbY.jpg</thumbnail>
<fanart>https://image.tmdb.org/t/p/original/l35BUt404qlY7Lzke2aY8pYuYB2.jpg</fanart>
</dir>




<dir>
<title>Luke Cage</title>
<link>http://magnetic.website/Mad%20Titan/Luke%20Cage%20tv%20show.xml</link>
<thumbnail>https://image.tmdb.org/t/p/w600_and_h900_bestv2/9nWZZ1ghE0LuXEWJi7QjCymHygi.jpg</thumbnail>
<fanart>https://image.tmdb.org/t/p/original/yetJ3E392yKQaG5FkHsEN7xwUrM.jpg</fanart>
</dir>

<plugin>
<title>Punisher Season 2</title>
<link>http://dl8.heyserver.in/serial/The.Punisher/S02/1080p.x265/</link>
<thumbnail>https://image.tmdb.org/t/p/w600_and_h900_bestv2/c86aUAhACPyloPtL2CH4ZP5hO7V.jpg</thumbnail>
<fanart>https://image.tmdb.org/t/p/original/2yfmJudf695JBUJRW7QJjVN1rg5.jpg</fanart>
</plugin>

<dir>
<title>Marvel's Jessica Jones</title>
<link>http://magnetic.website/Mad%20Titan/JESSICA%20JONES%20TV%20SHOW.xml</link>
<thumbnail>https://image.tmdb.org/t/p/w600_and_h900_bestv2/tmKkdzvfwSzPEUmz64LR597q8Ft.jpg</thumbnail>
<fanart>https://image.tmdb.org/t/p/original/ka5WnKTYI1wKyIhsy1vjr1nvZ7T.jpg</fanart>
</dir>


<plugin>
<title>Krypton</title>
<link>http://dl8.heyserver.in/serial/Krypton/S01/720p.x265/</link>
<thumbnail>https://image.tmdb.org/t/p/w600_and_h900_bestv2/kMMWb4zIZKBnO3lOpVBXCL1BeNI.jpg</thumbnail>
<fanart>https://image.tmdb.org/t/p/original/lpItdOGWnECp6CSzTnXldQ6uY2B.jpg</fanart>
</plugin>

<dir>
<title>Marvel's Runaways</title>
<link>http://magnetic.website/Mad%20Titan/Marvel's%20Runaways%20TV%20SHOW.xml</link>
<thumbnail>https://image.tmdb.org/t/p/w600_and_h900_bestv2/nqfKM6ojcZw7Ti9QN5CsaDgz5Cf.jpg</thumbnail>
<fanart>https://image.tmdb.org/t/p/original/nY24YycegEs1mYNe7rq55bW2qbL.jpg</fanart>
</dir>

<dir>
<title>Marvel's Daredevil</title>
<link>http://magnetic.website/Mad%20Titan/DARE%20DEVIL%20TV%20SHOW.xml</link>
<thumbnail>https://image.tmdb.org/t/p/w600_and_h900_bestv2/nONyGSud06YG5b9SBRjKSgKsVVh.jpg</thumbnail>
<fanart>https://image.tmdb.org/t/p/original/d9XCFoSYbnz4et3TRoxlI1e7ozh.jpg</fanart>
</dir>



<dir>
<title>Marvel's Iron Fist</title>
<link>http://magnetic.website/Mad%20Titan/Iron%20Fist%20Tv%20Show.xml</link>
<thumbnail>https://image.tmdb.org/t/p/w600_and_h900_bestv2/nv4nLXbDhcISPP8C1mgaxKU50KO.jpg</thumbnail>
<fanart>https://image.tmdb.org/t/p/original/60TVyGnT1niDkwvKkPHuMGsJ2U5.jpg</fanart>
</dir>

<dir>
<title>Legion</title>
<link>http://magnetic.website/Mad%20Titan/LEGION%20TV%20SHOW.xml</link>
<thumbnail>https://image.tmdb.org/t/p/w600_and_h900_bestv2/v1FEyJWGlg0uEusFMS4wZdcbdjM.jpg</thumbnail>
<fanart>https://image.tmdb.org/t/p/original/xlM9hLUqKkoVedJ8l98uid1YFo.jpg</fanart>
</dir>

<dir>
<title>Black Lightining Complete Season 1-2</title>
<link>http://magnetic.website/Mad%20Titan/Black%20Lighting%20seasons%20.xml</link>
<thumbnail>https://lh3.googleusercontent.com/oYU0E1mMOFWPwPNYnLP5KDLfHx3u_Lmom3BzE4aUYo97eF1H5z71Gh5i7KNZzeyETXk</thumbnail>
<fanart>https://occ-0-2433-444.1.nflxso.net/art/ba8c7/f687d5cab6bfbcda85c8767be2ba5b79907ba8c7.jpg</fanart>
</dir>



<dir>
<title>American Horror Stories</title>
<link>http://magnetic.website/Mad%20Titan/AHS%20Seasons%201-8.xml</link>
<thumbnail>https://is4-ssl.mzstatic.com/image/thumb/Purple115/v4/d2/b0/ca/d2b0ca44-7899-0184-5f13-b4e2fb582f13/source/512x512bb.jpg</thumbnail>
<fanart>https://images5.alphacoders.com/675/675306.jpg</fanart>
</dir>

<plugin>
<title>Castle Rock</title>
<link>http://dl8.heyserver.in/serial/Castle.Rock/S01/1080p.x265/</link>
<thumbnail>https://image.tmdb.org/t/p/w600_and_h900_bestv2/ktNvklgEJb3iikOfmG04AHV8rc9.jpg</thumbnail>
<fanart>https://image.tmdb.org/t/p/original/qyRJPtJkJz7wtS4UJnJez9S3WOM.jpg</fanart>
</plugin>

<dir>
<title>Bates Motel</title>
<link>http://magnetic.website/Mad%20Titan/BATES%20MOTEL%20TV%20SHOW.xml</link>
<thumbnail>https://image.tmdb.org/t/p/w600_and_h900_bestv2/bdOLPdtHXHyhF5bqplUpUvELpGd.jpg</thumbnail>
<fanart>https://image.tmdb.org/t/p/original/kGzqT75mj7fnyt8zhpfGSrvrRPC.jpg</fanart>
</dir>

<plugin>
<title>Chambers</title>
<link>http://dl5.updlf.com/files/Serial/Chambers/S01/720p%20x265/RMT/</link>
<thumbnail>https://image.tmdb.org/t/p/w600_and_h900_bestv2/h6jgj9zwwdyxIEsmWwkQHHdfEJ6.jpg</thumbnail>
<fanart>https://image.tmdb.org/t/p/original/k3TmxbcAy5gV3l8GG4bI4j07udy.jpg</fanart>
</plugin>



<dir>
<title>The Walking Dead</title>
<link>http://magnetic.website/Mad%20Titan/WALKING%20DEAD%20TV%20SHOW.xml</link>
<thumbnail>https://image.tmdb.org/t/p/w600_and_h900_bestv2/48SObcY3kYvZLFzdqiSXuzNtBMu.jpg</thumbnail>
<fanart>https://image.tmdb.org/t/p/original/ps9YOQayrdvRMSbnAM5DLsfiAfA.jpg</fanart>
</dir>

<dir>
<title>Fear The Walking Dead</title>
<link>http://magnetic.website/Mad%20Titan/FEAR%20THE%20WALKING%20DEAD%20SEASONS.xml</link>
<thumbnail>https://image.tmdb.org/t/p/w600_and_h900_bestv2/gAEZitvNudXr9kphSd4XOlOkjPX.jpg</thumbnail>
<fanart>https://image.tmdb.org/t/p/original/d5K2L39aS4TdI1tEgmBfDh2aSFx.jpg</fanart>
</dir>

<plugin>
<title>Black Summer</title>
<link>http://dl5.upfdl.com/files/Serial/Black%20Summer/S01/1080p%20x265/</link>
<thumbnail>https://image.tmdb.org/t/p/w600_and_h900_bestv2/sUMymoZ0teCBwlIqpmU8F3XiEyW.jpg</thumbnail>
<fanart>https://image.tmdb.org/t/p/original/rBFEE11zW2mmnZ4T9jAiSozKR9y.jpg</fanart>
</plugin>


<plugin>
<title>The Purge Tv Show</title>
<link>http://dl8.heyserver.in/serial/The.Purge/S01/720p.x265/</link>
<thumbnail>https://image.tmdb.org/t/p/w600_and_h900_bestv2/wVpsXgmsFAjrDPG6BeE2SU647WA.jpg</thumbnail>
<fanart>https://image.tmdb.org/t/p/original/r4GFm0GYhjnbrqEPk49bNm5KmSm.jpg</fanart>
</plugin>

<dir>
<title>Black Mirror</title>
<link>http://magnetic.website/Mad%20Titan/Black%20Mirror%20Tv%20Show.xml</link>
<thumbnail>https://image.tmdb.org/t/p/w600_and_h900_bestv2/vGrS1mzlSHQQdOcmqH1zlE2iViY.jpg</thumbnail>
<fanart>https://image.tmdb.org/t/p/original/4NLsiykQl6K0E49CIFo2dAb4KKm.jpg</fanart>
</dir>

<dir>
<title>Grimm</title>
<link>http://magnetic.website/Mad%20Titan/Grimm%20Tv%20Show.xml</link>
<thumbnail>https://image.tmdb.org/t/p/w600_and_h900_bestv2/zUt6hCIy6GP7cfpKKTEyb4oqDSF.jpg</thumbnail>
<fanart>https://image.tmdb.org/t/p/original/oS3nip9GGsx5A7vWp8A1cazqJlF.jpg</fanart>
</dir>

<dir> 
<title>Empire</title> 
<link>http://worldkodi.com/NoleCinema/index/Empire.xml</link>
<thumbnail>https://image.tmdb.org/t/p/w600_and_h900_bestv2/oRoTT3wDFh2kg8dvNyQKR44O3ge.jpg</thumbnail>
<fanart>https://image.tmdb.org/t/p/w500_and_h282_face/fChzOVouJAzyUk9dnSj6KHvEPOG.jpg</fanart>
</dir>


<dir>
<title>Ballers Seasons 1-4</title>
<link>http://magnetic.website/Mad%20Titan/Ballers%20tv%20show.xml</link>
<thumbnail>https://image.tmdb.org/t/p/w600_and_h900_bestv2/l2HEYXTqp6ZE6o6wWJECNbWwhcs.jpg</thumbnail>
<fanart>https://hdqwalls.com/download/dwayne-johnson-in-ballers-tv-series-e5-1920x1080.jpg</fanart>
</dir>

<plugin>
<title>Whiskey Cavalier</title>
<link>http://dl2.funsaber.net/serial/Whiskey_Cavalier_2019/season%201/720x265/</link>
<thumbnail>https://image.tmdb.org/t/p/w600_and_h900_bestv2/tgLlDcW032qS1thzi2CHGUom7WP.jpg</thumbnail>
<fanart>https://image.tmdb.org/t/p/original/5MUTMtMSC8Cw73j5K2iwa7KJ9P9.jpg</fanart>
</plugin>


<dir>
<title>Atypical</title>
<link>http://magnetic.website/Mad%20Titan/ATYPICAL%20TV%20SHOW.xml</link>
<thumbnail>https://image.tmdb.org/t/p/w600_and_h900_bestv2/iZ10Q7bEBP5bYD8DpKIbsRxdpeC.jpg</thumbnail>
<fanart>https://image.tmdb.org/t/p/original/dRPYFF5vVbg2JxYiUO0da9wHZGO.jpg</fanart>
</dir>



<plugin>
<title>13 reasons Why Season 2</title>
<link>http://dl8.heyserver.in/serial/13.Reasons.Why/S02/1080p/</link>
<thumbnail>https://lh3.googleusercontent.com/CA16z-Zku_FmqDVJj2xj7yQpUzDqZ7pEHTUhg74bWdLJCmR92VFsuk8w0AqDdqIWAslug7E32w</thumbnail>
<fanart>https://static1.squarespace.com/static/51b3dc8ee4b051b96ceb10de/t/590201582e69cff7f586d0c3/1493303649085/?format=2500w</fanart>
</plugin>

<dir>
<title>Sneaky Pete</title>
<link>http://magnetic.website/Mad%20Titan/SNEAKY%20PETE%20TV%20SHOW.xml</link>
<thumbnail>https://image.tmdb.org/t/p/w600_and_h900_bestv2/xl43XweAgg5BIp0mYQh2lL5uGCv.jpg</thumbnail>
<fanart>https://image.tmdb.org/t/p/original/f1Z5X3iCCKK5FGu5VvzPkXO7eOl.jpg</fanart>
</dir>


<dir>
<title>House of Cards</title>
<link>http://magnetic.website/Mad%20Titan/HOUSE%20OF%20CARDS%20TV%20SHOW.xml</link>
<thumbnail>https://image.tmdb.org/t/p/w600_and_h900_bestv2/hKWxWjFwnMvkWQawbhvC0Y7ygQ8.jpg</thumbnail>
<fanart>https://image.tmdb.org/t/p/original/ex4kvQb0Ski5KL2fsnKQU2hV3oo.jpg</fanart>
</dir>

<plugin>
<title>Altered Carbon</title>
<link>http://dl.updlf.com/files/Series/Altered%20Carbon/S01/1080p%20x265/</link>
<thumbnail>https://image.tmdb.org/t/p/w600_and_h900_bestv2/pZg2NUDPJA54AmDs1Y1ZLizBrpd.jpg</thumbnail>
<fanart>https://image.tmdb.org/t/p/original/zLXh4zDGxH7yAwNkWR1LAocKlZb.jpg</fanart>
</plugin>

<dir> 
<title>The Widow</title> 
<link>http://worldkodi.com/NoleCinema/win.xml</link>
<thumbnail>https://image.tmdb.org/t/p/w600_and_h900_bestv2/r0zWn5GccoIUcilBo08X8MJgJ0.jpg</thumbnail>
<fanart>https://image.tmdb.org/t/p/w500_and_h282_face/8t4svTgOtvzu7Ub92T5Se5L4YYj.jpg</fanart>
</dir>

<dir> 
<title>Tom's Clancy's Jack Ryan</title> 
<link>http://worldkodi.com/NoleCinema/ryan.xml</link>
<thumbnail>https://image.tmdb.org/t/p/w600_and_h900_bestv2/1raUrQr8Y2tSYjTDbk8wfWGKTmX.jpg</thumbnail>
<fanart>https://image.tmdb.org/t/p/w500_and_h282_face/6ovk8nrrSmN1ieT14zBAxcHbMU7.jpg</fanart>
</dir>



<dir>
<title>24</title>
<link>http://magnetic.website/Mad%20Titan/24%20tv%20show.xml</link>
<thumbnail>https://image.tmdb.org/t/p/w600_and_h900_bestv2/3m83XvlgjIMeBtCHlIyLAsa2GZ1.jpg</thumbnail>
<fanart>https://image.tmdb.org/t/p/original/sMJj1rqiY0pI3kUZOWqyFV8WOr6.jpg</fanart>
</dir>

<dir>
<title>Lost</title>
<link>http://magnetic.website/Mad%20Titan/LOST%20TV%20SHOW.xml</link>
<thumbnail>https://image.tmdb.org/t/p/w600_and_h900_bestv2/jyGspygDXJMydTOJj7iWNx9Elyd.jpg</thumbnail>
<fanart>https://image.tmdb.org/t/p/original/pILqOtqvuOxWBQcIipTbZc9ZSIk.jpg</fanart>
</dir>


<dir>
<title>Blindspot</title>
<link>http://magnetic.website/Mad%20Titan/blindspot%20tv%20show.xml</link>
<thumbnail>https://image.tmdb.org/t/p/w600_and_h900_bestv2/3KSRFfrO0WJxehphmxbRmg7yPjh.jpg</thumbnail>
<fanart>https://image.tmdb.org/t/p/original/ArT3HgSKHjyZvlSNllnuBd1U5k8.jpg</fanart>
</dir>

<dir>
<title>CounterPart</title>
<link>http://magnetic.website/Mad%20Titan/CounterPart%20Tv%20Show.xml</link>
<thumbnail>https://image.tmdb.org/t/p/w600_and_h900_bestv2/vBIc9SkfZUUUUYD5b9srR5NpX5o.jpg</thumbnail>
<fanart>https://image.tmdb.org/t/p/original/lFSdYCpayTOXXAAbBB7tmEacslT.jpg</fanart>
</dir>

<dir>
<title>Mad Men</title>
<link>http://magnetic.website/Mad%20Titan/MADMEN%20TV%20SHOW.xml</link>
<thumbnail>https://image.tmdb.org/t/p/w600_and_h900_bestv2/6R3PCqGzyTh12Lafhop0U0MNJDz.jpg</thumbnail>
<fanart>https://image.tmdb.org/t/p/original/c8A5IYqIT1ez15sqA8wX5tCDTmF.jpg</fanart>
</dir>



<plugin>
<title>Are You Human?</title>
<link>http://dl8.heyserver.in/serial/Are.You.Human.Too/S01/720p/</link>
<thumbnail>https://image.tmdb.org/t/p/w600_and_h900_bestv2/oVjRu96T5T68hoVwqPd8QZQo5Sp.jpg</thumbnail>
<fanart>https://image.tmdb.org/t/p/original/wTJbMpP7VZyRyiH4mhfqGYWf8pQ.jpg</fanart>
</plugin>

<plugin>
<title>Mindhunter</title>
<link>http://dl8.heyserver.in/serial/Mindhunter/S01/1080p/</link>
<thumbnail>https://image.tmdb.org/t/p/w600_and_h900_bestv2/r7RIwuceOaDP4KTmU1EFeDniRq4.jpg</thumbnail>
<fanart>https://image.tmdb.org/t/p/original/63tvg7N3o1bodWb2Vjzo9jxbPWc.jpg</fanart>
</plugin>

<dir>
<title>Colony</title>
<link>http://magnetic.website/Mad%20Titan/COLONY%20TV%20SHOW.xml</link>
<thumbnail>https://image.tmdb.org/t/p/w600_and_h900_bestv2/qfS0mp22XfTig2EK3jWKiyx7kNy.jpg</thumbnail>
<fanart>https://image.tmdb.org/t/p/original/xfjItSUIahhEIRCOcMBbp5Q0alx.jpg</fanart>
</dir>

<dir> 
<title>American Vandal</title> 
<link>http://magnetic.website/Mad%20Titan/AMERICAN%20VANDAL.xml</link>
<thumbnail>https://image.tmdb.org/t/p/w600_and_h900_bestv2/z1vnHi6L2VqB620vT33sdChuIhX.jpg</thumbnail>
<fanart>https://image.tmdb.org/t/p/original/6jzl5vDJHDMAJVy5l1RPja469dk.jpg</fanart>
</dir>



<dir>
<title>Bad Blood</title>
<link>http://magnetic.website/Mad%20Titan/Bad%20Blood%20Tv%20show.xml</link>
<thumbnail>https://image.tmdb.org/t/p/w600_and_h900_bestv2/s6xvGycXq1ko132lkU7hpMTb3cT.jpg</thumbnail>
<fanart>https://image.tmdb.org/t/p/original/dODQan6kTkSPrGx8XLn3uTmHExo.jpg</fanart>
</dir>

<plugin>
<title>Fullmetal.Alchemist.BrotherHood</title>
<link>http://dl8.heyserver.in/serial/Fullmetal.Alchemist.BrotherHood/S01/720p/</link>
<thumbnail>https://orig00.deviantart.net/4859/f/2014/365/5/a/full_metal_alchemist_brotherhood_folder_icon____by_ryuuseib-d8byljt.png</thumbnail>
<fanart>https://image.tmdb.org/t/p/original/t0FFNCCL988hkjUQilWMIV7Ppi0.jpg</fanart>
</plugin>

<dir>
<title>A LEAGUE OF THEIR OWN- HOSTED BY JAMES CORDEN</title>
<link>http://magnetic.website/Mad%20Titan/A%20LEAGUE%20.xml</link>
<thumbnail>https://image.tmdb.org/t/p/w600_and_h900_bestv2/vtKSqHciYh7GEab6ekEsrqwggWI.jpg</thumbnail>
<fanart></fanart>
</dir>


