<item>
	<title>Spider-Man 2 (2004)</title>
<meta>
<content>movie</content>
<imdb>tt0316654</imdb>
<title>Spider-Man 2</title>
<year>2004</year>
</meta>
<link>
<sublink>https://uptostream.com/ag37lcm7ybht(720P)</sublink>
<sublink>https://uptobox.com/c6tfur040k69(1080P)</sublink>
<sublink>search</sublink>
<sublink>searchsd</sublink>
</link>
<thumbnail>https://image.tmdb.org/t/p/w1280/olxpyq9kJAZ2NU1siLshhhXEPR7.jpg</thumbnail>
<fanart>https://image.tmdb.org/t/p/w700_and_h392_bestv2/zRg8CglwGCqFGSClCZNRN4tJCO0.jpg</fanart>
</item>
<item>
	<title>Blade Trinity</title>
<meta>
<content>movie</content>
<imdb>tt0359013</imdb>
<title>Blade Trinity</title>
<year>2004</year>
</meta>
<link>
<sublink>https://uptostream.com/zqb2dza2qhby(720p)</sublink>
<sublink>search</sublink>
<sublink>searchsd</sublink>
</link>
<thumbnail>https://image.tmdb.org/t/p/w1280/4WinsdHQBdh5aTt7Bd7T7dbUXbb.jpg</thumbnail>
<fanart>https://image.tmdb.org/t/p/w1000_and_h563_face/cYYMPIL4IxrSeNxv9VnWf8bWqhm.jpg</fanart>
</item>
<item>
	<title>[COLOR=white]Hellboy[/COLOR]</title>
	<meta>
	<imdb>tt0167190</imdb>
	<content>movie</content>
	<title>Hellboy</title>
	<year>2004</year>
	</meta>
	<link>
	<sublink>https://uptostream.com/l44kowtqxevx(720p)</sublink>
	<sublink>https://uptostream.com/wxkrhaqvp0hd(1080p)</sublink>
	<sublink>search</sublink>
	<sublink>searchsd</sublink>
	</link>
	<thumbnail>https://image.tmdb.org/t/p/w1280/3fAWzI9MUosggdGMu7EaDhn44m6.jpg</thumbnail>
	<fanart>https://image.tmdb.org/t/p/w1280/13DIK3beAoroeJSdrcYm66s6hal.jpg</fanart>
</item>
<item>
	<title>The Incredibles (2004</title>
<meta>
<content>movie</content>
<imdb>tt0317705</imdb>
<title>The Incredibles</title>
<year>2004</year>
</meta>
<link>
<sublink>https://uptostream.com/o637tpczy0b2</sublink>
<sublink>https://uptostream.com/xpbtm8rdvj4b(720p)</sublink>
<sublink>https://uptostream.com/5flga9re9jbe(1080p)</sublink>
<sublink>search</sublink>
<sublink>searchsd</sublink>
</link>
<thumbnail>https://image.tmdb.org/t/p/w600_and_h900_bestv2/2LqaLgk4Z226KkgPJuiOQ58wvrm.jpg</thumbnail>
<fanart>https://image.tmdb.org/t/p/original/3lnKAEGRGQt3BUuxgdwto0RNIvJ.jpg</fanart>
</item>
<item>
	<title>The Lion King 1 1/2 (2004)</title>
<meta>
<content>movie</content>
<imdb>tt0318403</imdb>
<title>The Lion King 1 1/2</title>
<year>2004</year>
</meta>
<link>
<sublink>https://uptobox.com/b0t30yisj06v</sublink>
<sublink>search</sublink>
<sublink>searchsd</sublink>
</link>
<thumbnail>https://image.tmdb.org/t/p/w600_and_h900_bestv2/vDfaIoXTaQLUD5HVAv2hLIFKAcq.jpg</thumbnail>
<fanart>https://image.tmdb.org/t/p/original/pql1l2FPU5e4nPxoY2TbYaPwjLj.jpg</fanart>
</item>
<item>
	<title>Shrek 2 (2004)</title>
<meta>
<content>movie</content>
<imdb>tt0298148</imdb>
<title>Shrek 2</title>
<year>2004</year>
</meta>
<link>
<sublink>https://uptobox.com/280ge747ve9h</sublink>
<sublink>search</sublink>
<sublink>searchsd</sublink>
</link>
<thumbnail>https://image.tmdb.org/t/p/w600_and_h900_bestv2/akWDA0BMVYK4OTM92T5i91DYnsT.jpg</thumbnail>
<fanart>https://image.tmdb.org/t/p/original/oJRhl7MatF7SXuAwCgcWfWWLmqP.jpg</fanart>
</item>
<item>
	<title>[COLOR=white]Garfield[/COLOR]</title>
	<meta>
	<imdb>tt0356634</imdb>
	<content>movie</content>
	<title>Garfield</title>
	<year>2004</year>
	</meta>
	<link>
	<sublink>https://uptobox.com/mt1v4mz62kne(1080p)</sublink>
	<sublink>search</sublink>
	<sublink>searchsd</sublink>
	</link>
	<thumbnail>https://image.tmdb.org/t/p/w1280/v6xvth8PjDG350ARG9H2sF7N3SF.jpg</thumbnail>
	<fanart>https://image.tmdb.org/t/p/w1280/jyoUcqTM6i0YpkylIh873SbKBvV.jpg</fanart>
</item>
<item>
	<title>[COLOR=white]Taking Lives[/COLOR]</title>
	<meta>
	<imdb>tt0364045</imdb>
	<content>movie</content>
	<title>Taking Lives</title>
	<year>2004</year>
	</meta>
	<link>
	<sublink>https://uptostream.com/rbja3jdc45cg(720p)</sublink>
	<sublink>search</sublink>
	<sublink>searchsd</sublink>
	</link>
	<thumbnail>https://image.tmdb.org/t/p/w1280/2LE560KT69RLnxIU83wrTvClj8D.jpg</thumbnail>
	<fanart>https://image.tmdb.org/t/p/w1280/qcjTmSVyYqGMCVRH7FjXwMdan40.jpg</fanart>
</item>
<item>
	<title>I Robot (2004)</title>
<meta>
<content>movie</content>
<imdb>tt0343818</imdb>
<title>I Robot</title>
<year>2004</year>
</meta>
<link>
<sublink>https://uptostream.com/41it9lgwqhk9(720p)</sublink>
<sublink>https://uptostream.com/h3cxhoustvm4(1080p)</sublink>
<sublink>search</sublink>
<sublink>searchsd</sublink>
</link>
<thumbnail>https://image.tmdb.org/t/p/w1280/2mkFzf168xJrV6Leqq0bjqOlJCK.jpg</thumbnail>
<fanart>https://image.tmdb.org/t/p/w700_and_h392_bestv2/iddwM4ij8m5LgtCjRpfjVdRUT6F.jpg</fanart>
</item>
<item>
	<title>[COLOR=white]Malevolence[/COLOR]</title>
	<meta>
	<imdb>tt0388230</imdb>
	<content>movie</content>
	<title>Malevolence</title>
	<year>2004</year>
	</meta>
	<link>https://uptobox.com/hnsr7mpfsvt2</link>
	<thumbnail>https://image.tmdb.org/t/p/w1280/hEzxNcqGxO7ITYi7Oy8gZUoYdgL.jpg</thumbnail>
	<fanart>https://image.tmdb.org/t/p/w1280/1tSik1QvragjdJW9Pu0rm5gE8gL.jpg</fanart>
</item>
<item>
	<title>King Arthur (2004)</title>
<meta>
<content>movie</content>
<imdb>tt0349683</imdb>
<title>King Arthur</title>
<year>2004</year>
</meta>
<link>
<sublink>https://uptostream.com/e8d4amiuo34d</sublink>
<sublink>search</sublink>
<sublink>searchsd</sublink>
</link>
<thumbnail>https://image.tmdb.org/t/p/w1280/kKHayVkXaF3EZDx0ybkaWypJECJ.jpg</thumbnail>
<fanart>https://image.tmdb.org/t/p/w700_and_h392_bestv2/r0vSKooy7FjFQtMJ1fBF46Q05Nj.jpg</fanart>
</item>
<item>
	<title>[COLOR=white]Secret Window[/COLOR]</title>
	<meta>
	<imdb>tt0363988</imdb>
	<content>movie</content>
	<title>Secret Window</title>
	<year>2004</year>
	</meta>
	<link>
	<sublink>https://uptobox.com/3etu3so8qzz1(720p)</sublink>
	<sublink>search</sublink>
	<sublink>searchsd</sublink>
	</link>
	<thumbnail>https://image.tmdb.org/t/p/w1280/f5t7Df50xjniLlE80ty2dYsZBqI.jpg</thumbnail>
	<fanart>https://image.tmdb.org/t/p/w1280/ojsY0XyCSsJvm0n7YTwumQcvBqT.jpg</fanart>
</item>
<item>
	<title>[COLOR=white]Cellular[/COLOR]</title>
	<meta>
	<imdb>tt0337921</imdb>
	<content>movie</content>
	<title>Cellular</title>
	<year>2004</year>
	</meta>
	<link>
	<sublink>https://uptobox.com/iigrv49400ul(720p)</sublink>
	<sublink>search</sublink>
	<sublink>searchsd</sublink>
	</link>
	<thumbnail>https://image.tmdb.org/t/p/w1280/wguhhHAHoh2ECwjf5oHRH0P9ial.jpg</thumbnail>
	<fanart>https://image.tmdb.org/t/p/w1280/xRr4nXdNPjP8sXlNdUH7ckfrqMB.jpg</fanart>
</item>
<item>
	<title>[COLOR=white]Riding the Bullet[/COLOR]</title>
	<meta>
	<imdb>tt0355954</imdb>
	<content>movie</content>
	<title>Riding the Bullet</title>
	<year>2004</year>
	</meta>
	<link>
	<sublink>https://uptobox.com/m2okhq2c71o8(720P)</sublink>
	<sublink>search</sublink>
	<sublink>searchsd</sublink>
	</link>
	<thumbnail>https://image.tmdb.org/t/p/w1280/vxhChgkTijDhDbUi0yR1BF7kyWz.jpg</thumbnail>
	<fanart>https://image.tmdb.org/t/p/w1280/4LQcthUFunuet9VP7jJRRstGjrz.jpg</fanart>
</item>
<item>
	<title>50 First Dates (2004)</title>
<meta>
<content>movie</content>
<imdb>tt0343660</imdb>
<title>50 First Dates</title>
<year>2004</year>
</meta>
<link>
<sublink>https://uptobox.com/54nifkma16ng</sublink>
<sublink>search</sublink>
<sublink>searchsd</sublink>
</link>
<thumbnail>https://image.tmdb.org/t/p/w600_and_h900_bestv2/vKKdsaq3OomDvFdpPpWVg0L6gB9.jpg</thumbnail>
<fanart>https://image.tmdb.org/t/p/original/ny2EnW3hj8lao4luKj7qD2pB8jk.jpg</fanart>
</item>
<item>
	<title>[COLOR=white]Along Came Polly[/COLOR]</title>
	<meta>
	<imdb>tt0343135</imdb>
	<content>movie</content>
	<title>Along Came Polly</title>
	<year>2004</year>
	</meta>
	<link>
	<sublink>https://uptobox.com/b6nud7vkcq90(720p)</sublink>
	<sublink>search</sublink>
	<sublink>searchsd</sublink>
	</link>
	<thumbnail>https://image.tmdb.org/t/p/w1280/ieTSn8YTsHoPK8GNf2J9eIkP5wo.jpg</thumbnail>
	<fanart>https://image.tmdb.org/t/p/w1280/rRyvFnKBlO2sDCbYugtAByn7ywL.jpg</fanart>
</item>
<item>
	<title>[COLOR=white]White Chicks[/COLOR]</title>
	<meta>
	<imdb>tt0381707</imdb>
	<content>movie</content>
	<title>White Chicks</title>
	<year>2004</year>
	</meta>
	<link>
	<sublink>https://uptobox.com/b7hlmh29hatw(720p)</sublink>
	<sublink>https://uptobox.com/abk26wsvz1b2(1080p)</sublink>
	<sublink>search</sublink>
	<sublink>searchsd</sublink>
	</link>
	<thumbnail>https://image.tmdb.org/t/p/w1280/hT4PEPFW3dQG7N5LZe5b2qYHCU0.jpg</thumbnail>
	<fanart>https://image.tmdb.org/t/p/w1280/PBVS0bdj3ryEWSPMzUZXgeBOJv.jpg</fanart>
</item>

<item>
	<title>The Bourne Supremacy (2004)</title>
<meta>
<content>movie</content>
<imdb>tt0372183</imdb>
<title>The Bourne Supremacy</title>
<year>2004</year>
</meta>
<link>
<sublink>https://uptostream.com/ipzmjzgikwhw(720p)</sublink>
<sublink>https://uptostream.com/vil8qbwlkjrz(1080p)</sublink>
<sublink>search</sublink>
<sublink>searchsd</sublink>
</link>
<thumbnail>https://image.tmdb.org/t/p/w1280/jXwZgmqOtsqsXuB9oGhocOAegCM.jpg</thumbnail>
<fanart>https://image.tmdb.org/t/p/original/hfih7VmwTgFYSg4a1ZVYojNDltv.jpg</fanart>
</item>


<item>
	<title>[COLOR=white]Troy[/COLOR]</title>
	<meta>
	<imdb>tt0332452</imdb>
	<content>movie</content>
	<title>Troy</title>
	<year>2004</year>
	</meta>
	<link>
	<sublink>https://uptobox.com/bz0veeppceuy(720P)</sublink>
	<sublink>search</sublink>
	<sublink>searchsd</sublink>
	</link>
	<thumbnail>https://image.tmdb.org/t/p/w1280/edMlij7nw2NMla32xskDnzMCFBM.jpg</thumbnail>
	<fanart>https://image.tmdb.org/t/p/w1280/lIyNUZbIeEwWpaWXAO5gnciB8Dq.jpg</fanart>
</item>
<item>
	<title>[COLOR=white]DodgeBall: A True Underdog Story[/COLOR]</title>
<meta>
<imdb>tt0364725</imdb>
<content>movie</content>
<title>DodgeBall: A True Underdog Story</title>
<year>2004</year>
</meta>
<sublink>https://uptobox.com/ugxhd6xnykar(720p)</sublink>
<sublink>https://uptobox.com/miqhgffu8910(1080p)</sublink>
<thumbnail>https://image.tmdb.org/t/p/w1280/yEOVrTOvVFtd0hsw2Sjfm2t6aVn.jpg</thumbnail>
<fanart>https://image.tmdb.org/t/p/w1280/yM4k71Y6bEuVl7EX46OJ2fvyFHV.jpg</fanart>
</item>
