<item>
	<title>Transformers: Revenge of the Fallen (2009)</title>
<meta>
<content></content>
<imdb>tt1055369</imdb>
<title>Transformers: Revenge of the Fallen</title>
<year>2009</year>
</meta>
<link>
<sublink>https://uptostream.com/18sfyxr2o527(720p)</sublink>
<sublink>https://uptostream.com/tpuqihx6fxjs(1080p)</sublink>
<sublink>search</sublink>
<sublink>searchsd</sublink>
</link>
<thumbnail>https://image.tmdb.org/t/p/w1280/kVISXAXDYhjQCfu50QZeCCzzbPv.jpg</thumbnail>
<fanart>https://image.tmdb.org/t/p/original/5IEsm88eFxGrFBMj9bF3EmwB5iu.jpg</fanart>
</item>
<item>
	<title>[COLOR=white]Watchmen[/COLOR]</title>
	<meta>
	<imdb>tt0409459</imdb>
	<content>movie</content>
	<title>Watchmen</title>
	<year>2009</year>
	</meta>
	<link>
	<sublink>https://uptobox.com/a0c3u7id6xdg(720p)</sublink>
	<sublink>https://uptobox.com/6f3m503mn6zr(1080p)</sublink>
	<sublink>search</sublink>
	<sublink>searchsd</sublink>
	</link>
	<thumbnail>https://image.tmdb.org/t/p/w1280/1QqwJBv5a6ddgzaT6cLytJioyrJ.jpg</thumbnail>
	<fanart>https://image.tmdb.org/t/p/w1280/ok6Ws65nDSLAIKkKgIjqyM5OGCc.jpg</fanart>
</item>
<item>
	<title>Monsters vs. Aliens (2009)</title>
<meta>
<content>movie</content>
<imdb>tt0892782</imdb>
<title>Monsters vs. Aliens</title>
<year>2009</year>
</meta>
<link>
<sublink>https://uptobox.com/z4uul5o4k3di(720p)</sublink>
<sublink>https://uptobox.com/0751613r2lnq(1080p)</sublink>
<sublink>search</sublink>
<sublink>searchsd</sublink>
</link>
<thumbnail>https://image.tmdb.org/t/p/w600_and_h900_bestv2/uNGGJQR82y7z9uTRaSj6UQUqxOl.jpg</thumbnail>
<fanart>https://image.tmdb.org/t/p/original/kuxddWKUJY589C1Hj5iCqVzSf7i.jpg</fanart>
</item>
<item>
	<title>Coraline (2009)</title>
<meta>
<content>movie</content>
<imdb>tt0327597</imdb>
<title>Coraline</title>
<year>2009</year>
</meta>
<link>
<sublink>https://uptobox.com/0defv4ua6i2t</sublink>
<sublink>search</sublink>
<sublink>searchsd</sublink>
</link>
<thumbnail>https://image.tmdb.org/t/p/w600_and_h900_bestv2/ybOmHUVVXcwBQErjw7tmeE97fpO.jpg</thumbnail>
<fanart>https://image.tmdb.org/t/p/original/tFcEZQLS0mbC4FH8lld9BH0lhaZ.jpg</fanart>
</item>
<item>
	<title>Fast and Furious (2009)</title>
<meta>
<content>movie</content>
<imdb>tt1013752</imdb>
<title>Fast and Furious</title>
<year>2009</year>
</meta>
<link>
<sublink>https://uptostream.com/t6ialo4cpdnq</sublink>
<sublink></sublink>
<sublink>search</sublink>
<sublink>searchsd</sublink>
</link>
<thumbnail>https://image.tmdb.org/t/p/w600_and_h900_bestv2/ft8IqAGFs3V7i87z0t0EVRUjK1p.jpg</thumbnail>
<fanart>https://image.tmdb.org/t/p/original/7JfbwZCqe7OvuNTsF2c0ZByNgex.jpg</fanart>
</item>
<item>
	<title>The Final Destination-2009</title>
<meta>
<content>movie</content>
<imdb>tt1144884</imdb>
<title>The Final Destination</title>
<year>2009</year>
</meta>
<link>
<sublink>https://uptostream.com/d4y4jjt4enjw(720p)</sublink>
<sublink>search</sublink>
<sublink>searchsd</sublink>
</link>
<thumbnail>https://image.tmdb.org/t/p/w1280/5vxXrr1MqGsT4NNeRITpfDnl4Rq.jpg</thumbnail>
<fanart>https://image.tmdb.org/t/p/w1000_and_h563_face/b0WmZ6DZt25OxfutT7bFwSOJqaw.jpg</fanart>
</item>
<item>
	<title>[COLOR=white]The Unborn[/COLOR]</title>
	<meta>
	<imdb>tt1139668</imdb>
	<content>movie</content>
	<title>The Unborn</title>
	<year>2009</year>
	</meta>
	<link>
	<sublink>https://uptostream.com/pavw2v6d2jyn(720p)</sublink>
	<sublink>search</sublink>
	<sublink>searchsd</sublink>
	</link>
	<thumbnail>https://image.tmdb.org/t/p/w1280/dxjxszWxiaYKd5kKoTUpY6jQMzO.jpg</thumbnail>
	<fanart>https://image.tmdb.org/t/p/w1280/6tiWjJPSwBIiQiosOQ0oqJe8UHB.jpg</fanart>
</item>
<item>
	<title>[COLOR=white]Jennifer's Body[/COLOR]</title>
	<meta>
	<imdb>tt1131734</imdb>
	<content>movie</content>
	<title>Jennifer's Body</title>
	<year>2009</year>
	</meta>
	<link>
	<sublink>https://uptostream.com/rawvfmq37maw(720p)</sublink>
	<sublink>https://uptostream.com/cuzeiphpcbhk(1080p)</sublink>
	<sublink>search</sublink>
	<sublink>searchsd</sublink>
	</link>
	<thumbnail>https://image.tmdb.org/t/p/w1280/tdNlGoHmz77XQlBB21tL8qtxFHq.jpg</thumbnail>
	<fanart>https://image.tmdb.org/t/p/w1280/aTmh5w201d86lt3juFk8tbK297Y.jpg</fanart>
</item>
<item>
	<title>[COLOR=white]Orphan[/COLOR]</title>
	<meta>
	<imdb>tt1148204</imdb>
	<content>movie</content>
	<title>Orphan</title>
	<year>2009</year>
	</meta>
	<link>
	<sublink>https://uptostream.com/3kjoof0eihu6(720p)</sublink>
	<sublink>search</sublink>
	<sublink>searchsd</sublink>
	</link>
	<thumbnail>https://image.tmdb.org/t/p/w1280/lCGpOgoTOGLtZnBiGY9HRg5Xnjd.jpg</thumbnail>
	<fanart>https://image.tmdb.org/t/p/w1280/rffIJQUkcqwMq0yacxa9crJzGqW.jpg</fanart>
</item>
<item>
	<title>[COLOR=white]Drag Me to Hell[/COLOR]</title>
	<meta>
	<imdb>tt1127180</imdb>
	<content>movie</content>
	<title>Drag Me to Hell</title>
	<year>2009</year>
	</meta>
	<link>
	<sublink>https://uptostream.com/haml8v3o9gh0(720p)</sublink>
	<sublink>https://uptostream.com/u8utrp7gc15j(1080p)</sublink>
	<sublink>search</sublink>
	<sublink>searchsd</sublink>
	</link>
	<thumbnail>https://image.tmdb.org/t/p/w1280/4trULrbj4AoPLKSiIoQUTm2tPAG.jpg</thumbnail>
	<fanart>https://image.tmdb.org/t/p/w1280/70wyqj6WnOSVWKnW2vxylFGz7c9.jpg</fanart>
</item>
<item>
	<title>[COLOR=white]Armored[/COLOR]</title>
	<meta>
	<imdb>tt0913354</imdb>
	<content>movie</content>
	<title>Armored</title>
	<year>2009</year>
	</meta>
	<link>
	<sublink>https://uptobox.com/dvssuxyqvtpj(720p)</sublink>
	<sublink>search</sublink>
	<sublink>searchsd</sublink>
	</link>
	<thumbnail>https://image.tmdb.org/t/p/w1280/zdj2p7apgVCqWoaIldzYsdLHZ1J.jpg</thumbnail>
	<fanart>https://image.tmdb.org/t/p/w1280/a4cvwQ73OtAUWYsIMSQ0iUHDGED.jpg</fanart>
</item>
<item>
	<title>[COLOR=white]Surrogates[/COLOR]</title>
	<meta>
	<imdb>tt0986263</imdb>
	<content>movie</content>
	<title>Surrogates</title>
	<year>2009</year>
	</meta>
	<link>
	<sublink>https://uptobox.com/gi57mtj4clms(720p)</sublink>
	<sublink>search</sublink>
	<sublink>searchsd</sublink>
	</link>
	<thumbnail>https://image.tmdb.org/t/p/w1280/pHAnrezPCpWzNYYceLivTMcQ4jM.jpg</thumbnail>
	<fanart>https://image.tmdb.org/t/p/w1280/lQ872mmHvHXip5sC1t0cvCSP8IO.jpg</fanart>
</item>
<item>
	<title>[COLOR=white]Terminator Salvation[/COLOR]</title>
	<meta>
	<imdb>tt0438488</imdb>
	<content>movie</content>
	<title>Terminator Salvation</title>
	<year>2009</year>
	</meta>
	<link>
	<sublink>https://uptostream.com/uh8g3fzu4uhp(720p)</sublink>
	<sublink>https://uptostream.com/17h4qpqmhgar(1080p)</sublink>
	<sublink>search</sublink>
	<sublink>searchsd</sublink>
	</link>
	<thumbnail>https://image.tmdb.org/t/p/w1280/gw6JhlekZgtKUFlDTezq3j5JEPK.jpg</thumbnail>
	<fanart>https://image.tmdb.org/t/p/w1280/tBCOpjphzSLzC6oOjqzTEg6bJ7q.jpg</fanart>
</item>
<item>
	<title>Law Abiding Citizen (2009)</title>
<meta>
<content>movie</content>
<imdb>tt1197624</imdb>
<title>Law Abiding Citizen</title>
<year>2009</year>
</meta>
<link>
<sublink>https://uptostream.com/nockeh7pwy9s</sublink>
<sublink>search</sublink>
<sublink>searchsd</sublink>
</link>
<thumbnail>https://image.tmdb.org/t/p/w1280/iIOUNr2KPI9atWa8M1hpzVUNWie.jpg</thumbnail>
<fanart>https://image.tmdb.org/t/p/w700_and_h392_bestv2/hwW0mIOrMGzMeqGJgCfpjutpWpx.jpg</fanart>
</item>
<item>
	<title>Sherlock Holmes</title>
<meta>
<content>movie</content>
<imdb>tt0988045</imdb>
<title>Sherlock Holmes</title>
<year>2009</year>
</meta>
<link>
<sublink>https://uptobox.com/e0yycs85h0iq</sublink>
<sublink>https://uptobox.com/1ti42vprnwah</sublink>    
<sublink>search</sublink>
<sublink>searchsd</sublink>
</link>
<thumbnail>https://image.tmdb.org/t/p/original/ezAkXkuTYiWPjYhy3y7DtBE0j5s.jpg</thumbnail>
<fanart>https://image.tmdb.org/t/p/original/nkrlNiPOAkxLiItvZ7JWfkQ89NH.jpg</fanart>
</item>
<item>
	<title>Avatar (2009)</title>
<meta>
<content>movie</content>
<imdb>tt0499549</imdb>
<title>Avatar</title>
<year>2009</year>
</meta>
<link>
<sublink>https://uptostream.com/kkogim447ddy</sublink>
<sublink>search</sublink>
<sublink>searchsd</sublink>
</link>
<thumbnail>https://image.tmdb.org/t/p/w600_and_h900_bestv2/kmcqlZGaSh20zpTbuoF0Cdn07dT.jpg</thumbnail>
<fanart>https://image.tmdb.org/t/p/original/3WDq0aFbbUmTVTkw9kEHy1KPY8l.jpg</fanart>
</item>
<item>
	<title>Crank: High Voltage (2009)</title>
<meta>
<content></content>
<imdb>tt1121931</imdb>
<title>Crank: High Voltage</title>
<year>2009</year>
</meta>
<link>
<sublink>https://uptobox.com/s5irbog75jhl</sublink>
<sublink>search</sublink>
<sublink>searchsd</sublink>
</link>
<thumbnail>https://image.tmdb.org/t/p/w600_and_h900_bestv2/6WLcJkIwyycyUDDfZ5VWU1TcLwF.jpg</thumbnail>
<fanart>https://image.tmdb.org/t/p/original/ahGe4eKlgIcTOde0CIqubU384qO.jpg</fanart>
</item>
<item>
	<title>[COLOR=white]The International[/COLOR]</title>
	<meta>
	<imdb>tt0963178</imdb>
	<content>movie</content>
	<title>The International</title>
	<year>2009</year>
	</meta>
	<link>
	<sublink>https://uptobox.com/hq96v4uv2whg(720p)</sublink>
	<sublink>search</sublink>
	<sublink>searchsd</sublink>
	</link>
	<thumbnail>https://image.tmdb.org/t/p/w1280/xwH65cbBMAoZ01kcRpQw2dCRsw0.jpg</thumbnail>
	<fanart>https://image.tmdb.org/t/p/w1280/maBp3qhubFvMYI8cHHx7LUkdgYO.jpg</fanart>
</item>
<item>
	<title>The Taking of Pelham 123-2009</title>
<meta>
<content>movie</content>
<imdb>tt1111422</imdb>
<title>The Taking of Pelham 123</title>
<year>2009</year>
</meta>
<link>
<sublink>https://uptostream.com/8clut2kfamcc(720p)</sublink>
<sublink>search</sublink>
<sublink>searchsd</sublink>
</link>
<thumbnail>https://image.tmdb.org/t/p/w1280/rqbG1uRKSNDLnDx1Jl7LBc4AtSy.jpg</thumbnail>
<fanart>https://image.tmdb.org/t/p/w1000_and_h563_face/hPkc4x2iOPpfbxn1OWgjTlWP5Ti.jpg</fanart>
</item>
<item>
	<title>[COLOR=white]Public Enemies[/COLOR]</title>
	<meta>
	<imdb>tt1152836</imdb>
	<content>movie</content>
	<title>Public Enemies</title>
	<year>2009</year>
	</meta>
	<link>
    <sublink>https://uptobox.com/sqprkjd4rcik(720P)</sublink>
	<sublink>https://uptobox.com/o7exkvatlod4(1080P)</sublink>
	<sublink>search</sublink>
	<sublink>searchsd</sublink>
	</link>
	<thumbnail>https://image.tmdb.org/t/p/w1280/qisfF7ENdmGI8fpQJoCxIIU1QhH.jpg</thumbnail>
	<fanart>https://image.tmdb.org/t/p/w1280/1egC8NH3RLbebr3XPjdYVXGugpD.jpg</fanart>
</item>
<item>
	<title>[COLOR=white]Push[/COLOR]</title>
	<meta>
	<imdb>tt0465580</imdb>
	<content>movie</content>
	<title>Push</title>
	<year>2009</year>
	</meta>
	<link>
	<sublink>https://uptobox.com/ch1zcp9l3iig(720p)</sublink>
	<sublink>https://uptobox.com/97vlskeyebe2(1080p)</sublink>
	<sublink>search</sublink>
	<sublink>searchsd</sublink>
	</link>
	<thumbnail>https://image.tmdb.org/t/p/w1280/qN73wDiyplutRKOHiXaLYFgPhwK.jpg</thumbnail>
	<fanart>https://image.tmdb.org/t/p/w1280/cta0YLPKH1Xb9EHmZAWFmLVQHeS.jpg</fanart>
</item>
<item>
	<title>Knowing-2009</title>
<meta>
<content>movie</content>
<imdb>tt0448011</imdb>
<title>Knowing</title>
<year>2009</year>
</meta>
<link>
<sublink>https://uptostream.com/m2ipdzsqbsui(720p)</sublink>
<sublink>search</sublink>
<sublink>searchsd</sublink>
</link>
<thumbnail>https://image.tmdb.org/t/p/w1280/5XnNteYoOQ727JoZqyVcENT28Dv.jpg</thumbnail>
<fanart>https://image.tmdb.org/t/p/w1000_and_h563_face/p6WG7DkWT7VmUwgQuEZyPpKXWyX.jpg</fanart>
</item>
<item>
	<title>The Secret in Their Eyes</title>
<meta>
<content>movie</content>
<imdb>tt1305806</imdb>
<title>The Secret in Their Eyes</title>
<year>2009</year>
</meta>
<link>
<sublink>https://uptostream.com/8lcw5lseh7gq(720p)</sublink>
<sublink>https://uptostream.com/ubnd4amviffp(1080p)</sublink>
<sublink>search</sublink>
<sublink>searchsd</sublink>
</link>
<thumbnail>https://image.tmdb.org/t/p/w1280/jHaJkzzmxjwXnvNHBFqXd8l4UE4.jpg</thumbnail>
<fanart>https://image.tmdb.org/t/p/w1000_and_h563_face/iGHKMKGqg4d4FtyPCBNasZ729F9.jpg</fanart>
</item>
<item>
	<title>The Proposal (2009)</title>
<meta>
<content></content>
<imdb>tt1041829</imdb>
<title>The Proposal</title>
<year>2009</year>
</meta>
<link>
<sublink>https://uptostream.com/8u4mthpk041q</sublink>
<sublink>search</sublink>
<sublink>searchsd</sublink>
</link>
<thumbnail>https://image.tmdb.org/t/p/w1280/xippClkb4VCE15uva13SAGf8Vsd.jpg</thumbnail>
<fanart>https://image.tmdb.org/t/p/original/mz7iHuga24EzTnUjW0Ut2qmDAHE.jpg</fanart>
</item>
<item>
	<title>[COLOR=white]The Hangover[/COLOR]</title>
	<meta>
	<imdb>tt1119646</imdb>
	<content>movie</content>
	<title>The Hangover</title>
	<year>2009</year>
	</meta>
	<link>
	<sublink>https://uptobox.com/uepbvom8o9x1(720P)</sublink>
	<sublink>https://uptobox.com/qbmw78q2gila(1080p)</sublink>
	<sublink>search</sublink>
	<sublink>searchsd</sublink>
	</link>
	<thumbnail>https://image.tmdb.org/t/p/w1280/eshEkiG7NmU4ekA8CtpIdYiYufZ.jpg</thumbnail>
	<fanart>https://image.tmdb.org/t/p/w1280/xxKd56iFbMeRQARUosTGgxKxrnF.jpg</fanart>
</item>
<item>
	<title>Brothers (2009)</title>
<meta>
<content>movie</content>
<imdb>tt0765010</imdb>
<title>Brothers</title>
<year>2009</year>
</meta>
<link>
<sublink>https://uptostream.com/hl2qhgn1akdq</sublink>
<sublink>search</sublink>
<sublink>searchsd</sublink>
</link>
<thumbnail>https://image.tmdb.org/t/p/w1280/8adsBmZ0tdX5xPVtYaS9WdzDSpv.jpg</thumbnail>
<fanart>https://image.tmdb.org/t/p/w700_and_h392_bestv2/qW51vkYOB6aTNSa3OUeFTB5bTwh.jpg</fanart>
</item>
<item>
	<title>The Blind Side (2009)</title>
<meta>
<content>movie</content>
<imdb>tt0878804</imdb>
<title>The Blind Side</title>
<year>2009</year>
</meta>
<link>
<sublink>https://uptostream.com/ovbhzxfoqcrh(720p)</sublink>
<sublink>https://uptostream.com/hqbjx8msukia(1080p)</sublink>
<sublink>search</sublink>
<sublink>searchsd</sublink>
</link>
<thumbnail>https://image.tmdb.org/t/p/w600_and_h900_bestv2/wEGFSgPebLk6g1ngKsJ6a46PYLV.jpg</thumbnail>
<fanart>https://image.tmdb.org/t/p/original/76ScYkHYMXXTLtewyJ15nmXY8iO.jpg</fanart>
</item>
<item>
	<title>Hurricane Season (2009)</title>
<meta>
<content>movie</content>
<imdb></imdb>
<title>Hurricane Season </title>
<year>2009</year>
</meta>
<link>
<sublink>https://uptostream.com/59a4li7i9dcz</sublink>
<sublink></sublink>
<sublink>search</sublink>
<sublink>searchsd</sublink>
</link>
<thumbnail>https://image.tmdb.org/t/p/w1280/tfOQjBkFkkYKbzZtmvIgOX4PJyz.jpg</thumbnail>
<fanart>https://image.tmdb.org/t/p/original/f6b6CviZXrZYLF3bHQFuld9RKtS.jpg</fanart>
</item>
