<item>
	<title>Captain America: The Winter Soldier (2014)</title>
<meta>
<content>movie</content>
<imdb>tt1843866</imdb>
<title>Captain America: The Winter Soldier</title>
<year>2014</year>
</meta>
<link>
<sublink>https://uptostream.com/ebsynfhasd68(720p)</sublink>
<sublink>https://uptostream.com/awo093atzb86(1080p)</sublink>
<sublink>https://streamango.com/embed/mtqkrknpmaeanbna/</sublink>
<sublink>search</sublink>
<sublink>searchsd</sublink>
</link>
<thumbnail>https://image.tmdb.org/t/p/w600_and_h900_bestv2/5TQ6YDmymBpnF005OyoB7ohZps9.jpg</thumbnail>
<fanart>https://image.tmdb.org/t/p/original/nYba0ZCVkCpj4ghGLPfrUeBCOR0.jpg</fanart>
</item>
<item>
	<title>Guardians of the Galaxy</title>
<meta>
<content>movie</content>
<imdb>tt2015381</imdb>
<title>Guardians of the Galaxy</title>
<year>2014</year>
</meta>
<link>
<sublink>https://uptostream.com/5ezhz9zz12qv(720p)</sublink>
<sublink>https://uptostream.com/27laavzdbiap(1080p)</sublink>
<sublink>search</sublink>
<sublink>searchsd</sublink>
</link>
<thumbnail>https://image.tmdb.org/t/p/w1280/y31QB9kn3XSudA15tV7UWQ9XLuW.jpg</thumbnail>
<fanart>https://image.tmdb.org/t/p/w1000_and_h563_face/2JzS4KtX0bbjdhO1ycuCAwwla91.jpg</fanart>
</item>
<item>
	<title>Transformers: Age of Extinction (2014)</title>
<meta>
<content></content>
<imdb>tt2109248</imdb>
<title>Transformers: Age of Extinction</title>
<year>2014</year>
</meta>
<link>
<sublink>https://uptostream.com/65l6gx4ug92u(720p)</sublink>
<sublink>https://uptostream.com/9limla6fgq47(1080p)</sublink>
<sublink>search</sublink>
<sublink>searchsd</sublink>
</link>
<thumbnail>https://image.tmdb.org/t/p/w1280/ykIZB9dYBIKV13k5igGFncT5th6.jpg</thumbnail>
<fanart>https://image.tmdb.org/t/p/original/kNiDGskrdhXVYPTbvNZoow5tSG2.jpg</fanart>
</item>
<item>
	<title>Teenage Mutant Ninja Turtles (2014)</title>
<meta>
<content>movie</content>
<imdb>tt1291150</imdb>
<title>Teenage Mutant Ninja Turtles</title>
<year>2014</year>
</meta>
<link>
<sublink>https://uptobox.com/9vzg3eskly1x</sublink>
<sublink>search</sublink>
<sublink>searchsd</sublink>
</link>
<thumbnail>https://image.tmdb.org/t/p/w600_and_h900_bestv2/oDL2ryJ0sV2bmjgshVgJb3qzvwp.jpg</thumbnail>
<fanart>https://image.tmdb.org/t/p/original/8MZgyeegWcaeYBWaFRQNXGkyh6y.jpg</fanart>
</item>
<item>
	<title>Big Hero 6 (2014)</title>
<meta>
<content>movie</content>
<imdb>tt2245084</imdb>
<title>Big Hero 6</title>
<year>2014</year>
</meta>
<link>
<sublink>https://uptobox.com/orixpjohs3tr</sublink>
<sublink>search</sublink>
<sublink>searchsd</sublink>
</link>
<thumbnail>https://image.tmdb.org/t/p/w600_and_h900_bestv2/9gLu47Zw5ertuFTZaxXOvNfy78T.jpg</thumbnail>
<fanart>https://image.tmdb.org/t/p/original/5kI0YYAYEUP7XOSjsZj25ktMkf5.jpg</fanart>
</item>
<item>
	<title>Rio 2 (2014)</title>
<meta>
<content>movie</content>
<imdb>tt2357291</imdb>
<title>Rio 2</title>
<year>2014</year>
</meta>
<link>
<sublink>https://uptobox.com/83pil2ieibpd</sublink>
<sublink>search</sublink>
<sublink>searchsd</sublink>
</link>
<thumbnail>https://image.tmdb.org/t/p/w600_and_h900_bestv2/jZcF7xZVvrX2A4qNOqeHpmtbdBT.jpg</thumbnail>
<fanart>https://image.tmdb.org/t/p/original/bRQPOVpvBmvep9WYnGcKguxjlg2.jpg</fanart>
</item>
<item>
	<title>[COLOR=white]Maleficent[/COLOR]</title>
	<meta>
	<imdb>tt1587310</imdb>
	<content>movie</content>
	<title>Maleficent</title>
	<year>2014</year>
	</meta>
	<link>
	<sublink>https://uptobox.com/dozht7xpb1kg(1080p)</sublink>
	<sublink>search</sublink>
	<sublink>searchsd</sublink>
	</link>
	<thumbnail>https://image.tmdb.org/t/p/w1280/4FYu1AAu14tuBU0lns0hbKiHUcH.jpg</thumbnail>
	<fanart>https://image.tmdb.org/t/p/w1280/tO4xw0P4mdia3EcS6pHkox3cOIy.jpg</fanart>
</item>
<item>
	<title>Edge of Tomorrow (2014)</title>
<meta>
<content>movie</content>
<imdb>tt1631867</imdb>
<title>Edge of Tomorrow</title>
<year>2014</year>
</meta>
<link>
<sublink>https://uptobox.com/6i4lvs45yoiv</sublink>
<sublink>search</sublink>
<sublink>searchsd</sublink>
</link>
<thumbnail>https://image.tmdb.org/t/p/w600_and_h900_bestv2/tpoVEYvm6qcXueZrQYJNRLXL88s.jpg</thumbnail>
<fanart>https://image.tmdb.org/t/p/original/9maldNxAaXzBVgid64uWH8rwFuu.jpg</fanart>
</item>
<item>
	<title>Gone Girl-2014</title>
<meta>
<content>movie</content>
<imdb>tt2267998</imdb>
<title>Gone Girl</title>
<year>2014</year>
</meta>
<link>
<sublink>https://uptostream.com/6vyo13ypbjxc(720p)</sublink>
<sublink>https://uptostream.com/0dd9lq66ewgt(1080p)</sublink>
<sublink>search</sublink>
<sublink>searchsd</sublink>
</link>
<thumbnail>https://image.tmdb.org/t/p/w1280/gdiLTof3rbPDAmPaCf4g6op46bj.jpg</thumbnail>
<fanart>https://image.tmdb.org/t/p/w1000_and_h563_face/8ZNGBfGoN3uI5Akj5vEUDMxvmGO.jpg</fanart>
</item>
<item>
	<title>No Good Deed (2014)</title>
<meta>
<content>movie</content>
<imdb>tt2011159</imdb>
<title>No Good Deed</title>
<year>2014</year>
</meta>
<link>
<sublink>https://uptostream.com/o62iav507mxs</sublink>
<sublink>search</sublink>
<sublink>searchsd</sublink>
</link>
<thumbnail>https://image.tmdb.org/t/p/w1280/x42BcGsV7gbINP3EIBdykdOZDDY.jpg</thumbnail>
<fanart>https://image.tmdb.org/t/p/w700_and_h392_bestv2/nCq2ZYYB9jVPMVR8pmxtXGHpF9f.jpg</fanart>
</item>
<item>
	<title>Deliver Us from Evil-2014</title>
<meta>
<content>movie</content>
<imdb>tt2377322</imdb>
<title>Deliver Us from Evil</title>
<year>2014</year>
</meta>
<link>
<sublink>https://uptostream.com/ai4j0fubcx8c(720p)</sublink>
<sublink>https://uptostream.com/euws9i4fiwtc(1080p)</sublink>
<sublink>search</sublink>
<sublink>searchsd</sublink>
</link>
<thumbnail>https://image.tmdb.org/t/p/w1280/pSbzhIoJi4Zkk4062JYzjwye9TR.jpg</thumbnail>
<fanart>https://image.tmdb.org/t/p/w1000_and_h563_face/YSr3WzWCtJUyAGSJYg7a7inivr.jpg</fanart>
</item>
<item>
	<title>[COLOR=white]Poker Night[/COLOR]</title>
	<meta>
	<imdb>tt2548208</imdb>
	<content>movie</content>
	<title>Poker Night</title>
	<year>2014</year>
	</meta>
	<link>
	<sublink>https://uptobox.com/uix2n98mt9z0(720P)</sublink>
	<sublink>https://uptobox.com/s5kpo570vyw4(1080P)</sublink>
	<sublink>search</sublink>
	<sublink>searchsd</sublink>
	</link>
	<thumbnail>https://image.tmdb.org/t/p/w1280/oO1CJgHGq5TA6VnT26Kjt2UlFpy.jpg</thumbnail>
	<fanart>https://image.tmdb.org/t/p/w1280/jMF9VxLClFVyiEQse4NgsO6oyAK.jpg</fanart>
</item>
<item>
	<title>[COLOR=white]Out of the Dark[/COLOR]</title>
	<meta>
	<imdb>tt2872724</imdb>
	<content>movie</content>
	<title>Out of the Dark</title>
	<year>2014</year>
	</meta>
	<link>
	<sublink>https://uptobox.com/p798pw5e0b8s(720P)</sublink>
	<sublink>https://uptobox.com/c0aytfdr9z21(1080P)</sublink>
	<sublink>search</sublink>
	<sublink>searchsd</sublink>
	</link>
	<thumbnail>https://image.tmdb.org/t/p/w1280/rK7fXkWCzvAHKUM2yLivD9XVlWW.jpg</thumbnail>
	<fanart>https://image.tmdb.org/t/p/w1280/rOH1yxhrP5zhRDDX97JdqvntxMx.jpg</fanart>
</item>
<item>
	<title>[COLOR=white]The Pact II[/COLOR]</title>
	<meta>
	<imdb>tt2924442</imdb>
	<content>movie</content>
	<title>The Pact II</title>
	<year>2014</year>
	</meta>
	<link>
	<sublink>https://uptobox.com/r54utfwcoqvl(720P)</sublink>
	<sublink>search</sublink>
	<sublink>searchsd</sublink>
	</link>
	<thumbnail>https://image.tmdb.org/t/p/w1280/7wgdW7nMRyILnt5IAvizZjEZlsA.jpg</thumbnail>
	<fanart>https://image.tmdb.org/t/p/w1280/aD36EuebZloSGKG4RmVCCdCapNo.jpg</fanart>
</item>
<item>
	<title>[COLOR=white]Devil s Due[/COLOR]</title>
	<meta>
	<imdb>tt2752758</imdb>
	<content>movie</content>
	<title>Devil s Due</title>
	<year>2014</year>
	</meta>
	<link>
	<sublink>https://uptobox.com/4zmrtpyak9h3(720p)</sublink>
	<sublink>https://uptobox.com/qhdz9xtvasor(1080p)</sublink>
	<sublink>search</sublink>
	<sublink>searchsd</sublink>
	</link>
	<thumbnail>https://image.tmdb.org/t/p/w1280/u8u1q4eu4Yxt8n1NXuykzguDjj8.jpg</thumbnail>
	<fanart>https://image.tmdb.org/t/p/w1280/jioFIVXRayU9UDTy9q4zWD4JSz9.jpg</fanart>
</item>
<item>
	<title>John Wick (2014)</title>
<meta>
<content>movie</content>
<imdb>tt2911666</imdb>
<title>John Wick</title>
<year>2014</year>
</meta>
<link>
<sublink>https://uptobox.com/n3puttby6pq6</sublink>
<sublink>search</sublink>
<sublink>searchsd</sublink>
</link>
<thumbnail>https://image.tmdb.org/t/p/w600_and_h900_bestv2/5vHssUeVe25bMrof1HyaPyWgaP.jpg</thumbnail>
<fanart>https://image.tmdb.org/t/p/original/6WSI8kNSNT8bcerSmTpv3C9ncHG.jpg</fanart>
</item>
<item>
	<title>Hercules (2014)</title>
<meta>
<content>movie</content>
<imdb>tt1267297</imdb>
<title>Hercules</title>
<year>2014</year>
</meta>
<link>
<sublink>ttps://uptostream.com/cq212p2iufmc</sublink>
<sublink>search</sublink>
<sublink>searchsd</sublink>
</link>
<thumbnail>https://image.tmdb.org/t/p/w1280/wGAWxOnVjwXqvoiKX7Pf6XOWnPJ.jpg</thumbnail>
<fanart>https://image.tmdb.org/t/p/w700_and_h392_bestv2/9iYcQiwiezgZHO0HTerk7Z7GdUe.jpg</fanart>
</item>
<item>
	<title>The Equalizer (2014)</title>
<meta>
<content>movie</content>
<imdb>tt0455944</imdb>
<title>The Equalizer</title>
<year>2014</year>
</meta>
<link>
<sublink>https://uptostream.com/alga5iczlf6h(720p)</sublink>
<sublink>https://uptostream.com/ilxtes1dvwun(1080p)</sublink>
<sublink>search</sublink>
<sublink>searchsd</sublink>
</link>
<thumbnail>https://image.tmdb.org/t/p/w1280/2eQfjqlvPAxd9aLDs8DvsKLnfed.jpg</thumbnail>
<fanart>https://image.tmdb.org/t/p/original/rKESeEePWWu4rATQDJOktllaDDv.jpg</fanart>
</item>
<item>
	<title>Lucy</title>
  <meta>
    <imdb>tt2872732</imdb>
    <content>movie</content>
    <title>Lucy</title>
    <year>2014</year>
  </meta>
  <link>
    <sublink>https://uptostream.com/zwtgcgidfhij</sublink>
    <sublink></sublink>
    <sublink>search</sublink>
    <sublink>searchsd</sublink>
  </link>
  <thumbnail>https://fanart.tv/fanart/movies/240832/movieposter/lucy-53e51aceb373c.jpg</thumbnail>
  <fanart>https://fanart.tv/fanart/movies/240832/moviebackground/lucy-533ed8f3289ec.jpg</fanart>
</item>
<item>
	<title>Taken 3 (2014)</title>
<meta>
<content></content>
<imdb>tt2446042</imdb>
<title>Taken 3</title>
<year>2014</year>
</meta>
<link>
<sublink>https://uptobox.com/2obpj32gj6sp</sublink>
<sublink>search</sublink>
<sublink>searchsd</sublink>
</link>
<thumbnail>https://image.tmdb.org/t/p/w600_and_h900_bestv2/ikDwR3i2bczqnRf1urJTy77YTFf.jpg</thumbnail>
<fanart>https://image.tmdb.org/t/p/original/razvUuLkF7CX4XsLyj02ksC0ayy.jpg</fanart>
</item>
<item>
	<title>[COLOR=white]Non-Stop[/COLOR]</title>
	<meta>
	<imdb>tt2024469</imdb>
	<content>movie</content>
	<title>Non-Stop</title>
	<year>2014</year>
	</meta>
	<link>
	<sublink>https://uptobox.com/qgx7d6ahcfv7(720p)</sublink>
	<sublink>https://uptobox.com/uou7ow09dzlf(1080p)</sublink>
	<sublink>search</sublink>
	<sublink>searchsd</sublink>
	</link>
	<thumbnail>https://image.tmdb.org/t/p/w1280/ifgEHE1ortukpBF6wh03HCuctdr.jpg</thumbnail>
	<fanart>https://image.tmdb.org/t/p/w1280/9nvKnbKPX6JvCX7CrbIdkuRgADg.jpg</fanart>
</item>
<item>
	<title>About Last Night (2014)</title>
<meta>
<content></content>
<imdb>tt1826590</imdb>
<title>About Last Night</title>
<year>2014</year>
</meta>
<link>
<sublink>https://uptostream.com/8u4mthpk041q</sublink>
<sublink>search</sublink>
<sublink>searchsd</sublink>
</link>
<thumbnail>https://image.tmdb.org/t/p/w1280/scGmWVpSt0Yaanwuxe1IvA5lZRG.jpg</thumbnail>
<fanart>https://image.tmdb.org/t/p/original/5rlJN2cnPfAG7AMTsWOd4tiiWBY.jpg</fanart>
</item>
<item>
	<title>[COLOR=white]Dear White People[/COLOR]</title>
	<meta>
	<imdb>tt2235108</imdb>
	<content>movie</content>
	<title>Dear White People</title>
	<year>2014</year>
	</meta>
	<link>
	<sublink>https://uptobox.com/ia8n9acnsbq2(720P)</sublink>
	<sublink>https://uptobox.com/350vzkr1qeut(1080P)</sublink>
	<sublink>search</sublink>
	<sublink>searchsd</sublink>
	</link>
	<thumbnail>https://image.tmdb.org/t/p/w1280/yxQYvWjh4wjwjrr6hhNpruVCFDG.jpg</thumbnail>
	<fanart>https://image.tmdb.org/t/p/w1280/oCOsWGmgyl1tKb7DhYgWzJrJ0pI.jpg</fanart>
</item>
<item>
	<title>A Merry Friggin' Christmas (2014)</title>
<meta>
<content>movie</content>
<imdb>tt0910885</imdb>
<title>Merry Friggin Christmas</title>
<year>2014</year>
</meta>
<link>
<sublink>https://uptostream.com/qougoniighl5</sublink>
<sublink>search</sublink>
<sublink>searchsd</sublink>
</link>
<thumbnail>https://image.tmdb.org/t/p/w1280/kAhQkl3XMgzdphC4Xs63imokkTy.jpg</thumbnail>
<fanart>https://image.tmdb.org/t/p/original/f8o3KmhmIKEBdBiyKe04buvN9zd.jpg</fanart>
</item>
<item>
	<title>The Other Woman (2014)</title>
<meta>
<content>movie</content>
<imdb>tt2203939</imdb>
<title>The Other Woman</title>
<year>2014</year>
</meta>
<link>
<link>https://uptostream.com/d7ibeb1raplw</link>
<sublink></sublink>
<sublink>search</sublink>
<sublink>searchsd</sublink>
</link>
<thumbnail>https://image.tmdb.org/t/p/w1280/f0kR8BHHdveJJnZSSJFQWDnKbxp.jpg</thumbnail>
<fanart>https://image.tmdb.org/t/p/original/8Ibec1cMs3hM5Q8wy9408zFywQz.jpg</fanart>
</item>
<item>
	<title>Think Like A Man Too (2014)</title>
<meta>
<content>movie</content>
<imdb>tt2239832</imdb>
<title>Think Like A Man Too</title>
<year>2014</year>
</meta>
<link>
<sublink>https://uptostream.com/aj2bqako6kit</sublink>
<sublink></sublink>
<sublink>search</sublink>
<sublink>searchsd</sublink>
</link>
<thumbnail>https://image.tmdb.org/t/p/w1280/xOTTC0HF25aYRteqYZJ4Xhh8uOF.jpg</thumbnail>
<fanart>https://image.tmdb.org/t/p/original/jQFIxYFbgpyUfNXmpYhp6Q1p4X5.jpg</fanart>
</item>
<item>
	<title>When the Game Stands Tall (2014)</title>
<meta>
<content></content>
<imdb>tt2247476</imdb>
<title>When the Game Stands Tall</title>
<year>2014</year>
</meta>
<link>
<sublink>https://uptostream.com/v8mjg7bt5bll(720p)</sublink>
<sublink>https://uptostream.com/djkujewnxu0e(1080p)</sublink>
<sublink>search</sublink>
<sublink>searchsd</sublink>
</link>
<thumbnail>https://image.tmdb.org/t/p/w1280/fN1hYn28yBbXFX6oq8AX70XP4nr.jpg</thumbnail>
<fanart>https://image.tmdb.org/t/p/original/v1ihbwweGQuUxdrfS5Y5nRSg5aN.jpg</fanart>
</item>
<item>
	<title>[COLOR=white]The Notorious[/COLOR]</title>
	<meta>
	<imdb>tt3599644</imdb>
	<content>movie</content>
	<title>The Notorious</title>
	<year>2014</year>
	</meta>
	<link>https://uptobox.com/d3eg3n9myagl</link>
	<thumbnail>https://image.tmdb.org/t/p/w1280/3sLj44Rg8xzxO6OUvDAzsGVdjb.jpg</thumbnail>
	<fanart>https://image.tmdb.org/t/p/w1280/s1t7z5XeHLTLR51AgFU3KE5BlI3.jpg</fanart>
</item>
