<item>
<title>Deadpool(2016)</title>
<meta>
<content>movie</content>
<imdb>tt1431045</imdb>
<title>Deadpool</title>
<year>2016</year>
</meta>
<link>
<sublink>https://uptobox.com/bo1sfdqhrz4b</sublink>
<sublink>https://uptostream.com/tqtztb9elf6t(720p)</sublink>
<sublink>https://uptostream.com/9po915w2e98o(1080p)</sublink>
<sublink>https://streamango.com/embed/bpcebanncltqlqds/</sublink>
<sublink>search</sublink>
<sublink>searchsd</sublink>
</link>
<thumbnail>https://image.tmdb.org/t/p/w600_and_h900_bestv2/inVq3FRqcYIRl2la8iZikYYxFNR.jpg</thumbnail>
<fanart>https://image.tmdb.org/t/p/original/nbIrDhOtUpdD9HKDBRy02a8VhpV.jpg</fanart>
</item>
<item>
	<title>Suicide Squad Extended Cut (2016)</title>
<meta>
<content>movie</content>
<imdb></imdb>
<title>Suicide Squad</title>
<year>2016</year>
</meta>
<link>
<sublink>https://uptobox.com/84k74rplgcth(1080p)</sublink>
<sublink>https://uptobox.com/vztv2dd5x3jt(720p)</sublink>
<sublink>search</sublink>
<sublink>searchsd</sublink>
</link>
<thumbnail>https://image.tmdb.org/t/p/w600_and_h900_bestv2/e1mjopzAS2KNsvpbpahQ1a6SkSn.jpg</thumbnail>
<fanart>https://image.tmdb.org/t/p/original/e7vX4Ud5KjBVUgNOdGoecxbXaTA.jpg</fanart>
</item>
<item>
	<title>Captain America: Civil War (2016)</title>
<meta>
<content>movie</content>
<imdb>tt3498820</imdb>
<title>Captain America: Civil War</title>
<year>2016</year>
</meta>
<link>
<sublink>https://uptobox.com/69s4qyzvbk03</sublink>
<sublink>https://uptostream.com/5knf5qjkervv(720p)</sublink>
<sublink>https://uptostream.com/mvzps63lqryj(1080p)</sublink>
<sublink>https://streamango.com/embed/oeasndpleqaobmnb/</sublink>
<sublink>search</sublink>
<sublink>searchsd</sublink>
</link>
<thumbnail>https://image.tmdb.org/t/p/w600_and_h900_bestv2/kSBXou5Ac7vEqKd97wotJumyJvU.jpg</thumbnail>
<fanart>https://image.tmdb.org/t/p/original/yi3hZ4mQq8JGyJSi3MBW5nMj1f.jpg</fanart>
</item>
<item>
	<title>Doctor Strange (2016)</title>
<meta>
<content></content>
<imdb>tt1211837</imdb>
<title>Doctor Strange</title>
<year>2016</year>
</meta>
<link>
<sublink>https://uptobox.com/56rxsiv4u7wb(720p)</sublink>
<sublink>https://uptobox.com/o5i8qk5wa2uq(1080p)</sublink>
<sublink>search</sublink>
<sublink>searchsd</sublink>
</link>
<thumbnail>https://image.tmdb.org/t/p/w600_and_h900_bestv2/4PiiNGXj1KENTmCBHeN6Mskj2Fq.jpg</thumbnail>
<fanart>https://image.tmdb.org/t/p/original/wbBy671e24Eqmo5DfvSXWThy9CR.jpg</fanart>
</item>
<item>
	<title>Teenage Mutant Ninja Turtles: Out of the Shadows (2016)</title>
<meta>
<content>movie</content>
<imdb>tt3949660</imdb>
<title>Teenage Mutant Ninja Turtles: Out of the Shadows</title>
<year>2016</year>
</meta>
<link>
<sublink>https://uptobox.com/3uj3tkhbwipc(720p)</sublink>
<sublink>search</sublink>
<sublink>searchsd</sublink>
</link>
<thumbnail>https://image.tmdb.org/t/p/w600_and_h900_bestv2/u3M0HzkQR1pYNaadJWuxe84B34r.jpg</thumbnail>
<fanart>https://image.tmdb.org/t/p/original/999RuhZvog8ocyvcccVV9yGmMjL.jpg</fanart>
</item>
<item>
	<title>Moana (2016)</title>
<meta>
<content>movie</content>
<imdb>tt3521164</imdb>
<title>Moana</title>
<year>2016</year>
</meta>
<link>
<sublink>https://uptobox.com/36jlluqwpzu3</sublink>
<sublink>https://streamango.com/embed/btpolbtlcomalbfb/</sublink>
<sublink>search</sublink>
<sublink>searchsd</sublink>
</link>
<thumbnail>https://image.tmdb.org/t/p/w600_and_h900_bestv2/z4x0Bp48ar3Mda8KiPD1vwSY3D8.jpg</thumbnail>
<fanart>https://image.tmdb.org/t/p/original/JyOHUWkB6ILo0zGL4jDQCfaYak.jpg</fanart>
</item>
<item>
	<title>Trolls (2016)</title>
<meta>
<content>movie</content>
<imdb>tt1679335</imdb>
<title>Trolls</title>
<year>2016</year>
</meta>
<link>
<sublink>https://uptobox.com/78nt9xs0jvf5</sublink>
<sublink>search</sublink>
<sublink>searchsd</sublink>
</link>
<thumbnail>https://image.tmdb.org/t/p/w600_and_h900_bestv2/zKu5MNy9QW1a5ZHgv7iAp3kRZpE.jpg</thumbnail>
<fanart>https://image.tmdb.org/t/p/original/wc1JxADaBLuWhySkaawCBTpixCo.jpg</fanart>
</item>
<item>
	<title>Storks (2016)</title>
<meta>
<content>movie</content>
<imdb>tt4624424</imdb>
<title>Storks</title>
<year>2016</year>
</meta>
<link>
<sublink>https://uptobox.com/rpjmeninhemo</sublink>
<sublink>search</sublink>
<sublink>searchsd</sublink>
</link>
<thumbnail>https://image.tmdb.org/t/p/w600_and_h900_bestv2/5qVD5TD1CiALR5vUsMzh2BschVU.jpg</thumbnail>
<fanart>https://image.tmdb.org/t/p/original/z0EuTtBwp0ZxUVoFZAh3oi5CflZ.jpg</fanart>
</item>
<item>
	<title>Zootopia (2016)</title>
<meta>
<content>movie</content>
<imdb>tt2948356</imdb>
<title>Zootopia</title>
<year>2016</year>
</meta>
<link>
<sublink>https://uptobox.com/v3meazfigjlz(720p)</sublink>
<sublink>https://uptobox.com/djvp65bdouyj(1080p)</sublink>
<sublink>search</sublink>
<sublink>searchsd</sublink>
</link>
<thumbnail>https://image.tmdb.org/t/p/w600_and_h900_bestv2/sM33SANp9z6rXW8Itn7NnG1GOEs.jpg</thumbnail>
<fanart>https://image.tmdb.org/t/p/original/g77AFOZZo87GHsUoiYtGYKxDd0b.jpg</fanart>
</item>
<item>
	<title>Ice Age: Collision Course (2016)</title>
<meta>
<content>movie</content>
<imdb>tt3416828</imdb>
<title>Ice Age: Collision Course</title>
<year>2016</year>
</meta>
<link>
<sublink>https://uptostream.com/b00bo5os8co4</sublink>
<sublink>search</sublink>
<sublink>searchsd</sublink>
</link>
<thumbnail>https://image.tmdb.org/t/p/w600_and_h900_bestv2/gRi7lTBBiRBhn9aJID5MdldcJEJ.jpg</thumbnail>
<fanart>https://image.tmdb.org/t/p/original/2XTJlauUuOcFVI6A0LLdoc2gdmE.jpg</fanart>
</item>
<item>
	<title>Finding Dory (2016)</title>
<meta>
<content>movie</content>
<imdb>tt2277860</imdb>
<title>Finding Dory</title>
<year>2016</year>
</meta>
<link>
<sublink>https://uptobox.com/r9dmd08eu0na</sublink>
<sublink>search</sublink>
<sublink>searchsd</sublink>
</link>
<thumbnail>https://image.tmdb.org/t/p/w600_and_h900_bestv2/z09QAf8WbZncbitewNk6lKYMZsh.jpg</thumbnail>
<fanart>https://image.tmdb.org/t/p/w600_and_h900_bestv2/z09QAf8WbZncbitewNk6lKYMZsh.jpg</fanart>
</item>
<item>
	<title>Bad Cat (2016)</title>
<meta>
<content>movie</content>
<imdb>tt4695548</imdb>
<title>Bad Cat</title>
<year>2016</year>
</meta>
<link>
<sublink>https://uptobox.com/ea6cyv7d3ffk</sublink>
<sublink>search</sublink>
<sublink>searchsd</sublink>
</link>
<thumbnail>https://image.tmdb.org/t/p/w600_and_h900_bestv2/9T9wp2fjwW6C9bZjrHMCL0mZ954.jpg</thumbnail>
<fanart>https://image.tmdb.org/t/p/original/7hcLy5yxjnbNPremFVGrDoYI17O.jpg</fanart>
</item>
<item>
	<title>Jungle Book (2016)</title>
<meta>
<content></content>
<imdb>tt3040964</imdb>
<title>Jungle Book</title>
<year>2016</year>
</meta>
<link>
<sublink>https://uptostream.com/ips6g8vojehn</sublink>
<sublink>search</sublink>
<sublink>searchsd</sublink>
</link>
<thumbnail>https://image.tmdb.org/t/p/w1280/vOipe2myi26UDwP978hsYOrnUWC.jpg</thumbnail>
<fanart>https://image.tmdb.org/t/p/original/zX5dEqcgOWikMAECmG31aa3LYIx.jpg</fanart>
</item>
<item>
	<title>Sing-2016</title>
<meta>
<content>movie</content>
<imdb>tt3470600/</imdb>
<title>Sing</title>
<year>2016</year>
</meta>
<link>
<sublink>https://uptostream.com/6hyij4bxyyyg(720p)</sublink>
<sublink>(1080p)</sublink>
<sublink>search</sublink>
<sublink>searchsd</sublink>
</link>
<thumbnail>https://image.tmdb.org/t/p/w1280/eSVtBB2PVFbQiFWC7CQi3EjIZnn.jpg</thumbnail>
<fanart>https://image.tmdb.org/t/p/w1000_and_h563_face/usJKCEMXV3tECgIJj8ZTEndmY2E.jpg</fanart>
</item>
<item>
	<title>[COLOR=white]Alice Through the Looking Glass[/COLOR]</title>
	<meta>
	<imdb>tt2567026</imdb>
	<content>movie</content>
	<title>Alice Through the Looking Glass</title>
	<year>2016</year>
	</meta>
	<link>
	<sublink>https://uptobox.com/7komk5sp15t5(1080p)</sublink>
	<sublink>search</sublink>
	<sublink>searchsd</sublink>
	</link>
	<thumbnail>https://image.tmdb.org/t/p/w1280/7rfucKCjV01OEsGr9grXa34Aywd.jpg</thumbnail>
	<fanart>https://image.tmdb.org/t/p/w1280/fAIIEyPuO6eJmXqb3XVXEx6SNjn.jpg</fanart>
</item>
<item>
	<title>[COLOR=white]A Monster Calls[/COLOR]</title>
	<meta>
	<imdb>tt3416532</imdb>
	<content>movie</content>
	<title>A Monster Calls</title>
	<year>2016</year>
	</meta>
	<link>
	<sublink>https://uptobox.com/89be7lfbtcft(720p)</sublink>
	<sublink>search</sublink>
	<sublink>searchsd</sublink>
	</link>
	<thumbnail>https://image.tmdb.org/t/p/w1280/oqZ0MBWxNrArZpyVqk3QGAA37QL.jpg</thumbnail>
	<fanart>https://image.tmdb.org/t/p/w1280/xVW8REyVqKwxAtUYY07UGlZH43L.jpg</fanart>
</item>
<item>
	<title>Deepwater Horizon (2016)</title>
<meta>
<content>movie</content>
<imdb>tt1860357</imdb>
<title>Deepwater Horizon</title>
<year>2016</year>
</meta>
<link>
<sublink>https://uptobox.com/e3sd7tkvscdf</sublink>
<sublink>search</sublink>
<sublink>searchsd</sublink>
</link>
<thumbnail>https://image.tmdb.org/t/p/w600_and_h900_bestv2/7D6hM7IR0TbQmNvSZVtEiPM3H5h.jpg</thumbnail>
<fanart>https://image.tmdb.org/t/p/w700_and_h392_bestv2/zjYdnBHbIOYBqKZxvBUsT5MevUA.jpg</fanart>
</item>
<item>
	<title>Gods of Egypt (2016)</title>
<meta>
<content>movie</content>
<imdb>tt2404233</imdb>
<title>Gods of Egypt</title>
<year>2016</year>
</meta>
<link>
<sublink>https://uptostream.com/pzntbtzqhw00</sublink>
<sublink>search</sublink>
<sublink>searchsd</sublink>
</link>
<thumbnail>https://image.tmdb.org/t/p/w1280/uPqAW07bGoljf3cmT5gecdOvVol.jpg</thumbnail>
<fanart>https://image.tmdb.org/t/p/original/6tommEPyTzDIkCXoF0BbNxlBdFc.jpg</fanart>
</item>
<item>
	<title>Star Trek Beyond (2016)</title>
<meta>
<content>movie</content>
<imdb>tt2660888</imdb>
<title>Star Trek Beyond</title>
<year>2016</year>
</meta>
<link>
<sublink>https://uptobox.com/qztnaowr8uaf</sublink>
<sublink>search</sublink>
<sublink>searchsd</sublink>
</link>
<thumbnail>https://image.tmdb.org/t/p/w600_and_h900_bestv2/mLrQMqyZgLeP8FrT5LCobKAiqmK.jpg</thumbnail>
<fanart>https://image.tmdb.org/t/p/w700_and_h392_bestv2/u8BAmWhSHJA99ncOzVrgverc6sR.jpg</fanart>
</item>
<item>
	<title>The 5th Wave (2016)</title>
<meta>
<content>movie</content>
<imdb>tt2304933</imdb>
<title>The 5th Wave</title>
<year>2016</year>
</meta>
<link>
<sublink>https://uptobox.com/sj5sej5j80e1(720p)</sublink>
<sublink>https://uptobox.com/nhoqvobww44i(1080p)</sublink>
<sublink>search</sublink>
<sublink>searchsd</sublink>
</link>
<thumbnail>https://image.tmdb.org/t/p/w600_and_h900_bestv2/cgxEscv6TQRK6a514FwuJOjcqQ5.jpg</thumbnail>
<fanart>https://image.tmdb.org/t/p/w700_and_h392_bestv2/1usA1K56wW97McyXPuUL1OTRDBO.jpg</fanart>
</item>
<item>
	<title>La La Land (2016)</title>
<meta>
<content>movie</content>
<imdb>tt3783958</imdb>
<title>La La Land</title>
<year>2016</year>
</meta>
<link>
<sublink>https://uptobox.com/r2efn1wlkimp(1080p)</sublink>
<sublink>https://uptobox.com/cxhekvhpuj4i(720p)</sublink>
<sublink>search</sublink>
<sublink>searchsd</sublink>
</link>
<thumbnail>https://image.tmdb.org/t/p/w600_and_h900_bestv2/ylXCdC106IKiarftHkcacasaAcb.jpg</thumbnail>
<fanart>https://image.tmdb.org/t/p/original/nadTlnTE6DdgmYsN4iWc2a2wiaI.jpg</fanart>
</item>
<item>
	<title>Friend Request (2016)</title>
<meta>
<content>movie</content>
<imdb>tt3352390</imdb>
<title>Friend Request</title>
<year>2016</year>
</meta>
<link>
<sublink>https://uptostream.com/przh6t24vj2l(720p)</sublink>
<sublink>https://uptostream.com/p2s7unwhdjoh(1080p)</sublink>
<sublink>search</sublink>
<sublink>searchsd</sublink>
</link>
<thumbnail>https://image.tmdb.org/t/p/w1280/7gfG9tGRPzmVyg3nEwQrTGOJ8C6.jpg</thumbnail>
<fanart>https://image.tmdb.org/t/p/original/yEqrCU3hAvoiwC0y4CuJq3v4KoG.jpg</fanart>
</item>
<item>
	<title>Before I Wake</title>
<meta>
<content>movie</content>
<imdb>tt3174376</imdb>
<title>Before I Wake</title>
<year>2016</year>
</meta>
<link>
<sublink>https://uptostream.com/60ytv6wy2l8z(720p)</sublink>
<sublink>https://uptostream.com/q7p26bhac7sb(1080p)</sublink>
<sublink>search</sublink>
<sublink>searchsd</sublink>
</link>
<thumbnail>https://image.tmdb.org/t/p/w1280/gxLbtldznCL1gg84rSMEmEBH5PY.jpg</thumbnail>
<fanart>https://image.tmdb.org/t/p/w1000_and_h563_face/cUp2lfjeE6HopMUirgJHwMh8W7G.jpg</fanart>
</item>
<item>
	<title>[COLOR=white]Morgan[/COLOR]</title>
	<meta>
	<imdb>tt4520364</imdb>
	<content>movie</content>
	<title>Morgan</title>
	<year>2016</year>
	</meta>
	<link>
	<sublink>https://uptobox.com/kcnas5jeohb9(720P)</sublink>
	<sublink>https://uptobox.com/qz54ig8b2xbc(1080P)</sublink>
	<sublink>search</sublink>
	<sublink>searchsd</sublink>
	</link>
	<thumbnail>https://image.tmdb.org/t/p/w1280/oY5YBkruSCh36kRTzB4W2Li70fj.jpg</thumbnail>
	<fanart>https://image.tmdb.org/t/p/w1280/jRRpMTpCsiq100A0lQWGQf1jrdE.jpg</fanart>
</item>
<item>
	<title>Patient Seven (2016)</title>
<meta>
<content>movie</content>
<imdb>tt5345298</imdb>
<title>Patient Seven</title>
<year>2016</year>
</meta>
<link>
<sublink>https://uptobox.com/c349a31ylhns(720P)</sublink>
<sublink>https://uptobox.com/eguoecr3a9oc(1080P)</sublink>
<sublink>search</sublink>
<sublink>searchsd</sublink>
</link>
<thumbnail>https://image.tmdb.org/t/p/w600_and_h900_bestv2/qrJP0foqnGUEr6PimI8I4EjHrz4.jpg</thumbnail>
<fanart>https://image.tmdb.org/t/p/original/l7hciVfn0JixW7SwqwplONC1nwY.jpg</fanart>
</item>
<item>
	<title>[COLOR=white]The Autopsy of Jane Doe[/COLOR]</title>
	<meta>
	<imdb>tt3289956</imdb>
	<content>movie</content>
	<title>The Autopsy of Jane Doe</title>
	<year>2016</year>
	</meta>
	<link>
	<sublink>https://uptostream.com/xfsgpz1mjji0(720p)</sublink>
	<sublink>https://uptostream.com/0vue3e9tht30(1080p)</sublink>
	<sublink>search</sublink>
	<sublink>searchsd</sublink>
	</link>
	<thumbnail>https://image.tmdb.org/t/p/w1280/hvQgtEMXzQZDCZkkLFPK6cO1FIy.jpg</thumbnail>
	<fanart>https://image.tmdb.org/t/p/w1280/m4LtS8NoVvbl57mej9KBg9QT4fg.jpg</fanart>
</item>
<item>
	<title>Disappointments Room-2016</title>
<meta>
<content>movie</content>
<imdb>tt2364897</imdb>
<title>The Disappointments Room</title>
<year>2016</year>
</meta>
<link>
<sublink>https://uptostream.com/x5i9maj933ma(1080p)</sublink>
<sublink>search</sublink>
<sublink>searchsd</sublink>
</link>
<thumbnail>https://image.tmdb.org/t/p/w1280/htnXSuO0gMawdCfOZwFEs8kMCl8.jpg</thumbnail>
<fanart>https://image.tmdb.org/t/p/w1000_and_h563_face/2uIZOhYOWo07sldWBp3zpwcPYkA.jpg</fanart>
</item>
<item>
	<title>Hush (2016)</title>
<meta>
<content></content>
<imdb>tt5022702</imdb>
<title>Hush</title>
<year>2016</year>
</meta>
<link>
<sublink>https://uptostream.com/2271m2ujoc95(1080p)</sublink>
<sublink>search</sublink>
<sublink>searchsd</sublink>
</link>
<thumbnail>https://image.tmdb.org/t/p/w1280/khDYdmPFlaTqeLQVD4ds4xC1mIf.jpg</thumbnail>
<fanart>https://image.tmdb.org/t/p/original/g8Yx7tRNyxSK9lZLWtSzw3PChdP.jpg</fanart>
</item>
<item>
	<title>The Other Side of the Door (2016)</title>
<meta>
<content></content>
<imdb>tt3702652</imdb>
<title>The Other Side of the Door</title>
<year>2016</year>
</meta>
<link>
<sublink>https://uptostream.com/07q27h29sgqk</sublink>
<sublink>search</sublink>
<sublink>searchsd</sublink>
</link>
<thumbnail>https://image.tmdb.org/t/p/w1280/bigwDJShLGc8KSBAcjkApXnTMYz.jpg</thumbnail>
<fanart>https://image.tmdb.org/t/p/original/yP5LcEjRFzIkS6W1xrSwCMNA2Ew.jpg</fanart>
</item>
<item>
	<title>Lights Out (2016)</title>
<meta>
<content></content>
<imdb>tt4786282</imdb>
<title>Lights Out</title>
<year>2016</year>
</meta>
<link>
<sublink>https://uptostream.com/az4h529ejq7w(720p)</sublink>
<sublink>https://uptostream.com/vim29ftjazmq(1080p)</sublink>
<sublink>search</sublink>
<sublink>searchsd</sublink>
</link>
<thumbnail>https://image.tmdb.org/t/p/w1280/sXqrTXcBf9TdIv5rfgeFNu9Iwu7.jpg</thumbnail>
<fanart>https://image.tmdb.org/t/p/original/3eBpa5mkJYYfERAy5xP1DkGST6U.jpg</fanart>
</item>
<item>
	<title>Resident Evil: The Final Chapter (2016)</title>
<meta>
<content>movie</content>
<imdb>tt2592614</imdb>
<title>Resident Evil: The Final Chapter</title>
<year>2016</year>
</meta>
<link>
<sublink>https://uptobox.com/fgoqxu1wa7cw(720p)</sublink>
<sublink>https://uptobox.com/ohmlfz5frl3z(1080p)</sublink>
<sublink>search</sublink>
<sublink>searchsd</sublink>
</link>
<thumbnail>https://image.tmdb.org/t/p/w600_and_h900_bestv2/7XlaaMzQUz5EqTY0m07hn3PbGu7.jpg</thumbnail>
<fanart>https://image.tmdb.org/t/p/original/eRdcFDoWnZ5hia7ptUOOvyPDlE0.jpg</fanart>
</item>
<item>
	<title>Assassin's Creed (2016)</title>
<meta>
<content>movie</content>
<imdb>tt2094766</imdb>
<title>Assassin's Creed</title>
<year>2016</year>
</meta>
<link>
<sublink>https://uptobox.com/smd7632ooi72(720p)</sublink>
<sublink>https://uptobox.com/daq74kwtz6ke(1080p)</sublink>
<sublink>search</sublink>
<sublink>searchsd</sublink>
</link>
<thumbnail>https://image.tmdb.org/t/p/w600_and_h900_bestv2/tIKFBxBZhSXpIITiiB5Ws8VGXjt.jpg</thumbnail>
<fanart>https://image.tmdb.org/t/p/original/r8aRipzR4wlDx0m7Bpi43Q84imc.jpg</fanart>
</item>
<item>
	<title>Fantastic Beasts and Where to Find Them (2016)</title>
<meta>
<content>movie</content>
<imdb>tt3183660</imdb>
<title>Fantastic Beasts and Where to Find Them</title>
<year>2016</year>
</meta>
<link>
<sublink>https://uptobox.com/2l3y5ivmy2zj(720p)</sublink>
<sublink>https://uptobox.com/vo1gs94ognea(1080p)</sublink>
<sublink>search</sublink>
<sublink>searchsd</sublink>
</link>
<thumbnail>https://image.tmdb.org/t/p/w600_and_h900_bestv2/1M91Bt3oGspda75H9eLqYZkJzgO.jpg</thumbnail>
<fanart>https://image.tmdb.org/t/p/original/alut5DoMrALIF1tSE9WcYVCzc0J.jpg</fanart>
</item>
<item>
	<title>Passengers (2016)</title>
<meta>
<content>movie</content>
<imdb>tt1355644</imdb>
<title>Passengers</title>
<year>2016</year>
</meta>
<link>
<sublink>https://uptobox.com/5nd4859pcbpq(720p)</sublink>
<sublink>https://uptobox.com/qgnv45jzmvc5(1080p)</sublink>
<sublink>search</sublink>
<sublink>searchsd</sublink>
</link>
<thumbnail>https://image.tmdb.org/t/p/w600_and_h900_bestv2/5gJkVIVU7FDp7AfRAbPSvvdbre2.jpg</thumbnail>
<fanart>https://image.tmdb.org/t/p/original/1bd0prG5LfaRTVLFRneWyjg92nE.jpg</fanart>
</item>
<item>
	<title>The Legend of Tarzan-2016</title>
<meta>
<content></content>
<imdb>tt0918940</imdb>
<title>The Legend of Tarzan</title>
<year>2016</year>
</meta>
<link>
<sublink></sublink>
<sublink></sublink>
<sublink>search</sublink>
<sublink>searchsd</sublink>
</link>
<thumbnail>https://image.tmdb.org/t/p/w600_and_h900_bestv2/6FxOPJ9Ysilpq0IgkrMJ7PubFhq.jpg</thumbnail>
<fanart>https://image.tmdb.org/t/p/original/pWNBPN8ghaKtGLcQBMwNyM32Wbm.jpg</fanart>
</item>
<item>
	<title>The Huntsman: Winter's War (2016)</title>
<meta>
<content>movie</content>
<imdb>tt2381991</imdb>
<title>The Huntsman: Winter's War</title>
<year>2016</year>
</meta>
<link>
<sublink>https://uptobox.com/zktw947crz05(720p)</sublink>
<sublink>https://uptobox.com/dciqjqvtz1u4(1080p)</sublink>
<sublink>search</sublink>
<sublink>searchsd</sublink>
</link>
<thumbnail>https://image.tmdb.org/t/p/w600_and_h900_bestv2/b77l5vmp6PYsc98LE6Uf1mXtmHh.jpg</thumbnail>
<fanart>https://image.tmdb.org/t/p/w700_and_h392_bestv2/nQ0UvXdxoMZguLuPj0sdV0U36KR.jpg</fanart>
</item>
<item>
	<title>The Darkness-2016</title>
<meta>
<content>movie</content>
<imdb>tt1878841</imdb>
<title>The Darkness</title>
<year>2016</year>
</meta>
<link>
<sublink>https://uptostream.com/q085x4itl4v0(720p)</sublink>
<sublink>https://uptostream.com/cq13s1ruux1b(1080p)</sublink>
<sublink>search</sublink>
<sublink>searchsd</sublink>
</link>
<thumbnail>https://image.tmdb.org/t/p/w1280/7i7yuJoXCv12rQwYdSWcImhryrL.jpg</thumbnail>
<fanart>https://image.tmdb.org/t/p/w1000_and_h563_face/bPYcNIJiiGKda6dKf4IFic5ADKv.jpg</fanart>
</item>
<item>
	<title>London Has Fallen (2016)</title>
<meta>
<content>movie</content>
<imdb>tt3300542</imdb>
<title>Londan has Fallen</title>
<year>2016</year>
</meta>
<link>
<sublink>https://uptobox.com/m6tehybjb8e4(720p)</sublink>
<sublink>https://uptobox.com/us7wi5h6o084(1080p)</sublink>
<sublink>search</sublink>
<sublink>searchsd</sublink>
</link>
<thumbnail>https://image.tmdb.org/t/p/w600_and_h900_bestv2/9j2AmDhZvdwMyYKpqe4CtBkN1Tw.jpg</thumbnail>
<fanart>https://image.tmdb.org/t/p/w700_and_h392_bestv2/qh3huQzcRUXZZihUE0cV6kW0SuE.jpg</fanart>
</item>
<item>
	<title>[COLOR=white]God's Not Dead 2[/COLOR]</title>
	<meta>
	<imdb>tt4824308</imdb>
	<content>movie</content>
	<title>God's Not Dead 2</title>
	<year>2016</year>
	</meta>
	<link>
	<sublink>https://uptobox.com/61ki5li50evd</sublink>
	<sublink>search</sublink>
	<sublink>searchsd</sublink>
	</link>
	<thumbnail>https://image.tmdb.org/t/p/w1280/6LzF5RneIAj5dkUVuJeXPDmnLRh.jpg</thumbnail>
	<fanart>https://image.tmdb.org/t/p/w1280/etEALdFpDxDSHAwJhC3rdoMem1h.jpg</fanart>
</item>
<item>
	<title>[COLOR=white]13 Hours: The Secret Soldiers of Benghazi[/COLOR]</title>
	<meta>
	<imdb>tt4172430</imdb>
	<content>movie</content>
	<title>13 Hours: The Secret Soldiers of Benghazi</title>
	<year>2016</year>
	</meta>
	<link>https://uptobox.com/f8r67e9776do(1080p)</link>
	<thumbnail>https://image.tmdb.org/t/p/w1280/4gpW4MkRI0BB17GHOJzXq0WamDP.jpg</thumbnail>
	<fanart>https://image.tmdb.org/t/p/w1280/cVIb8GGPzASoN9j9z1jIJD942oJ.jpg</fanart>
</item>
<item>
	<title>The Great Wall</title>
<meta>
<content>movie</content>
<imdb>tt2034800</imdb>
<title>The Great Wall</title>
<year>2016</year>
</meta>
<link>
<sublink>https://uptostream.com/muy3x77i82mi(720p)</sublink>
<sublink>https://uptostream.com/5rqryyrvmv2t(1080p)</sublink>
<sublink>search</sublink>
<sublink>searchsd</sublink>
</link>
<thumbnail>https://image.tmdb.org/t/p/w1280/p70dq1YxabemdZDm5K6Q8G10wSn.jpg</thumbnail>
<fanart>https://image.tmdb.org/t/p/w1000_and_h563_face/5kYkjtofGWq9JJlS3TWdr5yg3sK.jpg</fanart>
</item>
<item>
	<title>[COLOR=white]The Invisible Guest[/COLOR]</title>
	<meta>
	<imdb>tt4857264</imdb>
	<content>movie</content>
	<title>The Invisible Guest</title>
	<year>2016</year>
	</meta>
	<link>
	<sublink>https://uptobox.com/zstqsmzjviev(720p)</sublink>
	<sublink>https://uptobox.com/50756wmfetcq(1080p)</sublink>
	<sublink>search</sublink>
	<sublink>searchsd</sublink>
	</link>
	<thumbnail>https://image.tmdb.org/t/p/w1280/fptnZJbLzKUHeNlYrAynbyoL5YJ.jpg</thumbnail>
	<fanart>https://image.tmdb.org/t/p/w1280/urrIaUxmLXYWodZx7KJPLLVFaKC.jpg</fanart>
</item>
<item>
	<title>Fences-2016</title>
<meta>
<content>movie</content>
<imdb>tt2671706</imdb>
<title>Fences</title>
<year>2016</year>
</meta>
<link>
<sublink>https://uptostream.com/vyix9dbkzj69(1080p)</sublink>
<sublink>search</sublink>
<sublink>searchsd</sublink>
</link>
<thumbnail>https://image.tmdb.org/t/p/w1280/yZFBqealET1TunuVvu4YzcM1orT.jpg</thumbnail>
<fanart>https://image.tmdb.org/t/p/w1000_and_h563_face/jNlCIAcheh0iOuL3kz9x1Wq9WLG.jpg</fanart>
</item>
<item>
	<title>Now You See Me 2 (2016)</title>
<meta>
<content>movie</content>
<imdb>tt3110958</imdb>
<title>Now You See Me 2</title>
<year>2016</year>
</meta>
<link>
<sublink>https://uptostream.com/p464ubo34jir(720p)</sublink>
<sublink>https://uptostream.com/dslnpbee8xku(1080p)</sublink>
<sublink>search</sublink>
<sublink>searchsd</sublink>
</link>
<thumbnail>https://image.tmdb.org/t/p/w600_and_h900_bestv2/hU0E130tsGdsYa4K9lc3Xrn5Wyt.jpg</thumbnail>
<fanart>https://image.tmdb.org/t/p/original/kFgg4FXXHJyU7JFLF1cZdLbCzEC.jpg</fanart>
</item>
<item>
	<title>[COLOR=white]Keeping Up with the Joneses[/COLOR]</title>
	<meta>
	<imdb>tt2387499</imdb>
	<content>movie</content>
	<title>Keeping Up with the Joneses</title>
	<year>2016</year>
	</meta>
	<link>
	<sublink>https://uptostream.com/ieyy1uhtvpcf(720p)</sublink>
	<sublink>https://uptostream.com/pp9sqyya84gd(1080p)</sublink>
	<sublink>search</sublink>
	<sublink>searchsd</sublink>
	</link>
	<thumbnail>https://image.tmdb.org/t/p/w1280/ekg8qeNidEQ1ylHeahLtsTLPe2k.jpg</thumbnail>
	<fanart>https://image.tmdb.org/t/p/w1280/f1Q6vZF5TlXZHAihXD1iJQ4HjjE.jpg</fanart>
</item>
<item>
	<title>Bad Santa 2-2016</title>
<meta>
<content>movie</content>
<imdb>tt1798603</imdb>
<title>Bad Santa 2</title>
<year>2016</year>
</meta>
<link>
<sublink>https://uptostream.com/3yyzy7nmvgld</sublink>
<sublink></sublink>
<sublink>search</sublink>
<sublink>searchsd</sublink>
</link>
<thumbnail>https://fanart.tv/fanart/movies/338964/movieposter/bad-santa-2-581afcd2f423f.jpg</thumbnail>
<fanart>https://fanart.tv/fanart/movies/338964/moviebackground/bad-santa-2-5c41ff76dd0c0.jpg</fanart>
</item>
<item>
	<title>Masterminds (2016)</title>
<meta>
<content>movie</content>
<imdb>tt2461150</imdb>
<title>Masterminds</title>
<year>2016</year>
</meta>
<link>
<sublink>https://uptostream.com/mzhsa02zj2du</sublink>
<sublink></sublink>
<sublink>search</sublink>
<sublink>searchsd</sublink>
</link>
<thumbnail>https://image.tmdb.org/t/p/w600_and_h900_bestv2/4CXgye1p8Vr7taDG389QhhHDUZ4.jpg</thumbnail>
<fanart>https://image.tmdb.org/t/p/original/fVltpTyYAfI3tPgle4lX7u80MQV.jpg</fanart>
</item>
<item>
	<title>Central Intelligence (2016)</title>
<meta>
<content></content>
<imdb>tt1489889</imdb>
<title>Central Intelligence</title>
<year>2016</year>
</meta>
<link>
<sublink>https://uptostream.com/hoyoqgbdsyyr</sublink>
<sublink>search</sublink>
<sublink>searchsd</sublink>
</link>
<thumbnail>https://image.tmdb.org/t/p/w600_and_h900_bestv2/9M5ibpQUjoVFjjnP2AdLcof4hAk.jpg</thumbnail>
<fanart>https://image.tmdb.org/t/p/original/sIIMKjWUsEV8B49kiPhvY4WKb6L.jpg</fanart>
</item>
<item>
	<title>Ride Along 2 (2016)</title>
<meta>
<content>movie</content>
<imdb>tt2869728</imdb>
<title>Ride Along 2</title>
<year>2016</year>
</meta>
<link>
<sublink>https://uptobox.com/qhg0cva7iwmt(720p)</sublink>
<sublink>https://uptobox.com/0oepkvns69fo(1080p)</sublink>
<sublink>search</sublink>
<sublink>searchsd</sublink>
</link>
<thumbnail>https://image.tmdb.org/t/p/w600_and_h900_bestv2/A739odgY2FjoLvYLYdypUc6GpaY.jpg</thumbnail>
<fanart>https://image.tmdb.org/t/p/w700_and_h392_bestv2/cnK7uPO8TKwjWz0klj1syVqO9wF.jpg</fanart>
</item>
<item>
	<title>Office Christmas Party (2016)</title>
<meta>
<content>movie</content>
<imdb>tt1711525</imdb>
<title>Office Christmas Party</title>
<year>2016</year>
</meta>
<link>
<sublink>https://uptostream.com/w96pzlhyw9i2</sublink>
<sublink>search</sublink>
<sublink>searchsd</sublink>
</link>
<thumbnail>https://image.tmdb.org/t/p/w600_and_h900_bestv2/7r3w3cPTbNEIr1imb8zXyeIJCJe.jpg</thumbnail>
<fanart>https://image.tmdb.org/t/p/original/1uDvPjKthACQKeQBvkiJ3aSvtdh.jpg</fanart>
</item>
<item>
	<title>Bad Moms (2016)</title>
<meta>
<content></content>
<imdb>tt4651520</imdb>
<title>Bad Moms</title>
<year>2016</year>
</meta>
<link>
<sublink>https://uptostream.com/o948kfi1ogtx(720p)</sublink>
<sublink>https://uptostream.com/bz9bz83w0nz0(1080p)</sublink>
<sublink>search</sublink>
<sublink>searchsd</sublink>
</link>
<thumbnail>https://image.tmdb.org/t/p/w600_and_h900_bestv2/8sH6LX06JijKQehWo0iSJtbp446.jpg</thumbnail>
<fanart>https://image.tmdb.org/t/p/original/elPpPBuYB2Zn5wFwz2FSlJlKUjp.jpg</fanart>
</item>
<item>
	<title>Neighbors 2: Sorority Rising (2016)</title>
<meta>
<content>movie</content>
<imdb>tt4438848</imdb>
<title>Neighbors 2: Sorority Rising</title>
<year>2016</year>
</meta>
<link>
<sublink>https://uptobox.com/pq4hl8lxqzpt(720p)</sublink>
<sublink>https://uptobox.com/miqwwm2v8ul2(1080p)</sublink>
<sublink>search</sublink>
<sublink>searchsd</sublink>
</link>
<thumbnail>https://image.tmdb.org/t/p/w1280/bWUeJHbKIyT306WtJFRHoSzX9nk.jpg</thumbnail>
<fanart>http://i64.tinypic.com/2lo0xg3.jpg</fanart>
</item>
<item>
	<title>The Magnificent Seven (2016)</title>
<meta>
<content></content>
<imdb>tt2404435</imdb>
<title>The Magnificent Seven</title>
<year>2016</year>
</meta>
<link>
<sublink>https://uptostream.com/txg3b3bpme6z</sublink>
<sublink>search</sublink>
<sublink>searchsd</sublink>
</link>
<thumbnail>https://image.tmdb.org/t/p/w600_and_h900_bestv2/cparcxTFuHdlSOP3MJOpN7Ec9NB.jpg</thumbnail>
<fanart>https://image.tmdb.org/t/p/original/g54J9MnNLe7WJYVIvdWTeTIygAH.jpg</fanart>
</item>
<item>
	<title>Gods of Egypt (2016)</title>
<meta>
<content>movie</content>
<imdb>tt2404233</imdb>
<title>Gods of Egypt</title>
<year>2016</year>
</meta>
<link>
<sublink>https://uptostream.com/pzntbtzqhw00</sublink>
<sublink></sublink>
<sublink>search</sublink>
<sublink>searchsd</sublink>
</link>
<thumbnail>https://image.tmdb.org/t/p/w1280/uPqAW07bGoljf3cmT5gecdOvVol.jpg</thumbnail>
<fanart>https://image.tmdb.org/t/p/original/6tommEPyTzDIkCXoF0BbNxlBdFc.jpg</fanart>
</item>
<item>
	<title>When the Bough Breaks (2016)</title>
<meta>
<content>movie</content>
<imdb>tt1389139</imdb>
<title>When the Bough Breaks</title>
<year>2016</year>
</meta>
<link>
<sublink>https://uptostream.com/f66qzbj0vf4w</sublink>
<sublink>search</sublink>
<sublink>searchsd</sublink>
</link>
<thumbnail>https://image.tmdb.org/t/p/w1280/goPzegO1l1z80dO5tVjDZkdmQeB.jpg</thumbnail>
<fanart>https://image.tmdb.org/t/p/w700_and_h392_bestv2/oFTA1ugNPas2sKN9q2O6GtwHarw.jpg</fanart>
</item>
<item>
	<title>Hands of Stone (2016)</title>
<meta>
<content>movie</content>
<imdb>tt1781827</imdb>
<title>Hands of Stone</title>
<year>2016</year>
</meta>
<link>
<sublink>https://uptostream.com/jur0wd3zfhhi</sublink>
<sublink></sublink>
<sublink>search</sublink>
<sublink>searchsd</sublink>
</link>
<thumbnail>https://image.tmdb.org/t/p/w1280/zhIXVAw8CieCCEkdjF7yGF88BqK.jpg</thumbnail>
<fanart>https://image.tmdb.org/t/p/original/7KYJiAQh2eSVAJuMvpAOmrAaQPt.jpg</fanart>
</item>
<item>
	<title>[COLOR=white]Race[/COLOR]</title>
	<meta>
	<imdb>tt3499096</imdb>
	<content>movie</content>
	<title>Race</title>
	<year>2016</year>
	</meta>
	<link>
	<sublink>https://uptostream.com/xexxa73wgmtg</sublink>
	<sublink>search</sublink>
	<sublink>searchsd</sublink>
	</link>
	<thumbnail>https://image.tmdb.org/t/p/w1280/szLfTQ2vLFQkNbP3dc0pnco1rje.jpg</thumbnail>
	<fanart>https://image.tmdb.org/t/p/w1280/3fcBsj9JMQQ27Wuk3LVrEwVZ2VT.jpg</fanart>
</item>
