<item>
  <title>[COLOR=white]The Best of Enemies[/COLOR]</title>
  <meta>
  <imdb>tt4807408</imdb>
  <content>movie</content>
  <title>The Best of Enemies</title>
  <year>2019</year>
  </meta>
  <link>
  <sublink>https://uptobox.com/a506sg8i8lj8(720p)</sublink>
  <sublink>https://uptobox.com/pfco56p2m9p7(1080p)</sublink>
  <sublink>search</sublink>
  <sublink>searchsd</sublink>
  </link>
  <thumbnail>https://image.tmdb.org/t/p/w1280/4pA9318BY7CSnXVi3xKBtPYMe1T.jpg</thumbnail>
  <fanart>https://image.tmdb.org/t/p/w1280/vxclCIILRszctqVtba9AnXUxlqM.jpg</fanart>
</item>



<item>
<title>Godzilla: King of the Monsters</title>
<meta>
<content>movie</content>
<imdb>tt3741700</imdb>
<title>Godzilla: King of the Monsters</title>
<year>2019</year>
</meta>
<link>
<sublink>https://uptobox.com/fnh7492pkqbe(720p)</sublink>
<sublink>https://uptobox.com/lkn1pocnww5x(1080p)</sublink>
<sublink>search</sublink>
<sublink>searchsd</sublink>
</link>
<thumbnail>https://image.tmdb.org/t/p/w600_and_h900_bestv2/pU3bnutJU91u3b4IeRPQTOP8jhV.jpg</thumbnail>
<fanart>https://image.tmdb.org/t/p/original/uovH5k4BAEPqXqxgwVrTtqH169g.jpg</fanart>
</item>

<item>
  <title>[COLOR=white]Brightburn[/COLOR]</title>
  <meta>
  <imdb>tt7752126</imdb>
  <content>movie</content>
  <title>Brightburn</title>
  <year>2019</year>
  </meta>
  <link>
  <sublink>https://uptobox.com/sn6eaun8xoy3(720p)</sublink>
  <sublink>https://uptobox.com/rm94cvmt4t5i(1080p)</sublink>
  <sublink>search</sublink>
  <sublink>searchsd</sublink>
  </link>
  <thumbnail>https://image.tmdb.org/t/p/w1280/v3PLKFKHrUYHhZXcSuW6Fl48laG.jpg</thumbnail>
  <fanart>https://image.tmdb.org/t/p/w1280/j3w3lT3ABvJsVE3byNOMCYmnGMB.jpg</fanart>
</item>
<item>
  <title>[COLOR=white]Red Joan[/COLOR]</title>
  <meta>
  <imdb>tt7615302</imdb>
  <content>movie</content>
  <title>Red Joan</title>
  <year>2019</year>
  </meta>
  <link>
  <sublink>https://uptobox.com/mstryqjckq1w(720p)</sublink>
  <sublink>https://uptobox.com/114e5yrzynm2(1080p)</sublink>
  <sublink>search</sublink>
  <sublink>searchsd</sublink>
  </link>
  <thumbnail>https://image.tmdb.org/t/p/w1280/rMgXlcviL4vJFjuHoMl8vtymV4u.jpg</thumbnail>
  <fanart>https://image.tmdb.org/t/p/w1280/98qzwTWn5frqJqbeOh5oMwRSlnW.jpg</fanart>
</item>
<item>
  <title>[COLOR=white]Clinton Road[/COLOR]</title>
  <meta>
  <imdb>tt1604560</imdb>
  <content>movie</content>
  <title>Clinton Road</title>
  <year>2019</year>
  </meta>
  <link>
  <sublink>https://uptobox.com/i1pk61lh0g4h(720p)</sublink>
  <sublink>https://uptobox.com/6yidfidl5eos(1080p)</sublink>
  <sublink>search</sublink>
  <sublink>searchsd</sublink>
  </link>
  <thumbnail>https://image.tmdb.org/t/p/w1280/q5xfQYYee0fqRkWGGIfTY1Xu1Xt.jpg</thumbnail>
  <fanart>https://image.tmdb.org/t/p/w1280/79MAFEOEZSACin2klF1D9o49Oxu.jpg</fanart>
</item>
<item>
  <title>[COLOR=white]American Exit[/COLOR]</title>
  <meta>
  <imdb>tt6021482</imdb>
  <content>movie</content>
  <title>American Exit</title>
  <year>2019</year>
  </meta>
  <link>
  <sublink>https://uptobox.com/dyg4clqsiz6f(720p)</sublink>
  <sublink>https://uptobox.com/mcqh7wryuk0q(1080p)</sublink>
  <sublink>search</sublink>
  <sublink>searchsd</sublink>
  </link>
  <thumbnail>https://image.tmdb.org/t/p/w1280/sRqff9JyOG4q03IeNHP5JKNcfat.jpg</thumbnail>
  <fanart>https://image.tmdb.org/t/p/w1280/r7IMgW20peKG9eqTsyaTInwZ5lZ.jpg</fanart>
</item>





<item>
	<title>Reign of the Supermen (2019)</title>
<meta>
<content>movie</content>
<imdb>tt7167686</imdb>
<title>Reign of the Supermen</title>
<year>2019</year>
</meta>
<link>
<sublink>https://uptobox.com/pdwt9xxen97t</sublink>
<sublink></sublink>
<sublink>search</sublink>
<sublink>searchsd</sublink>
</link>
<thumbnail>https://image.tmdb.org/t/p/w600_and_h900_bestv2/jKqe91SItNh7NWs52yiu8xNOFsj.jpg</thumbnail>
<fanart>https://image.tmdb.org/t/p/original/s5yumtBZjVvtIfNS92WlEYpQ9EO.jpg</fanart>
</item>
<item>
	<title>[COLOR=white]Shazam![/COLOR]</title>
  <meta>
  <imdb>tt0448115</imdb>
  <content>movie</content>
  <title>Shazam!</title>
  <year>2019</year>
  </meta>
  <link>
  <sublink>https://uptobox.com/4g2dki22tggv(1080p)</sublink>
  <sublink>search</sublink>
  <sublink>searchsd</sublink>
  </link>
  <thumbnail>https://image.tmdb.org/t/p/w1280/xnopI5Xtky18MPhK40cZAGAOVeV.jpg</thumbnail>
  <fanart>https://image.tmdb.org/t/p/w1280/bi4jh0Kt0uuZGsGJoUUfqmbrjQg.jpg</fanart>
</item>
<item>
	<title>Captain Marvel</title>
<meta>
<content>movie</content>
<imdb>tt4154664</imdb>
<title>Captain Marvel</title>
<year>2019</year>
</meta>
<link>
<sublink>https://uptobox.com/ti6qtoc8apqx(720p)</sublink>
<sublink>https://uptobox.com/xhs3su3uigai(1080p)</sublink>
</link>
<thumbnail>https://image.tmdb.org/t/p/w600_and_h900_bestv2/AtsgWhDnHTq68L0lLsUrCnM7TjG.jpg</thumbnail>
<fanart>https://image.tmdb.org/t/p/w500_and_h282_face/c8RuOYaTC3tEG85GtQjEtoa7qkl.jpg</fanart>
</item>
<item>
	<title>[COLOR=white]Pokemon Detective Pikachu[/COLOR]</title>
	<meta>
	<imdb>tt5884052</imdb>
	<content>movie</content>
	<title>Pokemon Detective Pikachu</title>
	<year>2019</year>
	</meta>
	<link>
	<sublink>https://uptobox.com/i846415qqc16(1080p)</sublink>
	<sublink>search</sublink>
	<sublink>searchsd</sublink>
	</link>
	<thumbnail>https://image.tmdb.org/t/p/w1280/wgQ7APnFpf1TuviKHXeEe3KnsTV.jpg</thumbnail>
	<fanart>https://image.tmdb.org/t/p/w1280/nDP33LmQwNsnPv29GQazz59HjJI.jpg</fanart>
</item>
<item>
	<title>[COLOR=white]Glass[/COLOR]</title>
	<meta>
	<imdb>tt6823368</imdb>
	<content>movie</content>
	<title>Glass</title>
	<year>2019</year>
	</meta>
	<link>
	<sublink>https://uptobox.com/5lcea6f180pp(720p)</sublink>
	<sublink>https://uptobox.com/6shfr0cekmfa(1080p)</sublink>
	<sublink>search</sublink>
	<sublink>searchsd</sublink>
	</link>
	<thumbnail>https://image.tmdb.org/t/p/w1280/svIDTNUoajS8dLEo7EosxvyAsgJ.jpg</thumbnail>
	<fanart>https://image.tmdb.org/t/p/w1280/lvjscO8wmpEbIfOEZi92Je8Ktlg.jpg</fanart>
</item>
<item>
	<title>[COLOR=white]The Lego Movie 2: The Second Part[/COLOR]</title>
	<meta>
	<imdb>tt3513498</imdb>
	<content>movie</content>
	<title>The Lego Movie 2: The Second Part</title>
	<year>2019</year>
	</meta>
	<link>
	<sublink>https://uptobox.com/hpl3dfz9xqta(720p)</sublink>
	<sublink>https://uptobox.com/hpl3dfz9xqta(1080p)</sublink>
	</link>
	<thumbnail>https://image.tmdb.org/t/p/w1280/QTESAsBVZwjtGJNDP7utiGV37z.jpg</thumbnail>
	<fanart>https://image.tmdb.org/t/p/w1280/8kPozGb4BDrcWBSsGPrkULG2tP9.jpg</fanart>
</item>
<item>
	<title>[COLOR=white]How to Train Your Dragon: The Hidden World[/COLOR]</title>
	<meta>
	<imdb>tt2386490</imdb>
	<content>movie</content>
	<title>How to Train Your Dragon: The Hidden World</title>
	<year>2019</year>
	</meta>
	<link>
	<sublink>https://uptobox.com/2khmoxykdid9(720p)</sublink>
	<sublink>https://uptobox.com/noihm9hmlziy(1080p)</sublink>
	<sublink>search</sublink>
	<sublink>searchsd</sublink>
	</link>
	<thumbnail>https://image.tmdb.org/t/p/w1280/xvx4Yhf0DVH8G4LzNISpMfFBDy2.jpg</thumbnail>
	<fanart>https://image.tmdb.org/t/p/w1280/h3KN24PrOheHVYs9ypuOIdFBEpX.jpg</fanart>
</item>
<item>
	<title>[COLOR=white]A Dog's Way Home[/COLOR]</title>
	<meta>
	<imdb>tt7616798</imdb>
	<content>movie</content>
	<title>A Dog's Way Home</title>
	<year>2019</year>
	</meta>
	<link>
	<sublink>https://uptobox.com/a1r7rvjxwq0n(720p)</sublink>
	<sublink>https://uptobox.com/27v8963wgr0q(1080p)</sublink>
	<sublink>search</sublink>
	<sublink>searchsd</sublink>
	</link>
	<thumbnail>https://image.tmdb.org/t/p/w1280/pZn87R7gtmMCGGO8KeaAfZDhXLg.jpg</thumbnail>
	<fanart>https://image.tmdb.org/t/p/w1280/w7MsyOpP003FYhsiTgVHa3rNsrz.jpg</fanart>
</item>
<item>
	<title>[COLOR=white]The Kid Who Would Be King[/COLOR]</title>
	<meta>
	<imdb>tt6811018</imdb>
	<content>movie</content>
	<title>The Kid Who Would Be King</title>
	<year>2019</year>
	</meta>
	<link>
	<sublink>https://uptobox.com/lbqwocmqt6x2(720p)</sublink>
	<sublink>https://uptobox.com/3kfdt4xhqb3z(1080p)</sublink>
	<sublink>search</sublink>
	<sublink>searchsd</sublink>
	</link>
	<thumbnail>https://image.tmdb.org/t/p/w1280/kBuvLX6zynQP0sjyqbXV4jNaZ4E.jpg</thumbnail>
	<fanart>https://image.tmdb.org/t/p/w1280/jmbgxBd86MshzQQvv5laKvOKoMm.jpg</fanart>
</item>
<item>
	<title>[COLOR=white]The Queen's Corgi[/COLOR]</title>
  <meta>
  <imdb>tt6563576</imdb>
  <content>movie</content>
  <title>The Queen's Corgi</title>
  <year>2019</year>
  </meta>
  <link>
  <sublink>https://uptobox.com/blu05wxd0cq9(720p)</sublink>
  <sublink></sublink>
  <sublink>search</sublink>
  <sublink>searchsd</sublink>
  </link>
  <thumbnail>https://image.tmdb.org/t/p/w1280/4EkSGoRB6pkKUcXGl0xEFRp01H8.jpg</thumbnail>
  <fanart>https://image.tmdb.org/t/p/w1280/yRZnwcuO4shtDTECGFxmPTmCDTJ.jpg</fanart>
</item>
<item>
	<title>Dumbo</title>
  <meta>
  <imdb>tt3861390</imdb>
  <content>movie</content>
  <title>Dumbo</title>
  <year>2019</year>
  </meta>
  <link>https://uptostream.com/g9k1gbymzhmq</link>
  <sublink>searchsd</sublink>
  <thumbnail>https://image.tmdb.org/t/p/original/iOxQaGbn1C8ZeDdpvsPgLYrMJsr.jpg</thumbnail>
  <fanart>https://image.tmdb.org/t/p/original/iOxQaGbn1C8ZeDdpvsPgLYrMJsr.jpg</fanart>
</item>
<item>
	<title>[COLOR=white]A Vigilante[/COLOR]</title>
	<meta>
	<imdb>tt6211976</imdb>
	<content>movie</content>
	<title>A Vigilante</title>
	<year>2019</year>
	</meta>
	<link>
	<sublink>https://uptobox.com/2xtehc857ku7(720p)</sublink>
	<sublink>search</sublink>
	<sublink>searchsd</sublink>
	</link>
	<thumbnail>https://image.tmdb.org/t/p/w1280/avoKZfgBzyBGJsrAr2WQOwZK978.jpg</thumbnail>
	<fanart>https://image.tmdb.org/t/p/w1280/kReEky4XRCAq22H5V37kDcNY9dj.jpg</fanart>
</item>
<item>
	<title>[COLOR=white]Glass[/COLOR]</title>
	<meta>
	<imdb>tt6823368</imdb>
	<content>movie</content>
	<title>Glass</title>
	<year>2019</year>
	</meta>
	<link>
	<sublink>https://uptobox.com/5lcea6f180pp(720p)</sublink>
	<sublink>https://uptobox.com/6shfr0cekmfa(1080p)</sublink>
	<sublink>search</sublink>
	<sublink>searchsd</sublink>
	</link>
	<thumbnail>https://image.tmdb.org/t/p/w1280/svIDTNUoajS8dLEo7EosxvyAsgJ.jpg</thumbnail>
	<fanart>https://image.tmdb.org/t/p/w1280/lvjscO8wmpEbIfOEZi92Je8Ktlg.jpg</fanart>
</item>
<item>
	<title>Loophole</title>
<meta>
<content>movie</content>
<imdb>tt6034774</imdb>
<title>Loophole</title>
<year>2019</year>
</meta>
<link>
<sublink>https://uptostream.com/lno93zcrmovf(1080p)</sublink>
<sublink>search</sublink>
<sublink>searchsd</sublink>
</link>
<thumbnail>https://image.tmdb.org/t/p/w1280/jQ5woJUSmE31kbpmRgxo3JQulAH.jpg</thumbnail>
<fanart>https://image.tmdb.org/t/p/w1000_and_h563_face/kruuhGzynNlI3Hy3sEJedzPlmkv.jpg</fanart>
</item>
<item>
	<title>American Hangman</title>
<meta>
<content>movie</content>
<imdb>tt8975028</imdb>
<title>American Hangman</title>
<year>2019</year>
</meta>
<link>
<sublink>https://uptostream.com/qmokz4uw88eh(720p)</sublink>
<sublink>search</sublink>
<sublink>searchsd</sublink>
</link>
<thumbnail>https://image.tmdb.org/t/p/w1280/nWQTrJU71YpChiAZAmGH3RLtsfK.jpg</thumbnail>
<fanart>https://image.tmdb.org/t/p/w1000_and_h563_face/r2XjduXA3a6KRHC8gIhotFwbwrS.jpg</fanart>
</item>
<item>
	<title>Close (2019)</title>
<meta>
<content>movie</content>
<imdb>tt5316540</imdb>
<title>Close</title>
<year>2019</year>
</meta>
<link>
<sublink>https://uptobox.com/lk6b4gfer6fc</sublink>
<sublink></sublink>
<sublink>search</sublink>
<sublink>searchsd</sublink>
</link>
<thumbnail>https://image.tmdb.org/t/p/w600_and_h900_bestv2/4kjUGqPIv6kpxJUvjmeQX7nQpKd.jpg</thumbnail>
<fanart>https://image.tmdb.org/t/p/original/i1OmeN4o6ZnkclaDd9bXrmnlQJu.jpg</fanart>
</item>
<item>
	<title>Doom Room (2019)</title>
<meta>
<content>movie</content>
<imdb></imdb>
<title>Doom Room</title>
<year>2019</year>
</meta>
<link>
<sublink>https://uptobox.com/x7ci86rxmp4r</sublink>
<sublink></sublink>
<sublink>search</sublink>
<sublink>searchsd</sublink>
</link>
<thumbnail>https://image.tmdb.org/t/p/w600_and_h900_bestv2/ce48ZMIyW8OE5vFMBza2OGpwGnb.jpg</thumbnail>
<fanart>https://image.tmdb.org/t/p/original/pPdOuYOsE0ZL17LdoGNfJLKgIxo.jpg</fanart>
</item>
<item>
	<title>[COLOR=white]Happy Death Day 2U[/COLOR]</title>
  <meta>
  <imdb>tt8155288</imdb>
  <content>movie</content>
  <title>Happy Death Day 2U</title>
  <year>2019</year>
  </meta>
  <link>
  <sublink>https://uptobox.com/b1z1dy123ch8(720p)</sublink>
  <sublink>https://uptobox.com/978zhrk5skk0(1080p)</sublink>
  <sublink>search</sublink>
  <sublink>searchsd</sublink>
  </link>
  <thumbnail>https://image.tmdb.org/t/p/w1280/4tdnePOkOOzwuGPEOAHp8UA4vqx.jpg</thumbnail>
  <fanart>https://image.tmdb.org/t/p/w1280/v99NrmuSYn4HGwwpHWEkMVSeAL3.jpg</fanart>
</item>
<item>
	<title>[COLOR=white]The Russian Bride[/COLOR]</title>
	<meta>
	<imdb>tt6214468</imdb>
	<content>movie</content>
	<title>The Russian Bride</title>
	<year>2019</year>
	</meta>
	<link>
	<sublink>https://uptobox.com/gdyj4n7tu9je(720p)</sublink>
	<sublink>https://uptobox.com/ev8t8il8a9up(1080p)</sublink>
	<sublink>search</sublink>
	<sublink>searchsd</sublink>
	</link>
	<thumbnail>https://image.tmdb.org/t/p/w1280/drtDtlS8RPvpddggrGKsBSGOsRM.jpg</thumbnail>
	<fanart>https://image.tmdb.org/t/p/w1280/ur724WwYuYvwtteqeQv4W1ayj5l.jpg</fanart>
</item>
<item>
	<title>[COLOR=white]Night[/COLOR]</title>
	<meta>
	<imdb>tt9659470</imdb>
	<content>movie</content>
	<title>Night</title>
	<year>2019</year>
	</meta>
	<link>
	<sublink>https://uptobox.com/fp9982a17v3j(720p)</subink>
	<sublink>search</sublink>
	<sublink>searchsd</sublink>
	</link>
	<thumbnail>https://image.tmdb.org/t/p/w1280/fiQbv62LyHDOJFWPM8g7tM7RU9w.jpg</thumbnail>
	<fanart>https://image.tmdb.org/t/p/w1280</fanart>
</item>
<item>
	<title>[COLOR=white]St. Agatha[/COLOR]</title>
	<meta>
	<imdb>tt6182078</imdb>
	<content>movie</content>
	<title>St. Agatha</title>
	<year>2019</year>
	</meta>
	<link>
	<sublink>https://uptobox.com/lijs585k7f0h(720p)</sublink>
	<sublink>https://uptobox.com/hey825clbal5(1080p)</sublink>
	<sublink>search</sublink>
	<sublink>searchsd</sublink>
	</link>
	<thumbnail>https://image.tmdb.org/t/p/w1280/zpR3FzaagWTbwgFPn1P6sEZ4str.jpg</thumbnail>
	<fanart>https://image.tmdb.org/t/p/w1280/9nwXR3NV0TUPplyduBc0WAqOhwc.jpg</fanart>
</item>
<item>
	<title>[COLOR=white]The Prodigy[/COLOR]</title>
	<meta>
	<imdb>tt4504044</imdb>
	<content>movie</content>
	<title>The Prodigy</title>
	<year>2019</year>
	</meta>
	<link>
	<sublink>https://uptobox.com/rnk35phqj95u(720p)</sublink>
	<sublink>https://uptobox.com/fb0kdn7mcynv(1080p)</sublink>
	<sublink>search</sublink>
	<sublink>searchsd</sublink>
	</link>
	<thumbnail>https://image.tmdb.org/t/p/w1280/yyejodyk3lWncVjVhhrEkPctY9o.jpg</thumbnail>
	<fanart>https://image.tmdb.org/t/p/w1280/oxTgovZ3TQ8LLxifUm16ROMULP5.jpg</fanart>
</item>
<item>
	<title>[COLOR=white]Escape Room[/COLOR]</title>
	<meta>
	<imdb>tt5886046</imdb>
	<content>movie</content>
	<title>Escape Room</title>
	<year>2019</year>
	</meta>
	<link>
	<sublink>https://uptobox.com/8rfdbel12pp2(720p)</sublink>
	<sublink>https://uptobox.com/s8tm3fzojc05(1080p)</sublink>
	<sublink>search</sublink>
	<sublink>searchsd</sublink>
	</link>
	<thumbnail>https://image.tmdb.org/t/p/w1280/8yZAx7tlKRZIg7pJfaPhl00yHIQ.jpg</thumbnail>
	<fanart>https://image.tmdb.org/t/p/w1280/mWLljCmpqlcYQh7uh51BBMwCZwN.jpg</fanart>
</item>
<item>
	<title>[COLOR=white]Anne[/COLOR]</title>
  <meta>
  <imdb>tt6342062</imdb>
  <content>movie</content>
  <title>Anne</title>
  <year>2019</year>
  </meta>
  <link>
  <sublink>https://uptobox.com/c5jzyx97h4je(720p)</sublink>
  <sublink>https://uptobox.com/2j5852055w9l(1080p)</sublink>
  <sublink>search</sublink>
  <sublink>searchsd</sublink>
  </link>
  <thumbnail>https://image.tmdb.org/t/p/w1280/1nK9yBYMEkhCiMUioFRHRyP6KBL.jpg</thumbnail>
  <fanart>https://image.tmdb.org/t/p/w1280/51qFJvQC1wZyCsPY3jFbtzWApub.jpg</fanart>
</item>
<item>
	<title>[COLOR=white]Room for Rent[/COLOR]</title>
  <meta>
  <imdb>tt6747818</imdb>
  <content>movie</content>
  <title>Room for Rent</title>
  <year>2019</year>
  </meta>
  <link>
  <sublink>https://uptobox.com/ny5zk950e1aq(720p)</sublink>
  <sublink>search</sublink>
  <sublink>searchsd</sublink>
  </link>
  <thumbnail>https://image.tmdb.org/t/p/w1280/eEy7C8k1f4sMulW1Ca9s8EtFAhb.jpg</thumbnail>
  <fanart>https://image.tmdb.org/t/p/w1280/5vk4Xe1L1YvRjF4uIgUB4QB7txz.jpg</fanart>
</item>
<item>
	<title>[COLOR=white]Polaroid[/COLOR]</title>
  <meta>
  <imdb>tt5598292</imdb>
  <content>movie</content>
  <title>Polaroid</title>
  <year>2019</year>
  </meta>
  <link>
  <sublink>https://uptostream.com/iframe/m1k4nnb9zjr7(720p)</sublink>
  <sublink>https://uptobox.com/3blqivn1vjgi(1080p)</sublink>
  <sublink>search</sublink>
  <sublink>searchsd</sublink>
  </link>
  <thumbnail>https://image.tmdb.org/t/p/w1280/3ExDhZAqaSQaUNka4CDkvEaI72L.jpg</thumbnail>
  <fanart>https://image.tmdb.org/t/p/w1280/nzMdjuUZ6LR3XheCG5VGwm5vYEY.jpg</fanart>
</item>
<item>
	<title>[COLOR=white]The Curse of La Llorona[/COLOR]</title>
  <meta>
  <imdb>tt4913966</imdb>
  <content>movie</content>
  <title>The Curse of La Llorona</title>
  <year>2019</year>
  </meta>
  <link>
  <sublink> https://uptobox.com/amb0nyji5ynq(1080p)</sublink>
  <sublink>search</sublink>
  <sublink>searchsd</sublink>
  </link>
  <thumbnail>https://image.tmdb.org/t/p/w1280/jhZlXSnFUpNiLAek9EkPrtLEWQI.jpg</thumbnail>
  <fanart>https://image.tmdb.org/t/p/w1280/u2vGggeMPAkhEtD7bYGfeThsQiM.jpg</fanart>
</item>
<item>
	<title>[COLOR=white]Assimilate[/COLOR]</title>
  <meta>
  <imdb>tt5238904</imdb>
  <content>movie</content>
  <title>Assimilate</title>
  <year>2019</year>
  </meta>
  <link>
  <sublink>https://uptobox.com/sjxsqs7iozc2(720p)</sublink>
  <sublink>https://uptobox.com/ys7phetozx6p(1080p)</sublink>
  <sublink>search</sublink>
  <sublink>searchsd</sublink>
  </link>
  <thumbnail>https://image.tmdb.org/t/p/w1280/zRMMzuq6emwAJXcQ0uw3kkAycl9.jpg</thumbnail>
  <fanart>https://image.tmdb.org/t/p/w1280/gTIqblNH6gxyC8TErdS6Dr7GmsZ.jpg</fanart>
</item>
<item>
	<title>[COLOR=white]Us[/COLOR]</title>
  <meta>
  <imdb>tt6857112</imdb>
  <content>movie</content>
  <title>Us</title>
  <year>2019</year>
  </meta>
  <link>
  <sublink>https://uptobox.com/6wnov4jdsgew(720p)</sublink>
  <sublink>search</sublink>
  <sublink>searchsd</sublink>
  </link>
  <thumbnail>https://image.tmdb.org/t/p/w1280/ux2dU1jQ2ACIMShzB3yP93Udpzc.jpg</thumbnail>
  <fanart>https://image.tmdb.org/t/p/w1280/AiG8iWpFtFSXAdhStWu6qBaqmv9.jpg</fanart>
</item>
<item>
	<title>[COLOR=white]I Am Mother[/COLOR]</title>
  <meta>
  <imdb>tt6292852</imdb>
  <content>movie</content>
  <title>I Am Mother</title>
  <year>2019</year>
  </meta>
  <link>
  <sublink>https://uptostream.com/zx1hccb46nuu</sublink>
  <sublink>search</sublink>
  <sublink>searchsd</sublink>
  </link>
  <thumbnail>https://image.tmdb.org/t/p/w1280/eItrj5GcjvCI3oD3bIcz1A2IL9t.jpg</thumbnail>
  <fanart>https://image.tmdb.org/t/p/w1280/xmKUgQ7J2ri9kFGNvCPPWTCDj9Y.jpg</fanart>
</item>
<item>
	<title>[COLOR=white]The Hole in the Ground[/COLOR]</title>
	<meta>
	<imdb>tt6198946</imdb>
	<content>movie</content>
	<title>The Hole in the Ground</title>
	<year>2019</year>
	</meta>
	<link>
	<sublink>https://uptobox.com/tfedje5brk0x(1080p)</sublink>
	<sublink>search</sublink>
	<sublink>searchsd</sublink>
	</link>
	<thumbnail>https://image.tmdb.org/t/p/w1280/4rEU3xFU9vj0qkk0oRAyHF9CzQO.jpg</thumbnail>
	<fanart>https://image.tmdb.org/t/p/w1280/6mwMpsP2lhFBhuULFNHBSCVC7w3.jpg</fanart>
</item>
<item>
	<title>[COLOR=white]The Final Wish[/COLOR]</title>
	<meta>
	<imdb>tt9109306</imdb>
	<content>movie</content>
	<title>The Final Wish</title>
	<year>2019</year>
	</meta>
	<link>
	<sublink>https://uptobox.com/3mebk76665ku(720p)</sublink>
	<sublink>https://uptobox.com/0cqj49s3a9lq(1080p)</sublink>
	<sublink>search</sublink>
	<sublink>searchsd</sublink>
	</link>
	<thumbnail>https://image.tmdb.org/t/p/w1280/3lFQPOhOAg1gAQgFsXdfYfXFbI6.jpg</thumbnail>
	<fanart>https://image.tmdb.org/t/p/w1280/wyp4QygcdDcLim2F9D3y4gxbW4g.jpg</fanart>
</item>
<item>
	<title>[COLOR=white]1st Summoning[/COLOR]</title>
	<meta>
	<imdb>tt8142044</imdb>
	<content>movie</content>
	<title>1st Summoning</title>
	<year>2019</year>
	</meta>
	<link>
	<sublink>https://uptobox.com/4m0ya699cs64(720P)</sublink>
	<sublink>https://uptobox.com/1l3vif2pmq2g(1080P)</sublink>
	<sublink>search</sublink>
	<sublink>searchsd</sublink>
	</link>
	<thumbnail>https://image.tmdb.org/t/p/w1280/2XX4E8zK1l0RXgurixcCP3gxRTr.jpg</thumbnail>
	<fanart>https://image.tmdb.org/t/p/w1280/38zXqkN6kC4OUUOvxqHN2haHAs5.jpg</fanart>
</item>
<item>
	<title>Real Cases of Shadow People The Sarah McCormick Story (2019)</title>
<meta>
<content>movie</content>
<imdb>tt7200076</imdb>
<title>Real Cases of Shadow People The Sarah McCormick Story</title>
<year>2019</year>
</meta>
<link>
<sublink>https://uptobox.com/20bdk25rvpka</sublink>
<sublink>search</sublink>
<sublink>searchsd</sublink>
</link>
<thumbnail>https://m.media-amazon.com/images/M/MV5BYzIyYjhlZGYtNzA5YS00MGE1LWFjNmMtOWQ0ZGQ0MGFiYTgyXkEyXkFqcGdeQXVyMzEyMzg4MDc@._V1_SY1000_CR0,0,647,1000_AL_.jpg</thumbnail>
<fanart>https://m.media-amazon.com/images/M/MV5BN2MyOGIyOWItNGI2Yi00NDc5LTk2ZGEtYzVmMGY4MmY1NzMxXkEyXkFqcGdeQXVyMjM5NTA3MjU@._V1_.jpg</fanart>
</item>
<item>
	<title>[COLOR=white]Blood Bound[/COLOR]</title>
	<meta>
	<imdb>tt4054008</imdb>
	<content>movie</content>
	<title>Blood Bound</title>
	<year>2019</year>
	</meta>
	<link>
	<sublink>https://uptobox.com/hvs57gm3ymrm(720P)</sublink>
	<sublink>https://uptobox.com/z4brv9c9kirr(1080P)</sublink>
	<sublink>search</sublink>
	<sublink>searchsd</sublink>
	</link>
	<thumbnail>https://image.tmdb.org/t/p/w1280/lgO2gzjYSKenJxWu4V4u1VhTQYX.jpg</thumbnail>
	<fanart>https://image.tmdb.org/t/p/w1280/hohU2iFmHpZqloJqFT941qmrA1k.jpg</fanart>
</item>
<item>
	<title>[COLOR=white]Pledge[/COLOR]</title>
	<meta>
	<imdb>tt6220752</imdb>
	<content>movie</content>
	<title>Pledge</title>
	<year>2019</year>
	</meta>
	<link>
	<sublink>https://uptobox.com/yvro16krryby(720P)</sublink>
	<sublink>https://uptobox.com/8sd7dsvkwunr(1080P)</sublink>
	<sublink>search</sublink>
	<sublink>searchsd</sublink>
	</link>
	<thumbnail>https://image.tmdb.org/t/p/w1280/qmtnUMoWCvJKi276AkORxnYQ0q1.jpg</thumbnail>
	<fanart>https://image.tmdb.org/t/p/w1280/aqdjM6chmFlOtt1bzW0uLVIJWan.jpg</fanart>
</item>
<item>
	<title>[COLOR=white]Among the Shadows[/COLOR]</title>
	<meta>
	<imdb>tt5206770</imdb>
	<content>movie</content>
	<title>Among the Shadows</title>
	<year>2019</year>
	</meta>
	<link>
	<sublink>https://uptobox.com/2bb3p2jfmg6h(720p)</sublink>
	</link>
	<thumbnail>https://image.tmdb.org/t/p/w1280/j3OBG9Td4jnXGn7m4LuNJtzskH8.jpg</thumbnail>
	<fanart>https://image.tmdb.org/t/p/w1280/uDQgUOwmbkD7MF40DTxvcmvyzAF.jpg</fanart>
</item>
<item>
	<title>[COLOR=white]What Lies Ahead[/COLOR]</title>
	<meta>
	<imdb>tt6009582</imdb>
	<content>movie</content>
	<title>What Lies Ahead</title>
	<year>2019</year>
	</meta>
	<link>https://uptobox.com/xfopagxjtr9a</link>
	<thumbnail>https://image.tmdb.org/t/p/w1280/goWL6XwereI6MTyW21G2tEM1KqC.jpg</thumbnail>
	<fanart>https://image.tmdb.org/t/p/w1280/FGYMegWLcZWMHS4srfKaxA4RdL.jpg</fanart>
</item>
<item>
	<title>[COLOR=white]Iron Sky The Coming Race[/COLOR]</title>
  <meta>
  <imdb>tt3038708</imdb>
  <content>movie</content>
  <title>Iron Sky The Coming Race</title>
  <year>2019</year>
  </meta>
  <link>
  <sublink>https://uptobox.com/ylovozk2gt9d(720p)</sublink>
  <sublink>https://uptostream.com/4g0urbdbgxy5(1080p)</sublink>
  <sublink>search</sublink>
  <sublink>searchsd</sublink>
  </link>
  <thumbnail>https://image.tmdb.org/t/p/w1280/l5t2Nf1F7iQUKTrODg93xmQzZLj.jpg</thumbnail>
  <fanart>https://image.tmdb.org/t/p/w1280/lg97HvXE6XAk0Z0aCbuOlx2Ayiv.jpg</fanart>
</item>
<item>
	<title>The Last Boy (2019)</title>
<meta>
<content>movie</content>
<imdb>tt4157728</imdb>
<title>The Last Boy</title>
<year>2019</year>
</meta>
<link>
<sublink>https://uptobox.com/i3pdl5yw26ks</sublink>
<sublink></sublink>
<sublink>search</sublink>
<sublink>searchsd</sublink>
</link>
<thumbnail>https://image.tmdb.org/t/p/w600_and_h900_bestv2/ygUsgb6WSTZ4iyZJXpjswgngqBY.jpg</thumbnail>
<fanart>https://image.tmdb.org/t/p/original/bNTBWrSLZrOdB4NLCV2LmA3fuiK.jpg</fanart>
</item>
<item>
	<title>An Affair to Die For-2019</title>
<meta>
<content>movie</content>
<imdb>tt8620646</imdb>
<title>An Affair to Die For</title>
<year>2019</year>
</meta>
<link>
<sublink>https://uptostream.com/x9p58bxk4or3(720p)</sublink>
<sublink>search</sublink>
<sublink>searchsd</sublink>
</link>
<thumbnail>https://image.tmdb.org/t/p/w1280/Vo4vUGaE081biscSRiacl9agmE.jpg</thumbnail>
<fanart>https://image.tmdb.org/t/p/w1000_and_h563_face/zV9rhmluZ4498aDI3RVEYD8EqiS.jpg</fanart>
</item>
<item>
	<title>[COLOR=white]Hotel Mumbai[/COLOR]</title>
  <meta>
  <imdb>tt5461944</imdb>
  <content>movie</content>
  <title>Hotel Mumbai</title>
  <year>2019</year>
  </meta>
  <link>
  <sublink>https://uptobox.com/8cg1slvcl13o(720p)</sublink>
  <sublink>https://uptostream.com/y59pxisp34l3(1080p)</sublink>
  <sublink>search</sublink>
  <sublink>searchsd</sublink>
  </link>
  <thumbnail>https://image.tmdb.org/t/p/w1280/4UM3WBgWvAXi9CaBXJjwAMnEY05.jpg</thumbnail>
  <fanart>https://image.tmdb.org/t/p/w1280/2WgDlJnkc1klLr1WuCuUTzzmNne.jpg</fanart>
</item>
<item>
	<title>[COLOR=white]The Hummingbird Project[/COLOR]</title>
  <meta>
  <imdb>tt6866224</imdb>
  <content>movie</content>
  <title>The Hummingbird Project</title>
  <year>2019</year>
  </meta>
  <link>
  <sublink>https://uptobox.com/qg23sbelxl6v(720p)</sublink>
  <sublink>search</sublink>
  <sublink>searchsd</sublink>
  </link>
  <thumbnail>https://image.tmdb.org/t/p/w1280/cx7CuTtcJvjZAP6ZFWoxylCXKFP.jpg</thumbnail>
  <fanart>https://image.tmdb.org/t/p/w1280/rSPI0vlgpy3XJfNqadgKi7UZrHY.jpg</fanart>
</item>
<item>
	<title>[COLOR=white]The Highwaymen[/COLOR]</title>
	<meta>
	<imdb>tt1860242</imdb>
	<content>movie</content>
	<title>The Highwaymen</title>
	<year>2019</year>
	</meta>
	<link>
	<sublink>https://uptobox.com/nbk143wxr7ij(720p)</sublink>
	<sublink>https://uptobox.com/xipermpyuec9(1080p)</sublink>
	<sublink>search</sublink>
	<sublink>searchsd</sublink>
	</link>
	<thumbnail>https://image.tmdb.org/t/p/w1280/4bRYg4l12yDuJvAfqvUOPnBrxno.jpg</thumbnail>
	<fanart>https://image.tmdb.org/t/p/w1280/pZ78ksjPlXf3q2EeONN8WdHE03Y.jpg</fanart>
</item>
<item>
	<title>[COLOR=white]Triple Frontier[/COLOR]</title>
	<meta>
	<imdb>tt1488606</imdb>
	<content>movie</content>
	<title>Triple Frontier</title>
	<year>2019</year>
	</meta>
	<link>
	<sublink>https://uptobox.com/9j5qi2ee271w(1080P)</sublink>
	<sublink>search</sublink>
	<sublink>searchsd</sublink>
	</link>
	<thumbnail>https://image.tmdb.org/t/p/w1280/aBw8zYuAljVM1FeK5bZKITPH8ZD.jpg</thumbnail>
	<fanart>https://image.tmdb.org/t/p/w1280/oAHrzWUakQoukH4Gt2UKdYXMSPH.jpg</fanart>
</item>
<item>
	<title>[COLOR=white]Cold Pursuit[/COLOR]</title>
  <meta>
  <imdb>tt5719748</imdb>
  <content>movie</content>
  <title>Cold Pursuit</title>
  <year>2019</year>
  </meta>
  <link>
  <sublink>https://uptobox.com/m401mxrwkecy(720p)</sublink>
  <sublink>https://uptostream.com/h18ijppog3hz(1080p)</sublink>
  <sublink>search</sublink>
  <sublink>searchsd</sublink>
  </link>
  <thumbnail>https://image.tmdb.org/t/p/w1280/otK0H9H1w3JVGJjad5Kzx3Z9kt2.jpg</thumbnail>
  <fanart>https://image.tmdb.org/t/p/w1280/aiM3XxYE2JvW1vJ4AC6cI1RjAoT.jpg</fanart>
</item>
<item>
	<title>[COLOR=white]The Highwaymen[/COLOR]</title>
	<meta>
	<imdb>tt1860242</imdb>
	<content>movie</content>
	<title>The Highwaymen</title>
	<year>2019</year>
	</meta>
	<link>
	<sublink>https://uptobox.com/nbk143wxr7ij(720p)</sublink>
	<sublink>https://uptobox.com/xipermpyuec9(1080p)</sublink>
	<sublink>search</sublink>
	<sublink>searchsd</sublink>
	</link>
	<thumbnail>https://image.tmdb.org/t/p/w1280/4bRYg4l12yDuJvAfqvUOPnBrxno.jpg</thumbnail>
	<fanart>https://image.tmdb.org/t/p/w1280/pZ78ksjPlXf3q2EeONN8WdHE03Y.jpg</fanart>
</item>
<item>
	<title>[COLOR=white]Dragged Across Concrete[/COLOR]</title>
  <meta>
  <imdb>tt6491178</imdb>
  <content>movie</content>
  <title>Dragged Across Concrete</title>
  <year>2019</year>
  </meta>
  <link>
  <sublink>https://uptobox.com/v5jadfg4ybbu(720p)</sublink>
  <sublink>https://uptobox.com/ijmjowm8daoo(1080p)</sublink>
  <sublink>search</sublink>
  <sublink>searchsd</sublink>
  </link>
  <thumbnail>https://image.tmdb.org/t/p/w1280/fVG4a27ImyPS4vvNMjCtan3QhDl.jpg</thumbnail>
  <fanart>https://image.tmdb.org/t/p/w1280/sZUbg9K8zGiUmeVYSlUNelVcuzM.jpg</fanart>
</item>
<item>
	<title>[COLOR=white]Apollo 11[/COLOR]</title>
  <meta>
  <imdb>tt8760684</imdb>
  <content>movie</content>
  <title>Apollo 11</title>
  <year>2019</year>
  </meta>
  <link>
  <sublink> https://uptobox.com/xd8xl8i667ok(720p)</sublink>
  <sublink>https://uptobox.com/1d7ctszxedol(1080p)</sublink>
  <sublink>search</sublink>
  <sublink>searchsd</sublink>
  </link>
  <thumbnail>https://image.tmdb.org/t/p/w1280/woLMRroHyoTGoXyxdEeBJEYBFtu.jpg</thumbnail>
  <fanart>https://image.tmdb.org/t/p/w1280/7KuGLqB3NcK0WPiDsfrUwrOqzDe.jpg</fanart>
</item>
<item>
	<title>[COLOR=white]Miss Bala[/COLOR]</title>
	<meta>
	<imdb>tt5941692</imdb>
	<content>movie</content>
	<title>Miss Bala</title>
	<year>2019</year>
	</meta>
	<link>
	<sublink>https://uptobox.com/x3383e3qiyw2(720p)</sublink>
	<sublink>https://uptobox.com/fwwztcj4nr4y(1080p)</sublink>
	<sublink>search</sublink>
	<sublink>searchsd</sublink>
	</link>
	<thumbnail>https://image.tmdb.org/t/p/w1280/ae9yrSAS7nLZPbbkOm61pSuIqeo.jpg</thumbnail>
	<fanart>https://image.tmdb.org/t/p/w1280/5OoR3aVpxXluSCe9P5mhqOa36Gb.jpg</fanart>
</item>
<item>
	<title>[COLOR=white]Rim of the World[/COLOR]</title>
  <meta>
  <imdb>tt8179388</imdb>
  <content>movie</content>
  <title>Rim of the World</title>
  <year>2019</year>
  </meta>
  <link>
  <sublink>https://uptobox.com/o8zafi4se9cy(1080p)</sublink>
  <sublink>search</sublink>
  <sublink>searchsd</sublink>
  </link>
  <thumbnail>https://image.tmdb.org/t/p/w1280/yhzTeZU5OULn3ePGF58Rc5oIocZ.jpg</thumbnail>
  <fanart>https://image.tmdb.org/t/p/w1280/wsjcWHezujlzhBpED3KXq3JkxmB.jpg</fanart>
</item>
<item>
	<title>[COLOR=white]Beneath the Leaves[/COLOR]</title>
  <meta>
  <imdb>tt4574654</imdb>
  <content>movie</content>
  <title>Beneath the Leaves</title>
  <year>2019</year>
  </meta>
  <link>
  <sublink>https://uptostream.com/4dibduvvzml6(720p)</sublink>
  <sublink>search</sublink>
  <sublink>searchsd</sublink>
  </link>
  <thumbnail>https://image.tmdb.org/t/p/w1280/8mxdYMMQifc8VEA1pY3hLAnqdFw.jpg</thumbnail>
  <fanart>https://image.tmdb.org/t/p/w1280/zy4zTAS6R58cogMHDXs3E6KgsKt.jpg</fanart>
</item>
<item>
	<title>Rust Creek-2019</title>
<meta>
<content>movie</content>
<imdb>tt6610158</imdb>
<title>Rust Creek</title>
<year>2019</year>
</meta>
<link>
<sublink>https://uptostream.com/r6mk0la0kn8g(720p)</sublink>
<sublink>search</sublink>
<sublink>searchsd</sublink>
</link>
<thumbnail>https://image.tmdb.org/t/p/w1280/rd8kbkcvdNTByYKDqY2FyxlhhCy.jpg</thumbnail>
<fanart>https://image.tmdb.org/t/p/w1000_and_h563_face/xmLLkEhqIw0Me0wgO9ZhtP0MW7U.jpg</fanart>
</item>
<item>
	<title>[COLOR=white]The Poison Rose[/COLOR]</title>
  <meta>
  <imdb>tt5862166</imdb>
  <content>movie</content>
  <title>The Poison Rose</title>
  <year>2019</year>
  </meta>
  <link>
  <sublink>https://uptobox.com/le24g7g4k9jf(720p)</sublink>
  <sublink>https://uptobox.com/1n4c9lmxl7qk(1080p)</sublink>
  <sublink>search</sublink>
  <sublink>searchsd</sublink>
  </link>
  <thumbnail>https://image.tmdb.org/t/p/w1280/gSzyUmg719TgAxarFZYWjLLMqvS.jpg</thumbnail>
  <fanart>https://image.tmdb.org/t/p/w1280/3foyl4i78mZoeBb8EQ0RR5axu01.jpg</fanart>
</item>
<item>
	<title>[COLOR=white]Fighting with My Family[/COLOR]</title>
  <meta>
  <imdb>tt6513120</imdb>
  <content>movie</content>
  <title>Fighting with My Family</title>
  <year>2019</year>
  </meta>
  <link>
  <sublink>https://uptobox.com/pgp5zwkscfil(720p)</sublink>
  <sublink>https://uptobox.com/cnywor2ay7ph(1080p)</sublink>
  <sublink>search</sublink>
  <sublink>searchsd</sublink>
  </link>
  <thumbnail>https://image.tmdb.org/t/p/w1280/3TZCBAdKQiz0cGKGEjZiyZUA01O.jpg</thumbnail>
  <fanart>https://image.tmdb.org/t/p/w1280/mYKP6qcDUimVMAHQWLOuDHjO19S.jpg</fanart>
</item>
<item>
	<title>[COLOR=white]The Upside[/COLOR]</title>
	<meta>
	<imdb>tt1987680</imdb>
	<content>movie</content>
	<title>The Upside</title>
	<year>2019</year>
	</meta>
	<link>
	<sublink>https://uptobox.com/afqfdt59vtl7(720p)</sublink>
	<sublink>https://uptobox.com/38dxzy0w8erk(1080p)</sublink>
	<sublink>search</sublink>
	<sublink>searchsd</sublink>
	</link>
	<thumbnail>https://image.tmdb.org/t/p/w1280/hPZ2caow1PCND6qnerfgn6RTXdm.jpg</thumbnail>
	<fanart>https://image.tmdb.org/t/p/w1280/mzXGbLVZfdP2ouKH7dztjp9yK94.jpg</fanart>
</item>
<item>
	<title>[COLOR=white]The Perfect Date[/COLOR]</title>
	<meta>
	<imdb>tt8201170</imdb>
	<content>movie</content>
	<title>The Perfect Date</title>
	<year>2019</year>
	</meta>
	<link>
	<sublink>https://uptobox.com/6eaoqpv5n1kc(720p)</sublink>
	<sublink>https://uptobox.com/6q13byi6hpiu(1080p)</sublink>
	<sublink>search</sublink>
	<sublink>searchsd</sublink>
	</link>
	<thumbnail>https://image.tmdb.org/t/p/w1280/rrAYdezO3h1mjdYTaQyTXoj8IZ4.jpg</thumbnail>
	<fanart>https://image.tmdb.org/t/p/w1280/a1FDYNvHj6dX3IFrxaOeJfCbqPs.jpg</fanart>
</item>
<item>
	<title>[COLOR=white]Wine Country[/COLOR]</title>
  <meta>
  <imdb>tt8169446</imdb>
  <content>movie</content>
  <title>Wine Country</title>
  <year>2019</year>
  </meta>
  <link>
  <sublink>https://uptobox.com/losxz6xn58up(1080p)</sublink>
  <sublink>search</sublink>
  <sublink>searchsd</sublink>
  </link>
  <thumbnail>https://image.tmdb.org/t/p/w1280/mi5l29DQFdwrTXxbqM2OLbs830H.jpg</thumbnail>
  <fanart>https://image.tmdb.org/t/p/w1280/zlGyQVqPoSLDsEgEgdWaUyqkxrC.jpg</fanart>
</item>
<item>
	<title>[COLOR=white]Booksmart[/COLOR]</title>
  <meta>
  <imdb>tt1489887</imdb>
  <content>movie</content>
  <title>Booksmart</title>
  <year>2019</year>
  </meta>
  <link>
  <sublink>https://uptobox.com/20u23x635j0d(720p)</sublink>
  <sublink>search</sublink>
  <sublink>searchsd</sublink>
  </link>
  <thumbnail>https://image.tmdb.org/t/p/w1280/Awyg5IdELQV3sBoErhJ9QVcX8TA.jpg</thumbnail>
  <fanart>https://image.tmdb.org/t/p/w1280/4dUZKnC1QABSwFPjGZDU1UVEImz.jpg</fanart>
</item>
<item>
	<title>[COLOR=white]Isn't It Romantic[/COLOR]</title>
	<meta>
	<imdb>tt2452244</imdb>
	<content>movie</content>
	<title>Isn't It Romantic</title>
	<year>2019</year>
	</meta>
	<link>
	<sublink>https://uptobox.com/awonabg8ef1l(720p)</sublink>
	<sublink>https://uptobox.com/061yxyzzrmat(1080p)</sublink>
	</link>
	<thumbnail>https://image.tmdb.org/t/p/w1280/5xNBYXuv8wqiLVDhsfqCOr75DL7.jpg</thumbnail>
	<fanart>https://image.tmdb.org/t/p/w1280/fPwJmIg6CVNNXUJvL1wgeexzwEp.jpg</fanart>
</item>
<item>
	<title>SGT. Will Gardner</title>
<meta>
<content>movie</content>
<imdb>tt1650060</imdb>
<title>SGT. Will Gardner</title>
<year>2019</year>
</meta>
<link>
<sublink>https://uptostream.com/hbao923o3enw(720p)</sublink>
<sublink>(1080p)</sublink>
<sublink>search</sublink>
<sublink>searchsd</sublink>
</link>
<thumbnail>https://image.tmdb.org/t/p/w1280/3OSAh3Tw1FHzK8Pc6DUAUqSOerC.jpg</thumbnail>
<fanart>https://image.tmdb.org/t/p/w1000_and_h563_face/yZaeHWFdQkSCjgytKyGrDqsrkPd.jpg</fanart>
</item>
<item>
	<title>[COLOR=white]Deion's Double Play[/COLOR]</title>
	<meta>
	<imdb>None</imdb>
	<content>movie</content>
	<title>Deion's Double Play</title>
	<year>2019</year>
	</meta>
	<link>https://uptobox.com/2ifdmkughsgl</link>
	<thumbnail>https://image.tmdb.org/t/p/w1280/xj2DcMsoOkEk1LeNE51LymOwQtN.jpg</thumbnail>
	<fanart>https://encrypted-tbn0.gstatic.com/images?q=tbn:ANd9GcRx_Vh0zLmthnG3ItCbSSFd13Azk4Bx19yLPuhBUHxqRtefEqpF</fanart>
</item>

<item>
<title>Feedback</title>
<meta>
<content>movie</content>
<imdb>tt7857374</imdb>
<title>Feedback</title>
<year>2019</year>
</meta>
<link>
<sublink>http://dl12.f2m.co/film/Feedback.2019.720p.WEB-DL.Film2Movie_WS.mkv</sublink>
<sublink>http://dl12.f2m.co/film/Feedback.2019.1080p.WEB-DL.Film2Movie_WS.mkv</sublink>
<sublink>search</sublink>
<sublink>searchsd</sublink>
</link>
<thumbnail>https://image.tmdb.org/t/p/w600_and_h900_bestv2/xfOVhNP93QSiHn9hEWemTMiBK19.jpg</thumbnail>
<fanart>https://image.tmdb.org/t/p/original/f1kb20sXU7YkuHUgdecGuRSjzT0.jpg</fanart>
</item>


<item>
	<title>Trading Paint (2019)</title>
<meta>
<imdb>tt7052494</imdb>
<content>movie</content>
<year>2019</year>
</meta>
<link>
<sublink>http://dl8.f2m.io/film/Trading.Paint.2019.1080p.WEB-DL.CMRG.Film2Movie_WS.mkv</sublink>
<sublink>http://dl8.f2m.io/film/Trading.Paint.2019.1080p.WEB-DL.Film2Movie_WS.mkv</sublink>
<sublink>http://dl8.f2m.io/film/Trading.Paint.2019.720p.WEB-DL.Film2Movie_WS.mkv</sublink>
<sublink>http://dl8.f2m.io/film/Trading.Paint.2019.720p.WEB-DL.MkvCage.Film2Movie_WS.mkv</sublink>
<sublink>http://dl8.f2m.io/film/Trading.Paint.2019.480p.WEB-DL.Film2Movie_WS.mkv</sublink>
</link>
<thumbnail>https://m.media-amazon.com/images/M/MV5BZWU0NDZmNmYtOTZkYy00YmE5LThmMGUtYjI2YWE0N2NkNDhkXkEyXkFqcGdeQXVyODQ2MDUzNDg@._V1_.jpg</thumbnail>
<fanart>https://m.media-amazon.com/images/M/MV5BMGY0YWY4ZmItODg1My00MDFiLWEzNTMtNWU5ZTdmOWZkNmI5XkEyXkFqcGdeQXVyODQ2MDUzNDg@._V1_.jpg</fanart>
</item>
