<plugin>
<title>24 Season 1</title>
<link>http://dl8.heyserver.in/serial/24/S01/720p/</link>
<thumbnail>https://orig00.deviantart.net/0800/f/2017/106/9/a/24___tv_series_folder_icon_v1_by_dyiddo-d8971nu.png</thumbnail>
<fanart></fanart>
</plugin>

<plugin>
<title>24 Season 2</title>
<link>http://dl8.heyserver.in/serial/24/S02/720p/</link>
<thumbnail>https://orig00.deviantart.net/2e3b/f/2015/200/f/8/24_tv_series_by_kareembeast-d91wuw1.png</thumbnail>
<fanart></fanart>
</plugin>

<plugin>
<title>24 Season 3</title>
<link>http://dl8.heyserver.in/serial/24/S03/720p/</link>
<thumbnail>http://icons.iconarchive.com/icons/aaron-sinuhe/tv-movie-folder/512/24-7-icon.png</thumbnail>
<fanart></fanart>
</plugin>

<plugin>
<title>24 Season 4</title>
<link>http://dl8.heyserver.in/serial/24/S04/720p/</link>
<thumbnail>http://icons.iconarchive.com/icons/aaron-sinuhe/tv-movie-folder/512/24-1-icon.png</thumbnail>
<fanart></fanart>
</plugin>

<plugin>
<title>24 Season 5</title>
<link>http://dl8.heyserver.in/serial/24/S05/720p/</link>
<thumbnail>https://image.tmdb.org/t/p/w600_and_h900_bestv2/hkQ2HUfAaOSsQBrdDCOTv09Lp2J.jpg</thumbnail>
<fanart></fanart>
</plugin>

<plugin>
<title>24 Season 6</title>
<link>http://dl8.heyserver.in/serial/24/S06/720p/</link>
<thumbnail>https://image.tmdb.org/t/p/w600_and_h900_bestv2/bj1qyMRhKZRBs2mLhIf8zxJMVAU.jpg</thumbnail>
<fanart></fanart>
</plugin>

<plugin>
<title>24 Season 7</title>
<link>http://dl8.heyserver.in/serial/24/S07/720p/</link>
<thumbnail>https://image.tmdb.org/t/p/w600_and_h900_bestv2/fXf7me24JYgw0s4RX37FHAf7Fhd.jpg</thumbnail>
<fanart></fanart>
</plugin>

<plugin>
<title>24 Season 8</title>
<link>http://dl8.heyserver.in/serial/24/S08/720p/</link>
<thumbnail>https://image.tmdb.org/t/p/w600_and_h900_bestv2/b2UFz4kCvTpGLS9NQB5ZIn3l8uS.jpg</thumbnail>
<fanart></fanart>
</plugin>
