<plugin>
<title>AHS season 1</title>
<link>http://dl8.heyserver.in/serial/American.Horror.Story/S01/720p/</link>
<thumbnail>http://orig00.deviantart.net/e459/f/2012/002/d/3/american_horror_story_folder_by_bbeckym-d4l4cbm.png</thumbnail>
<fanart></fanart>
</plugin>

<plugin>
<title>AHS Season 2</title>
<link>http://dl8.heyserver.in/serial/American.Horror.Story/S02/720p/</link>
<thumbnail>https://orig00.deviantart.net/3cc0/f/2015/126/f/6/american_horror_story_asylum___folder_icon_by_victorpereira97-d8sf8lv.png</thumbnail>
<fanart></fanart>
</plugin>

<plugin>
<title>AHS Season 3</title>
<link>http://dl8.heyserver.in/serial/American.Horror.Story/S03/720p/</link>
<thumbnail>http://www.teamopenoffice.org/pimages/80/809136/snake-wallpaper-horror.jpg</thumbnail>
<fanart></fanart>
</plugin>

<plugin>
<title>AHS Season 4</title>
<link>http://dl8.heyserver.in/serial/American.Horror.Story/S04/720p/</link>
<thumbnail>https://orig00.deviantart.net/eaf3/f/2015/126/b/4/american_horror_story_freak_show___folder_icon_by_victorpereira97-d8sf9xp.png</thumbnail>
<fanart></fanart>
</plugin>

<plugin>
<title>AHS Season 5</title>
<link>http://dl8.heyserver.in/serial/American.Horror.Story/S05/720p/</link>
<thumbnail>https://orig00.deviantart.net/daed/f/2015/271/3/2/american_horror_story__hotel_folder_icon_by_heisenbergleao-d9b8e2m.png</thumbnail>
<fanart></fanart>
</plugin>

<plugin>
<title>AHS Season 6</title>
<link>http://dl8.heyserver.in/serial/American.Horror.Story/S06/720p.x265/</link>
<thumbnail>https://orig00.deviantart.net/0751/f/2016/261/d/b/american_horror_story__roanoke__season_6__folder_by_nickohetenbern-dai240q.png</thumbnail>
<fanart></fanart>
</plugin>

<plugin>
<title>AHS Season 7</title>
<link>http://dl8.heyserver.in/serial/American.Horror.Story/S07/1080p/</link>
<thumbnail>https://images-wixmp-ed30a86b8c4ca887773594c2.wixmp.com/intermediary/f/a36c2f94-9e2f-4d20-a10f-0e899e69494a/dbiv6a8-a7ca0dad-55a0-4798-85f0-7e96e7827c4a.png</thumbnail>
<fanart></fanart>
</plugin>

<plugin>
<title>AHS Season 8</title>
<link>http://dl8.heyserver.in/serial/American.Horror.Story/S08/1080p.x265/</link>
<thumbnail>https://images-wixmp-ed30a86b8c4ca887773594c2.wixmp.com/intermediary/f/cf6351c7-2618-43e6-b84c-d113de527468/dcmqof9-ec8b3ca5-86c1-4e70-afaa-8f293bd0adf3.png</thumbnail>
<fanart></fanart>
</plugin>
