<plugin>
<title>American Vandal Season 1</title>
<link>http://dl.updlf.com/files/Series/American%20Vandal/S01/720p%20x265/</link>
<thumbnail>https://image.tmdb.org/t/p/original/pZH8L0gMjeHJMT29mTXWn7mEliR.jpg</thumbnail>
<fanart>https://image.tmdb.org/t/p/original/1RhBMxwSUyOv0WI4uzJcm1x81yA.jpg</fanart>
</plugin>

<plugin>
<title>American Vandal Season 2</title>
<link>http://dl.updlf.com/files/Series/American%20Vandal/S02/1080p%20x265/</link>
<thumbnail>https://image.tmdb.org/t/p/original/ieOutcLoTV4NR4tgA1EHhW44XNY.jpg</thumbnail>
<fanart>https://image.tmdb.org/t/p/original/e4Pmcx4MQQd627TKhp2dPyMI4pp.jpg</fanart>
</plugin>
