<item>
	<title>[COLOR=white]American Pie[/COLOR]</title>
	<meta>
	<imdb>tt0163651</imdb>
	<content>movie</content>
	<title>American Pie</title>
	<year>1999</year>
	</meta>
	<link>
	<sublink>https://uptobox.com/rmzq517htdfb(720p)</sublink>
	<sublink>https://uptobox.com/tq0oywo5589j(1080p)</sublink>
	<sublink>search</sublink>
	<sublink>searchsd</sublink>
	</link>
	<thumbnail>https://image.tmdb.org/t/p/w1280/k40WFAXMRekWEqsjURO3jiWob67.jpg</thumbnail>
	<fanart>https://image.tmdb.org/t/p/w1280/udTWgfwAzUxdztoyKSReoSrjBU7.jpg</fanart>
</item>
<item>
	<title>[COLOR=white]American Pie 2[/COLOR]</title>
	<meta>
	<imdb>tt0252866</imdb>
	<content>movie</content>
	<title>American Pie 2</title>
	<year>2001</year>
	</meta>
	<link>
	<sublink>https://uptobox.com/q8tfnk4pwqbz(720p)</sublink>
	<sublink>https://uptobox.com/wwdjicvy3ief(1080p)</sublink>
	<sublink>search</sublink>
	<sublink>searchsd</sublink>
	</link>
	<thumbnail>https://image.tmdb.org/t/p/w1280/q4LNgUnRfltxzp3gf1MAGiK5LhV.jpg</thumbnail>
	<fanart>https://image.tmdb.org/t/p/w1280/1C1d3Tpesm8Vn3BRqsQZt0LfZcG.jpg</fanart>
</item>
<item>
	<title>[COLOR=white]American Wedding[/COLOR]</title>
	<meta>
	<imdb>tt0328828</imdb>
	<content>movie</content>
	<title>American Wedding</title>
	<year>2003</year>
	</meta>
	<link>
	<sublink>https://uptobox.com/vuq2263w3zxs(720p)</sublink>
	<sublink>https://uptobox.com/xctpqjjtauaz(1080p)</sublink>
	<sublink>search</sublink>
	<sublink>searchsd</sublink>
	</link>
	<thumbnail>https://image.tmdb.org/t/p/w1280/lcLuBjI3Hr12mGFKJvdMeZdf3AN.jpg</thumbnail>
	<fanart>https://image.tmdb.org/t/p/w1280/5CDIezS2xJtcSXPL24Z2dIeUOp0.jpg</fanart>
</item>
<item>
	<title>[COLOR=white]American Reunion[/COLOR]</title>
	<meta>
	<imdb>tt1605630</imdb>
	<content>movie</content>
	<title>American Reunion</title>
	<year>2012</year>
	</meta>
	<link>
	<sublink>https://uptobox.com/8m31bsk8wlvv(720p)</sublink>
	<sublink>https://uptobox.com/0ph6kt89i1fz(1080p)</sublink>
	<sublink>search</sublink>
	<sublink>searchsd</sublink>
	</link>
	<thumbnail>https://image.tmdb.org/t/p/w1280/yfOZaUh08d1YtLCtgvfRRAssrR7.jpg</thumbnail>
	<fanart>https://image.tmdb.org/t/p/w1280/1o7zeskzyKI7VkoPpusMLd6dLgO.jpg</fanart>
</item>
