<plugin>
<title>Arrow Season 1</title>
<link>http://dl.meliupload.com/mersad/serial/Arrow/s01/</link>
<thumbnail></thumbnail>
<fanart></fanart>
</plugin>

<plugin>
<title>Arrow Season 2</title>
<link></link>
<thumbnail></thumbnail>
<fanart></fanart>
</plugin>

<plugin>
<title>Arrow Season 3</title>
<link></link>
<thumbnail></thumbnail>
<fanart></fanart>
</plugin>

<plugin>
<title>Arrow Season 4</title>
<link></link>
<thumbnail></thumbnail>
<fanart></fanart>
</plugin>

<plugin>
<title>Arrow Season 5</title>
<link></link>
<thumbnail></thumbnail>
<fanart></fanart>
</plugin>
