<item>
	<title>[COLOR=white]Austin Powers: International Man of Mystery[/COLOR]</title>
	<meta>
	<imdb>tt0118655</imdb>
	<content>movie</content>
	<title>Austin Powers: International Man of Mystery</title>
	<year>1997</year>
	</meta>
	<link>
	<sublink>https://uptobox.com/sz5r6tnwfl1i(720p)</sublink>
	<sublink>search</sublink>
	<sublink>searchsd</sublink>
	</link>
	<thumbnail>https://image.tmdb.org/t/p/w1280/mLVymsqdkwNNKjw2ZXn8fkor3om.jpg</thumbnail>
	<fanart>https://image.tmdb.org/t/p/w1280/6gmN7Nskw3sHo64hKtV3prbSnG2.jpg</fanart>
</item>
<item>
	<title>[COLOR=white]Austin Powers: The Spy Who Shagged Me[/COLOR]</title>
	<meta>
	<imdb>tt0145660</imdb>
	<content>movie</content>
	<title>Austin Powers: The Spy Who Shagged Me</title>
	<year>1999</year>
	</meta>
	<link>
	<sublink>https://uptobox.com/zudamiaf29wb(720p)</sublink>
	<sublink>search</sublink>
	<sublink>searchsd</sublink>
	</link>
	<thumbnail>https://image.tmdb.org/t/p/w1280/yhg0l1Ddd2thQOSUUQx9jBrGI12.jpg</thumbnail>
	<fanart>https://image.tmdb.org/t/p/w1280/84gZXcZlpVJcYUqQ4k3Qjc9s6Ke.jpg</fanart>
</item>
<item>
	<title>[COLOR=white]Austin Powers in Goldmember[/COLOR]</title>
	<meta>
	<imdb>tt0295178</imdb>
	<content>movie</content>
	<title>Austin Powers in Goldmember</title>
	<year>2002</year>
	</meta>
	<link>
	<sublink>https://uptobox.com/tss34a2bcpxi(720p)</sublink>
	<sublink>https://uptobox.com/1ekgitpu329c(1080p)</sublink>
	<sublink>search</sublink>
	<sublink>searchsd</sublink>
	</link>
	<thumbnail>https://image.tmdb.org/t/p/w1280/tFR7dTbX5BsmoUwKHfa2cWoZbwK.jpg</thumbnail>
	<fanart>https://image.tmdb.org/t/p/w1280/mzZraP6PV34eVjB8giKbKIMXVeW.jpg</fanart>
</item>
