<plugin>
<title>The Starters</title>
<link>plugin://plugin.video.youtube/playlist/PLlVlyGVtvuVlBMorPS3sGR4CM6lQ2F5dq/</link>
<thumbnail>http://magnetic.website/Mad%20Titan/icon.png</thumbnail>
</plugin>

<dir>
<name>NBA on ESPN </name>
<link>plugin://plugin.video.youtube/channel/UCVSSpcmZD2PwPBqb8yKQKBA/</link>
<thumbnail>https://yt3.ggpht.com/a-/AN66SAyGdYNfuHSZw512_by_jbG_87YUX7tQFb8J8g=s288-mo-c-c0xffffffff-rj-k-no</thumbnail>
<fanart></fanart>
</dir>


<plugin>
<title>NBA's Top Performances - 2018-19 Season</title>
<link>plugin://plugin.video.youtube/playlist/PLlVlyGVtvuVkBDG4LX-UFmjhUWX2d0qk2/</link>
<thumbnail>http://magnetic.website/Mad%20Titan/icon.png</thumbnail>
</plugin>

<plugin>
<title>Top Plays Of The Night</title>
<link>plugin://plugin.video.youtube/playlist/PLlVlyGVtvuVkUpgWlBV44heQGeVpxFvU4/</link>
<thumbnail>http://magnetic.website/Mad%20Titan/icon.png</thumbnail>
</plugin>

<plugin>
<title>NBA's Fantastic Finishes - 2018-19 Season</title>
<link>plugin://plugin.video.youtube/playlist/PLlVlyGVtvuVmN768cEU8ozhM80iqgIdfr/</link>
<thumbnail>http://magnetic.website/Mad%20Titan/icon.png</thumbnail>
</plugin>


<plugin>
<title>Top 100 Plays, Dunks and More NBA Highlights!</title>
<link>plugin://plugin.video.youtube/playlist/PLlVlyGVtvuVnUjA4d6gHKCSrLAAm2n1e6/</link>
<thumbnail>http://magnetic.website/Mad%20Titan/icon.png</thumbnail>
</plugin>

<plugin>
<title>Best of Teams From the 2018 NBA Season</title>
<link>plugin://plugin.video.youtube/playlist/PLlVlyGVtvuVkIYrxZ22CiMqFWqIRfU2zR/</link>
<thumbnail>http://magnetic.website/Mad%20Titan/icon.png</thumbnail>
</plugin>

<plugin>
<title>NBA PlayMakers</title>
<link>plugin://plugin.video.youtube/playlist/PLlVlyGVtvuVlBLtZt-1GdC_0S0rfXTPWA/</link>
<thumbnail>http://magnetic.website/Mad%20Titan/icon.png</thumbnail>
</plugin>

<plugin>
<title>NBA 360</title>
<link>plugin://plugin.video.youtube/playlist/PLlVlyGVtvuVkNhjekVBYt3VHVukwb9eLS/</link>
<thumbnail>http://magnetic.website/Mad%20Titan/icon.png</thumbnail>
</plugin>

<plugin>
<title>Top Performances from the 2017-18 Season</title>
<link>plugin://plugin.video.youtube/playlist/PLlVlyGVtvuVnYOTQ3vogBg0nTerTmhVok/</link>
<thumbnail>http://magnetic.website/Mad%20Titan/icon.png</thumbnail>
</plugin>

<plugin>
<title>Fantastic Finishes of the 2017-18 Season</title>
<link>plugin://plugin.video.youtube/playlist/PLlVlyGVtvuVmWQpwEgpY_Qh9587ePHgjP/</link>
<thumbnail>http://magnetic.website/Mad%20Titan/icon.png</thumbnail>
</plugin>

<plugin>
<title>Ultimate Kobe Bryant</title>
<link>plugin://plugin.video.youtube/playlist/PLlVlyGVtvuVlOk5X6ejvIWZ4Y1CMTrEu6/</link>
<thumbnail>http://magnetic.website/Mad%20Titan/icon.png</thumbnail>
</plugin>

