<plugin>
<title>Black Mirror Season 1</title>
<link>http://dl8.heyserver.in/serial/Black.Mirror/S01/1080p.x265/</link>
<thumbnail>https://orig00.deviantart.net/5680/f/2016/363/4/c/black_mirror_folder_icon_by_nickohetenbern-datakat.png</thumbnail>
<fanart></fanart>
</plugin>

<plugin>
<title>Black Mirror Season 2</title>
<link>http://dl8.heyserver.in/serial/Black.Mirror/S02/1080p.x265/</link>
<thumbnail>https://orig00.deviantart.net/3e14/f/2016/072/d/d/black_mirror___tv_series_folder_icon_by_dyiddo-d9uxjd8.png</thumbnail>
<fanart></fanart>
</plugin>

<plugin>
<title>Black Mirror Season 3</title>
<link>http://dl8.heyserver.in/serial/Black.Mirror/S03/1080p.x265/</link>
<thumbnail>https://orig00.deviantart.net/f38e/f/2016/298/3/1/black_mirror_season_3_folder_icon_by_witwolf95-dam73aj.png</thumbnail>
<fanart></fanart>
</plugin>

<plugin>
<title>Black Mirror Season 4</title>
<link>http://dl8.heyserver.in/serial/Black.Mirror/S04/1080p.x265/</link>
<thumbnail>https://orig00.deviantart.net/f6d3/f/2018/244/5/3/black_mirror_season_4_by_fallenangelsare-dclpo3g.png</thumbnail>
<fanart></fanart>
</plugin>
