<dir>
<title>**Titan 24/7 Channels**</title>
<arconaitv2>cable</arconaitv2>
<thumbnail>https://images-eu.ssl-images-amazon.com/images/I/51TGUrfkUyL.png</thumbnail>
 </dir>



<dir>
<title>**Titan Channels**</title>
<link>http://magnetic.website/Mad%20Titan/TITAN%20CHANNELS.xml</link>
<thumbnail>https://images-eu.ssl-images-amazon.com/images/I/51TGUrfkUyL.png</thumbnail>
</dir>



<dir>
<title>**TV CHANNELS BY COUNTRY**</title>
<Airtable>tv_channels</Airtable>
<thumbnail>http://magnetic.website/menu%20icons/tv%20channels.png</thumbnail>
</dir>



<dir>
<title>**NATION-WIDE CHANNELS**</title>
<Airtable>channels2</Airtable>
<thumbnail>http://magnetic.website/Mad%20Titan/icon.png</thumbnail>
</dir>


<dir>
<title>**Fluxus TV**</title>
<m3u>https://pastebin.com/raw/ZzGTySZE</m3u>
<thumbnail>http://magnetic.website/Mad%20Titan/icon.png</thumbnail>
</dir>

<dir>
<title>**Fluxus Radio**</title>
<m3u>https://pastebin.com/raw/d5cb3Wxw</m3u>
<thumbnail>http://magnetic.website/Mad%20Titan/icon.png</thumbnail>
</dir>

<dir>
<title>**Fluxus Lust (Adults)**</title>
<m3u>https://pastebin.com/raw/jMe87UHE</m3u>
<thumbnail>http://magnetic.website/Mad%20Titan/icon.png</thumbnail>
</dir>



    

