<item>
<title>Child's Play (1988)</title>
<meta>
<content>movie</content>
<imdb>tt0094862</imdb>
<title>Child's Play</title>
<year>1988</year>
</meta>
<link>
<sublink>https://uptobox.com/d1nppojszite</sublink>
<sublink>search</sublink>
<sublink>searchsd</sublink>
</link>
<thumbnail>https://image.tmdb.org/t/p/w600_and_h900_bestv2/dSX9i2buibfyKFRpK2kOe6rtl5R.jpg</thumbnail>
<fanart>https://image.tmdb.org/t/p/original/8DkJrxEyRN8gTseEhajybpC5smK.jpg</fanart>
</item>

<item>
<title>Child's Play 2 (1990)</title>
<meta>
<content>movie</content>
<imdb>tt0099253</imdb>
<title>Child's Play 2</title>
<year>1990</year>
</meta>
<link>
<sublink>https://uptobox.com/3gmlbzckclkw</sublink>
<sublink>search</sublink>
<sublink>searchsd</sublink>
</link>
<thumbnail>https://image.tmdb.org/t/p/w600_and_h900_bestv2/xy0qUntbDOVgiTDvSIFlSM3MMzP.jpg</thumbnail>
<fanart>https://image.tmdb.org/t/p/original/gZXTxcObidKmsXGldPT8oTJNntL.jpg</fanart>
</item>

<item>
<title>Child's Play 3 (1991)</title>
<meta>
<content>movie</content>
<imdb>tt0103956</imdb>
<title>Child's Play 3</title>
<year>1991</year>
</meta>
<link>
<sublink>https://uptobox.com/92pltmlbzexf</sublink>
<sublink>search</sublink>
<sublink>searchsd</sublink>
</link>
<thumbnail>https://image.tmdb.org/t/p/w600_and_h900_bestv2/pDko1kIkrCaHBSfBj7pAJu1Diss.jpg</thumbnail>
<fanart>https://image.tmdb.org/t/p/original/fBNrBRLgRvHyBRQytPPxnbjuXRe.jpg</fanart>
</item>

<item>
<title>Bride of Chucky (1998)</title>
<meta>
<content>movie</content>
<imdb>tt0144120</imdb>
<title>Bride of Chucky</title>
<year>1998</year>
</meta>
<link>
<sublink>https://uptobox.com/ax12ec51wbg0</sublink>
<sublink>search</sublink>
<sublink>searchsd</sublink>
</link>
<thumbnail>https://image.tmdb.org/t/p/w600_and_h900_bestv2/u5Lc1Li0Hpc452o57E2KaToezZX.jpg</thumbnail>
<fanart>https://image.tmdb.org/t/p/original/lLzrg3yP43T63CaNkDm2VqZUAFU.jpg</fanart>
</item>

<item>
<title>Seed of Chucky (2004)</title>
<meta>
<content>movie</content>
<imdb>tt0387575</imdb>
<title>Seed of Chucky</title>
<year>2004</year>
</meta>
<link>
<sublink>https://uptobox.com/9ne0bmkzdlpb</sublink>
<sublink>search</sublink>
<sublink>searchsd</sublink>
</link>
<thumbnail>https://image.tmdb.org/t/p/w600_and_h900_bestv2/vOykTC4dMzEHt2fyOxVRWFnl2pl.jpg</thumbnail>
<fanart>https://image.tmdb.org/t/p/original/kP9aUOkh9xUXJ8qxoVQPNbysPZc.jpg</fanart>
</item>

<item>
<title>Curse of Chucky (2013)</title>
<meta>
<content>movie</content>
<imdb>tt2230358</imdb>
<title>Curse of Chucky</title>
<year>2013</year>
</meta>
<link>
<sublink>https://uptobox.com/g8ucpok9fdx8</sublink>
<sublink>search</sublink>
<sublink>searchsd</sublink>
</link>
<thumbnail>https://image.tmdb.org/t/p/w600_and_h900_bestv2/qoFfZa6b9xsr1dJwdb6SCiw2KHs.jpg</thumbnail>
<fanart>https://image.tmdb.org/t/p/original/A2Pujz4JFVEB5pTnhQ9dJ94bp5.jpg</fanart>
</item>

<item>
<title>Cult of Chucky (2017)</title>
<meta>
<content>movie</content>
<imdb>tt3280262</imdb>
<title>Cult of Chucky</title>
<year>2017</year>
</meta>
<link>
<sublink>https://uptobox.com/43btuexepkrk</sublink>
<sublink>search</sublink>
<sublink>searchsd</sublink>
</link>
<thumbnail>https://image.tmdb.org/t/p/w600_and_h900_bestv2/r5JUiMYfatwYeDkxkLWYUx5GIjY.jpg</thumbnail>
<fanart>https://image.tmdb.org/t/p/original/r7b5uzkaskn8B4i0GPdTHFLfL2x.jpg</fanart>
</item>
