<plugin>
<title>Cobra Kai Season 1</title>
<link>http://dl7.film2movie.us/serial/Cobra%20Kai/S01/</link>
<thumbnail>https://image.tmdb.org/t/p/w600_and_h900_bestv2/5qMupAz4A9EN5Rutrkmov45mNXZ.jpg</thumbnail>
<fanart>https://image.tmdb.org/t/p/original/AgouNyBswoJo1TRp5Nlas6yqSJw.jpg</fanart>
</plugin>

<dir>
<title>Cobra Kai Season 2</title>
<link>http://magnetic.website/Mad%20Titan/COBR%20KAI%20S2.xml</link>
<thumbnail>https://image.tmdb.org/t/p/w600_and_h900_bestv2/eTMMU2rKpZRbo9ERytyhwatwAjz.jpg</thumbnail>
<fanart>https://image.tmdb.org/t/p/original/g1PXzQvUJjIBM70vdfYrzaM0Jxb.jpg</fanart>
</dir>
