<plugin>
<title>Daredevil Season 1 </title>
<link>http://dl.updlf.com/files/Series/Daredevil/S01/1080p%20Full%20HD/</link>
<thumbnail>https://orig00.deviantart.net/c245/f/2018/277/2/c/daredevil_season_3_folder_icon_by_thegreataziz-dcolzhz.png</thumbnail>
<fanart>https://image.tmdb.org/t/p/original/5VnsCHSBTObxsrcA2bxxIM48CNw.jpg</fanart>
</plugin>

<plugin>
<title>Daredevil Season 2</title>
<link>http://dl.updlf.com/files/Series/Daredevil/S02/1080p%20Full%20HD/</link>
<thumbnail>https://orig00.deviantart.net/f2f3/f/2015/347/8/d/daredevil___tv_series_folder_icon_v4_by_dyiddo-d9k0fzl.png</thumbnail>
<fanart>https://image.tmdb.org/t/p/original/xGe9tGjmAf8ZAD6QOpJDEqc45Sq.jpg</fanart>
</plugin>




<plugin>
<title>Daredevil Season 3</title>
<link>http://dl8.heyserver.in/serial/Marvels.Daredevil/S03/1080p.x265/</link>
<thumbnail>https://images-wixmp-ed30a86b8c4ca887773594c2.wixmp.com/intermediary/f/ddc60674-6635-4389-99b5-bf33dfe9f049/dcq349t-854b32d7-7471-45e1-820c-e2ba4debae6a.png</thumbnail>
<fanart>https://image.tmdb.org/t/p/original/AbQoohUsJLlVpbctoAQ2BsZtPIc.jpg</fanart>
</plugin>
