
<dir>
<title>YT Docs</title>
<link>https://magnetic.website/Mad%20Titan/youtube%20docs.xml</link>
<thumbnail>https://www.shareicon.net/data/512x512/2015/08/09/82733_youtube_512x512.png</thumbnail>
<fanart></fanart>
</dir>




 <dir>
 <title>Sports</title>
 <topdocs>tdcategory/sports</topdocs>
 <thumbnail>https://magnetic.website/Mad%20Titan/mad%20titan%20icons/docs.png</thumbnail>
  </dir>


<dir>
<title>Politics</title>
 <topdocs>tdcategory/politics</topdocs>
 <thumbnail>https://magnetic.website/Mad%20Titan/mad%20titan%20icons/docs.png</thumbnail>
 </dir>
 
  <dir>
  <title>Sexuality</title>
  <topdocs>tdcategory/sex</topdocs>
  <thumbnail>https://magnetic.website/Mad%20Titan/mad%20titan%20icons/docs.png</thumbnail>
  </dir>



	   <dir>
            <title>Biography</title>
            <topdocs>tdcategory/biography</topdocs>
			<thumbnail>https://magnetic.website/Mad%20Titan/mad%20titan%20icons/docs.png</thumbnail>
        </dir>
		
		 <dir>
            <title>Comedy</title>
            <topdocs>tdcategory/comedy</topdocs>
			<thumbnail>https://magnetic.website/Mad%20Titan/mad%20titan%20icons/docs.png</thumbnail>
        </dir>

        <dir>
            <title>Conspiracy</title>
            <topdocs>tdcategory/crime-conspiracy</topdocs>
			<thumbnail>https://magnetic.website/Mad%20Titan/mad%20titan%20icons/docs.png</thumbnail>
        </dir>

        <dir>
            <title>Crime</title>
            <topdocs>tdcategory/crime</topdocs>
			<thumbnail>https://magnetic.website/Mad%20Titan/mad%20titan%20icons/docs.png</thumbnail>
        </dir>

        <dir>
            <title>Drugs</title>
            <topdocs>tdcategory/drugs</topdocs>
			<thumbnail>https://magnetic.website/Mad%20Titan/mad%20titan%20icons/docs.png</thumbnail>
        </dir>

        <dir>
            <title>Economics</title>
            <topdocs>tdcategory/economics</topdocs>
			<thumbnail>https://magnetic.website/Mad%20Titan/mad%20titan%20icons/docs.png</thumbnail>
        </dir>

        <dir>
            <title>Environment</title>
            <topdocs>tdcategory/environment</topdocs>
						<thumbnail>https://magnetic.website/Mad%20Titan/mad%20titan%20icons/docs.png</thumbnail>
        </dir>

        <dir>
            <title>Health</title>
            <topdocs>tdcategory/health</topdocs>
						<thumbnail>https://magnetic.website/Mad%20Titan/mad%20titan%20icons/docs.png</thumbnail>
        </dir>

        <dir>
            <title>History</title>
            <topdocs>tdcategory/history</topdocs>
			<thumbnail>https://magnetic.website/Mad%20Titan/mad%20titan%20icons/docs.png</thumbnail>
        </dir>

        <dir>
            <title>Media</title>
            <topdocs>tdcategory/media</topdocs>
			<thumbnail>https://magnetic.website/Mad%20Titan/mad%20titan%20icons/docs.png</thumbnail>
        </dir>

        <dir>
            <title>Military and War</title>
            <topdocs>tdcategory/military-war</topdocs>
						<thumbnail>https://magnetic.website/Mad%20Titan/mad%20titan%20icons/docs.png</thumbnail>
        </dir>

        <dir>
            <title>Mystery</title>
            <topdocs>tdcategory/mystery</topdocs>
			<thumbnail>https://magnetic.website/Mad%20Titan/mad%20titan%20icons/docs.png</thumbnail>
        </dir>

        <dir>
            <title>Nature and Wildlife</title>
            <topdocs>tdcategory/nature-wildlife</topdocs>
			<thumbnail>https://magnetic.website/Mad%20Titan/mad%20titan%20icons/docs.png</thumbnail>
        </dir>

        <dir>
            <title>Performing Arts</title>
            <topdocs>tdcategory/music-performing-arts</topdocs>
						<thumbnail>https://magnetic.website/Mad%20Titan/mad%20titan%20icons/docs.png</thumbnail>
        </dir>

        <dir>
            <title>Philosophy</title>
            <topdocs>tdcategory/philosophy</topdocs>
						<thumbnail>https://magnetic.website/Mad%20Titan/mad%20titan%20icons/docs.png</thumbnail>
        </dir>

        

        <dir>
            <title>Psychology</title>
            <topdocs>tdcategory/psychology</topdocs>
			<thumbnail>https://magnetic.website/Mad%20Titan/mad%20titan%20icons/docs.png</thumbnail>
        </dir>

        <dir>
            <title>Religion</title>
            <topdocs>tdcategory/religion</topdocs>
			<thumbnail>https://magnetic.website/Mad%20Titan/mad%20titan%20icons/docs.png</thumbnail>
        </dir>

        <dir>
            <title>Science</title>
            <topdocs>tdcategory/science-technology</topdocs>
			<thumbnail>https://magnetic.website/Mad%20Titan/mad%20titan%20icons/docs.png</thumbnail>
        </dir>


        <dir>
            <title>Society</title>
            <topdocs>tdcategory/society</topdocs>
			<thumbnail>https://magnetic.website/Mad%20Titan/mad%20titan%20icons/docs.png</thumbnail>
        </dir>


        <dir>
            <title>Technology</title>
            <topdocs>tdcategory/technology</topdocs>
						<thumbnail>https://magnetic.website/Mad%20Titan/mad%20titan%20icons/docs.png</thumbnail>
        </dir>

