<dir>
<title>***NHL-MLB-WWE-LIVE GAMES***</title>
<link>plugin://script.module.frequency</link>
<thumbnail>http://magnetic.website/menu%20icons/icon.png</thumbnail>
</dir>

<dir>
<title>***PPV Events***</title>
<link>https://magnetic.website/Mad%20Titan/PPV%20EVENTS.xml</link>
<thumbnail>http://magnetic.website/menu%20icons/icon.png</thumbnail>
<fanart></fanart>
</dir>

<dir>
<title>***NFL LIVE GAMES ( COME BACK SOON!)***</title>
<link>https://magnetic.website/Mad%20Titan/NFL%20LIVE%20GAMES.xml</link>
<thumbnail>https://lh3.googleusercontent.com/CPk99wDQpyampCgkte2Ss4Ctrfaq_iFupML1X0oXCo-bzdJ9V5O4nnERnfvX3YAy4w</thumbnail>
<fanart>https://thewallpaper.co//wp-content/uploads/2016/10preview/pictures-nfl-logo-wallpaper-hd-desktop-wallpapers-high-definition-monitor-download-free-amazing-background-photos-artwork-1920x1080.jpg</fanart>
</dir>


<dir>
<title>***NBA LIVE GAME ( COME BACK SOON!)***</title>
<link>https://magnetic.website/Mad%20Titan/NBA%20LIVE%20GAMES.xml</link>
<thumbnail>https://steemitimages.com/DQmcKBum4urqE9n83hDYNP1LUeKYvk2SG631CnysukpxbTD/nba.png</thumbnail>
<fanart>https://wallpaperplay.com/walls/full/2/4/c/109613.jpg</fanart>
</dir>
