<item>
	<title>[COLOR=white]Hellraiser[/COLOR]</title>
	<meta>
	<imdb>tt0093177</imdb>
	<content>movie</content>
	<title>Hellraiser</title>
	<year>1987</year>
	</meta>
	<link>
	<sublink>https://uptobox.com/1wil794o06rj(1080p)</sublink>
	<sublink>search</sublink>
	<sublink>searchsd</sublink>
	</link>
	<thumbnail>https://image.tmdb.org/t/p/w1280/4nfAhOTlfZUHNorHJXEib7GYFpp.jpg</thumbnail>
	<fanart>https://image.tmdb.org/t/p/w1280/jd7pIx2XnO8wRdPT5ncAjhFxNwL.jpg</fanart>
</item>

<item>
	<title>[COLOR=white]Hellbound Hellraiser II[/COLOR]</title>
	<meta>
	<imdb>tt0095294</imdb>
	<content>movie</content>
	<title>Hellbound Hellraiser II</title>
	<year>1988</year>
	</meta>
	<link>
	<sublink>https://uptobox.com/stlilmcg2knk(1080p)</sublink>
	<sublink>search</sublink>
	<sublink>searchsd</sublink>
	</link>
	<thumbnail>https://image.tmdb.org/t/p/w1280/ryuo4unQkzcEKhfAfzhbQo8oxVm.jpg</thumbnail>
	<fanart>https://image.tmdb.org/t/p/w1280/s3YnyO4lwQ5tgdWw664zdKsKkpk.jpg</fanart>
</item>
<item>
	<title>[COLOR=white]Hellraiser III Hell on Earth[/COLOR]</title>
	<meta>
	<imdb>tt0104409</imdb>
	<content>movie</content>
	<title>Hellraiser III Hell on Earth</title>
	<year>1992</year>
	</meta>
	<link>
	<sublink>https://uptobox.com/gbwrtn4aupdh(720p)</sublink>
	<sublink>https://uptobox.com/z3d2zfv1hwra(1080p)</sublink>
	<sublink>search</sublink>
	<sublink>searchsd</sublink>
	</link>
	<thumbnail>https://image.tmdb.org/t/p/w1280/6gQGP4JEVXZcz1tANNF0h9e7tqc.jpg</thumbnail>
	<fanart>https://image.tmdb.org/t/p/w1280/9qAb7Xq8MeqP6zpMO9UtTlZVTq7.jpg</fanart>
</item>
<item>
	<title>[COLOR=white]Hellraiser Bloodline[/COLOR]</title>
	<meta>
	<imdb>tt0116514</imdb>
	<content>movie</content>
	<title>Hellraiser Bloodline</title>
	<year>1996</year>
	</meta>
	<link>
	<sublink>https://uptobox.com/7iibjsy6xk5s(1080p)</sublink>
	<sublink>https://uptobox.com/71e3bvk33vqa(720p)</sublink>
	<sublink>search</sublink>
	<sublink>searchsd</sublink>
	</link>
	<thumbnail>https://image.tmdb.org/t/p/w1280/gw8wzitvvPUX7pK6a56KPDbxFqB.jpg</thumbnail>
	<fanart>https://image.tmdb.org/t/p/w1280/1xgnmicPKkugOm7jrvN9ZwcBgnT.jpg</fanart>
</item>
<item>
	<title>[COLOR=white]Hellraiser Inferno[/COLOR]</title>
	<meta>
	<imdb>tt0229440</imdb>
	<content>movie</content>
	<title>Hellraiser Inferno</title>
	<year>2000</year>
	</meta>
	<link>
	<sublink>https://uptobox.com/kxoteyjxg8ia(720p)</sublink>
	<sublink>search</sublink>
	<sublink>searchsd</sublink>
	</link>
	<thumbnail>https://image.tmdb.org/t/p/w1280/kb2t4DkT2dNQouRlJlcqzSkzCwv.jpg</thumbnail>
	<fanart>https://image.tmdb.org/t/p/w1280/2yagY3Q2lAhBdInADCn3B9H56XM.jpg</fanart>
</item>
<item>
	<title>[COLOR=white]Hellraiser Hellseeker[/COLOR]</title>
	<meta>
	<imdb>tt0274546</imdb>
	<content>movie</content>
	<title>Hellraiser Hellseeker</title>
	<year>2002</year>
	</meta>
	<link>
	<sublink>https://uptobox.com/uj38n3fcwk0e(720p)</sublink>
	<sublink>search</sublink>
	<sublink>searchsd</sublink>
	</link>
	<thumbnail>https://image.tmdb.org/t/p/w1280/3RpQyx0PoBiYRWqEIDx7AuUInge.jpg</thumbnail>
	<fanart>https://image.tmdb.org/t/p/w1280/A4JDLbN0hiM8Yno7iSDmZe2oaNK.jpg</fanart>
</item>
<item>
	<title>[COLOR=white]Hellraiser Deader[/COLOR]</title>
	<meta>
	<imdb>tt0337636</imdb>
	<content>movie</content>
	<title>Hellraiser Deader</title>
	<year>2005</year>
	</meta>
	<link>
	<sublink>https://uptobox.com/oi0cmu6ymf7i(720p)</sublink>
	<sublink>search</sublink>
	<sublink>searchsd</sublink>
	</link>
	<thumbnail>https://image.tmdb.org/t/p/w1280/9XhcdTGqIR8fbOAfe7UOELvvglT.jpg</thumbnail>
	<fanart>https://image.tmdb.org/t/p/w1280/rp8mjdN9NE081rg2M5nJmBVLkVL.jpg</fanart>
</item>
<item>
	<title>[COLOR=white]Hellraiser Hellworld[/COLOR]</title>
	<meta>
	<imdb>tt0354623</imdb>
	<content>movie</content>
	<title>Hellraiser Hellworld</title>
	<year>2005</year>
	</meta>
	<link>
	<sublink>https://uptobox.com/jyrwze4nhqmq(720p)</sublink>
	<sublink>search</sublink>
	<sublink>searchsd</sublink>
	</link>
	<thumbnail>https://image.tmdb.org/t/p/w1280/vDQqM85h527Nax7mfavTR3sSqFO.jpg</thumbnail>
	<fanart>https://image.tmdb.org/t/p/w1280/buvqZEUTE16UlevOeweWuPELrgH.jpg</fanart>
</item>
<item>
	<title>[COLOR=white]Hellraiser Revelations[/COLOR]</title>
	<meta>
	<imdb>tt1716747</imdb>
	<content>movie</content>
	<title>Hellraiser Revelations</title>
	<year>2011</year>
	</meta>
	<link>
	<sublink>https://uptobox.com/26x4o7jq6ysq(720p)</sublink>
	<sublink>search</sublink>
	<sublink>searchsd</sublink>
	</link>
	<thumbnail>https://image.tmdb.org/t/p/w1280/iRvm4Ql8BsYHcEWuq9y0REuFRY8.jpg</thumbnail>
	<fanart>https://image.tmdb.org/t/p/w1280/lUJTk3RPJtWbKHhOMIAprCDZxg1.jpg</fanart>
</item>
<item>
	<title>[COLOR=white]Hellraiser Judgment[/COLOR]</title>
	<meta>
	<imdb>tt5476182</imdb>
	<content>movie</content>
	<title>Hellraiser Judgment</title>
	<year>2018</year>
	</meta>
	<link>
	<sublink>https://uptobox.com/7xsc4der5hg0(720p)</sublink>
	<sublink>https://uptobox.com/61u5cv28bt66(1080p)</sublink>
	<sublink>search</sublink>
	<sublink>searchsd</sublink>
	</link>
	<thumbnail>https://image.tmdb.org/t/p/w1280/1ySBcIyFExwO2DpruTwcNTBc4Ul.jpg</thumbnail>
	<fanart>https://image.tmdb.org/t/p/w1280/zTxSCwlGgPcabtJ5KVoHUd1mTOV.jpg</fanart>
</item>
