<plugin>
<title>House Of Cards Season 1</title>
<link>http://dl8.heyserver.in/serial/House.of.Cards/S01/720p/</link>
<thumbnail>https://images-wixmp-ed30a86b8c4ca887773594c2.wixmp.com/intermediary/f/11769bda-90b1-4261-a076-a98b26ca0c91/d729pz3-c666c840-f0dc-44df-973f-76e41673dbc2.png</thumbnail>
<fanart></fanart>
</plugin>

<plugin>
<title>House Of Cards Season 2</title>
<link>http://dl8.heyserver.in/serial/House.of.Cards/S02/720p.x265/</link>
<thumbnail>https://orig00.deviantart.net/c372/f/2016/081/5/d/house_of_cards_season_4_folder_icon_by_maxim92-d9w2v8t.png</thumbnail>
<fanart></fanart>
</plugin>

<plugin>
<title>House Of Cards Season 3</title>
<link>http://dl8.heyserver.in/serial/House.of.Cards/S03/720p/</link>
<thumbnail>https://orig00.deviantart.net/d835/f/2016/122/0/b/house_of_cards_folder_icon3_by_nallan01-da116lx.png</thumbnail>
<fanart></fanart>
</plugin>

<plugin>
<title>House Of Cards Season 4</title>
<link>http://dl8.heyserver.in/serial/House.of.Cards/S04/720p/</link>
<thumbnail>https://orig00.deviantart.net/f862/f/2016/197/6/0/house_of_cards_season_3__tv_series_folder_by_hey_rexjohn-daaa1mk.png</thumbnail>
<fanart></fanart>
</plugin>

<plugin>
<title>House Of Cards Season 5</title>
<link>http://dl8.heyserver.in/serial/House.of.Cards/S05/1080p/</link>
<thumbnail>https://i.pinimg.com/originals/fb/a2/66/fba266ba4c072e45187a656c2cb8af3e.png</thumbnail>
<fanart></fanart>
</plugin>

<plugin>
<title>House Of Cards Season 6</title>
<link>http://dl8.heyserver.in/serial/House.of.Cards/S06/1080p.x265/</link>
<thumbnail>https://images-wixmp-ed30a86b8c4ca887773594c2.wixmp.com/intermediary/f/a36c2f94-9e2f-4d20-a10f-0e899e69494a/dcjgx0k-1252d845-e5cc-4602-9910-b69516bbd1a5.png</thumbnail>
<fanart></fanart>
</plugin>

