<plugin>
<title>Iron Fist Season 1</title>
<link>http://dl8.heyserver.in/serial/Iron.Fist/S01/1080p.x265/</link>
<thumbnail>https://orig00.deviantart.net/f916/f/2017/092/7/1/iron_fist_folder_icon_by_nialixus-db4erkz.png</thumbnail>
<fanart></fanart>
</plugin>


<plugin>
<title>Iron Fist Season 2</title>
<link>http://dl8.heyserver.in/serial/Iron.Fist/S02/1080p/</link>
<thumbnail>https://orig00.deviantart.net/d842/f/2018/237/b/1/iron_fist_season_2_folder_icon_by_yashar20-dcl3x3p.png</thumbnail>
<fanart></fanart>
</plugin>


