<plugin>
<title>Lost Season 1</title>
<link>http://dl8.heyserver.in/serial/Lost/S01/1080p/</link>
<thumbnail>https://orig00.deviantart.net/cdf8/f/2016/128/8/e/lost___tv_series_folder_icon_v3_by_dyiddo-da1r1qh.png</thumbnail>
<fanart></fanart>
</plugin>

<plugin>
<title>Lost Season 2</title>
<link>http://dl8.heyserver.in/serial/Lost/S02/1080p/</link>
<thumbnail>https://orig00.deviantart.net/ef16/f/2016/128/c/7/lost___tv_series_folder_icon_v4_by_dyiddo-da1r1qt.png</thumbnail>
<fanart></fanart>
</plugin>

<plugin>
<title>Lost Season 3</title>
<link>http://dl8.heyserver.in/serial/Lost/S03/1080p/</link>
<thumbnail>https://orig00.deviantart.net/cf1b/f/2017/079/4/c/lost___tv_series_folder_icon_v5_by_dyiddo-db2xlrn.png</thumbnail>
<fanart></fanart>
</plugin>

<plugin>
<title>Lost Season 4</title>
<link>http://dl8.heyserver.in/serial/Lost/S04/1080p/</link>
<thumbnail>https://orig00.deviantart.net/432f/f/2016/072/3/c/lost___tv_series_folder_icon_v2_by_dyiddo-d9uy4et.png</thumbnail>
<fanart></fanart>
</plugin>

<plugin>
<title>Lost Season 5</title>
<link>http://dl8.heyserver.in/serial/Lost/S05/1080p/</link>
<thumbnail>https://orig00.deviantart.net/c2b8/f/2016/072/7/f/lost___tv_series_folder_icon_v1_by_dyiddo-d89713r.png</thumbnail>
<fanart></fanart>
</plugin>

<plugin>
<title>Lost Season 6</title>
<link>http://dl8.heyserver.in/serial/Lost/S06/1080p/</link>
<thumbnail>https://orig00.deviantart.net/7c2a/f/2017/079/a/c/lost___tv_series_folder_icon_v6_by_dyiddo-db2xlrr.png</thumbnail>
<fanart></fanart>
</plugin>


