<plugin>
<title>Luke Cage Season 1</title>
<link>http://dl8.heyserver.in/serial/Luke.Cage/S01/1080p.x265/</link>
<thumbnail>https://orig00.deviantart.net/de9e/f/2016/296/6/8/marvel_s_luke_cage_folder_icon_by_nialixus-dalx5ge.png</thumbnail>
<fanart></fanart>
</plugin>

<plugin>
<title>Luke Cage Season 2</title>
<link>http://dl8.heyserver.in/serial/Luke.Cage/S02/1080p.x265/</link>
<thumbnail>https://orig00.deviantart.net/40ad/f/2017/196/c/6/luke_cage___tv_series_folder_icon_v1_by_dyiddo-dbgghz5.png</thumbnail>
<fanart></fanart>
</plugin>
