<plugin>
<title>Mad Men Season 1</title>
<link>http://dl8.heyserver.in/serial/Mad.Men/S01/720p/</link>
<thumbnail>https://orig00.deviantart.net/7a4c/f/2014/171/e/c/mad_men___tv_series_folder_icon_1_by_dyiddo-d7n9iq0.png</thumbnail>
<fanart></fanart>
</plugin>

<plugin>
<title>Mad Men Season 2</title>
<link>http://dl8.heyserver.in/serial/Mad.Men/S02/720p/</link>
<thumbnail>https://orig00.deviantart.net/3b53/f/2016/072/2/0/mad_men___tv_series_folder_icon_v3_by_dyiddo-d9uyko7.png</thumbnail>
<fanart></fanart>
</plugin>

<plugin>
<title>Mad Men Season 3</title>
<link>http://dl8.heyserver.in/serial/Mad.Men/S03/720p/</link>
<thumbnail>https://orig00.deviantart.net/eb3b/f/2016/072/e/f/mad_men___tv_series_folder_icon_v5_by_dyiddo-d9uyl5n.png</thumbnail>
<fanart></fanart>
</plugin>

<plugin>
<title>Mad Men Season 4</title>
<link>http://dl8.heyserver.in/serial/Mad.Men/S04/720p/</link>
<thumbnail>https://orig00.deviantart.net/acf2/f/2017/079/e/1/mad_men___tv_series_folder_icon_v9_by_dyiddo-db2xlsv.png</thumbnail>
<fanart></fanart>
</plugin>

<plugin>
<title>Mad Men Season 5</title>
<link>http://dl8.heyserver.in/serial/Mad.Men/S05/720p/</link>
<thumbnail>https://orig00.deviantart.net/a4ea/f/2016/072/8/1/mad_men___tv_series_folder_icon_v6_by_dyiddo-d9uylb0.png</thumbnail>
<fanart></fanart>
</plugin>

<plugin>
<title>Mad Men Season 6</title>
<link>http://dl8.heyserver.in/serial/Mad.Men/S06/720p/</link>
<thumbnail>https://orig00.deviantart.net/4bd1/f/2014/171/8/6/mad_men___tv_series_folder_icon_2_by_dyiddo-d7n9iy4.png</thumbnail>
<fanart></fanart>
</plugin>

<plugin>
<title>Mad Men Season 7</title>
<link>http://dl8.heyserver.in/serial/Mad.Men/S07/720p/</link>
<thumbnail>https://orig00.deviantart.net/c124/f/2016/263/2/d/mad_men_folder_icon_by_viro9-daibu5f.png</thumbnail>
<fanart></fanart>
</plugin>
