<item>
<title>***MARCH MADNESS CBS***</title>
<link>http://e3.112223344.host/live/cbs/chunks.m3u8|Referer=http://123tvnow.com/watch/cbs/</link>
<thumbnail>https://images-na.ssl-images-amazon.com/images/I/41%2BdvijvNDL.png</thumbnail>
</item>

<item>
<title>***MARCH MADNESS TNT***</title>
<link>http://e1.112223344.host/live/tnt/chunks.m3u8|Referer=http://123tvnow.com/watch/tnt/</link>
<thumbnail>https://images-na.ssl-images-amazon.com/images/I/41%2BdvijvNDL.png</thumbnail>
</item>

<item>
<title>***MARCH MADNESS TBS***</title>
<link>http://e5.112223344.host/live/tbs/chunks.m3u8|Referer=http://123tvnow.com/watch/tbs/</link>
<thumbnail>https://images-na.ssl-images-amazon.com/images/I/41%2BdvijvNDL.png</thumbnail>
</item>


<item>
<title>***MARCH MADNESS TruTV***</title>
<link>http://e3.112223344.host/live/trutv/chunks.m3u8|Referer=http://123tvnow.com/watch/trutv/</link>
<thumbnail>https://images-na.ssl-images-amazon.com/images/I/41%2BdvijvNDL.png</thumbnail>
</item>