<plugin>
<title>Marvel's Runaways Season 1</title>
<link>http://dl8.heyserver.in/serial/Runaways/S01/720p.x265/</link>
<thumbnail>https://orig00.deviantart.net/7c28/f/2017/306/0/4/runaways_folder_icon_by_iamanneme-dbsh85r.png</thumbnail>
<fanart></fanart>
</plugin>

<plugin>
<title>Marvel's Runaways season 2</title>
<link>http://dl8.heyserver.in/serial/Runaways/S02/1080p/</link>
<thumbnail>https://orig00.deviantart.net/710e/f/2017/325/5/7/runaways_folder_icon_by_hung01-dbugidw.png</thumbnail>
<fanart></fanart>
</plugin>
