<dir>
<title>2019 Movies</title>
<link>https://magnetic.website/Mad%20Titan/2019%201-click%20movies.xml</link>
<thumbnail>https://magnetic.website/Mad%20Titan/mad%20titan%20icons/mad%20titan%20icons.png</thumbnail>
<fanart>https://magnetic.website/Mad%20Titan/mad%20titan%20icons/splash.png</fanart>
</dir>

<dir>
<title>2018 Movies</title>
<link>https://magnetic.website/Mad%20Titan/2018%201-click%20movies.xml</link>
<thumbnail>https://magnetic.website/Mad%20Titan/mad%20titan%20icons/mad%20titan%20icons.png</thumbnail>
<fanart>https://magnetic.website/Mad%20Titan/mad%20titan%20icons/splash.png</fanart>
</dir>

<dir>
<title>2017 Movies</title>
<link>https://magnetic.website/Mad%20Titan/2017%201-click%20movies.xml</link>
<thumbnail>https://magnetic.website/Mad%20Titan/mad%20titan%20icons/mad%20titan%20icons.png</thumbnail>
<fanart>https://magnetic.website/Mad%20Titan/mad%20titan%20icons/splash.png</fanart>
</dir>

<dir>
<title>2016 Movies</title>
<link>http://magnetic.website/Mad%20Titan/2016%201-click%20movies.xml</link>
<thumbnail>https://magnetic.website/Mad%20Titan/mad%20titan%20icons/mad%20titan%20icons.png</thumbnail>
<fanart>https://magnetic.website/Mad%20Titan/mad%20titan%20icons/splash.png</fanart>
</dir>

<dir>
<title>2015 Movies</title>
<link>http://magnetic.website/Mad%20Titan/2015%201-click%20movies.xml</link>
<thumbnail>https://magnetic.website/Mad%20Titan/mad%20titan%20icons/mad%20titan%20icons.png</thumbnail>
<fanart>https://magnetic.website/Mad%20Titan/mad%20titan%20icons/splash.png</fanart>
</dir>

<dir>
<title>2014 Movies</title>
<link>https://magnetic.website/Mad%20Titan/2014%201-click%20movies.xml</link>
<thumbnail>https://magnetic.website/Mad%20Titan/mad%20titan%20icons/mad%20titan%20icons.png</thumbnail>
<fanart>https://magnetic.website/Mad%20Titan/mad%20titan%20icons/splash.png</fanart>
</dir>

<dir>
<title>2013 Movies</title>
<link>http://magnetic.website/Mad%20Titan/2013%201-click%20movies.xml</link>
<thumbnail>https://magnetic.website/Mad%20Titan/mad%20titan%20icons/mad%20titan%20icons.png</thumbnail>
<fanart>https://magnetic.website/Mad%20Titan/mad%20titan%20icons/splash.png</fanart>
</dir>

<dir>
<title>2012 Movies</title>
<link>http://magnetic.website/Mad%20Titan/2012%201-click%20movies.xml</link>
<thumbnail>https://magnetic.website/Mad%20Titan/mad%20titan%20icons/mad%20titan%20icons.png</thumbnail>
<fanart>https://magnetic.website/Mad%20Titan/mad%20titan%20icons/splash.png</fanart>
</dir>

<dir>
<title>2011 Movies</title>
<link>http://magnetic.website/Mad%20Titan/2011%201-click%20movies.xml</link>
<thumbnail>https://magnetic.website/Mad%20Titan/mad%20titan%20icons/mad%20titan%20icons.png</thumbnail>
<fanart>https://magnetic.website/Mad%20Titan/mad%20titan%20icons/splash.png</fanart>
</dir>

<dir>
<title>2010 Movies</title>
<link>http://magnetic.website/Mad%20Titan/2010%201-click%20movies.xml</link>
<thumbnail>https://magnetic.website/Mad%20Titan/mad%20titan%20icons/mad%20titan%20icons.png</thumbnail>
<fanart>https://magnetic.website/Mad%20Titan/mad%20titan%20icons/splash.png</fanart>
</dir>

<dir>
<title>2009 Movies</title>
<link>http://magnetic.website/Mad%20Titan/2009%201-click%20movies.xml</link>
<thumbnail>https://magnetic.website/Mad%20Titan/mad%20titan%20icons/mad%20titan%20icons.png</thumbnail>
<fanart>https://magnetic.website/Mad%20Titan/mad%20titan%20icons/splash.png</fanart>
</dir>

<dir>
<title>2008 Movies</title>
<link>http://magnetic.website/Mad%20Titan/2008%201-click%20movies%20.xml</link>
<thumbnail>https://magnetic.website/Mad%20Titan/mad%20titan%20icons/mad%20titan%20icons.png</thumbnail>
<fanart>https://magnetic.website/Mad%20Titan/mad%20titan%20icons/splash.png</fanart>
</dir>

<dir>
<title>2007 Movies</title>
<link>http://magnetic.website/Mad%20Titan/2007%201-click%20movies.xml</link>
<thumbnail>https://magnetic.website/Mad%20Titan/mad%20titan%20icons/mad%20titan%20icons.png</thumbnail>
<fanart>https://magnetic.website/Mad%20Titan/mad%20titan%20icons/splash.png</fanart>
</dir>

<dir>
<title>2006 Movies</title>
<link>http://magnetic.website/Mad%20Titan/2006%201-click%20movies.xml</link>
<thumbnail>https://magnetic.website/Mad%20Titan/mad%20titan%20icons/mad%20titan%20icons.png</thumbnail>
<fanart>https://magnetic.website/Mad%20Titan/mad%20titan%20icons/splash.png</fanart>
</dir>

<dir>
<title>2005 Movies</title>
<link>http://magnetic.website/Mad%20Titan/2005%201-click%20movies.xml</link>
<thumbnail>https://magnetic.website/Mad%20Titan/mad%20titan%20icons/mad%20titan%20icons.png</thumbnail>
<fanart>https://magnetic.website/Mad%20Titan/mad%20titan%20icons/splash.png</fanart>
</dir>

<dir>
<title>2004 Movies</title>
<link>http://magnetic.website/Mad%20Titan/2004%201-click%20movies.xml</link>
<thumbnail>https://magnetic.website/Mad%20Titan/mad%20titan%20icons/mad%20titan%20icons.png</thumbnail>
<fanart>https://magnetic.website/Mad%20Titan/mad%20titan%20icons/splash.png</fanart>
</dir>

<dir>
<title>2003 Movies</title>
<link>http://magnetic.website/Mad%20Titan/2003%201-click%20movies.xml</link>
<thumbnail>https://magnetic.website/Mad%20Titan/mad%20titan%20icons/mad%20titan%20icons.png</thumbnail>
<fanart>https://magnetic.website/Mad%20Titan/mad%20titan%20icons/splash.png</fanart>
</dir>

<dir>
<title>2002 Movies</title>
<link>http://magnetic.website/Mad%20Titan/2002%201-click%20movies.xml</link>
<thumbnail>https://magnetic.website/Mad%20Titan/mad%20titan%20icons/mad%20titan%20icons.png</thumbnail>
<fanart>https://magnetic.website/Mad%20Titan/mad%20titan%20icons/splash.png</fanart>
</dir>


<dir>
<title>2001 Movies</title>
<link>http://magnetic.website/Mad%20Titan/2001%201-click%20movies.xml</link>
<thumbnail>https://magnetic.website/Mad%20Titan/mad%20titan%20icons/mad%20titan%20icons.png</thumbnail>
<fanart>https://magnetic.website/Mad%20Titan/mad%20titan%20icons/splash.png</fanart>
</dir>



<dir>
<title>2000's</title>
<link>http://magnetic.website/Mad%20Titan/2000%201-click%20movies.xml</link>
<thumbnail>https://magnetic.website/Mad%20Titan/mad%20titan%20icons/mad%20titan%20icons.png</thumbnail>
<fanart>https://magnetic.website/Mad%20Titan/mad%20titan%20icons/splash.png</fanart>
</dir>

<dir>
<title>90's Movies </title>
<link>http://magnetic.website/Mad%20Titan/99%20through%2090%27s%201-click%20movies.xml</link>
<thumbnail>https://magnetic.website/Mad%20Titan/mad%20titan%20icons/mad%20titan%20icons.png</thumbnail>
<fanart>https://magnetic.website/Mad%20Titan/mad%20titan%20icons/splash.png</fanart>
</dir>

<dir>
<title>80's Movies</title>
<link>http://magnetic.website/Mad%20Titan/80%27s%201-click%20movies.xml</link>
<thumbnail>https://magnetic.website/Mad%20Titan/mad%20titan%20icons/mad%20titan%20icons.png</thumbnail>
<fanart>https://magnetic.website/Mad%20Titan/mad%20titan%20icons/splash.png</fanart>
</dir>



