<item>
<title>NBA AWARDS 2019</title>
<link>https://ok.ru/video/1722039536155</link>
<thumbnail>http://magnetic.website/menu%20icons/icon.png</thumbnail>
</item>



<item>
<title>GAME 6: Toronto Raptors vs Golden State Warriors – Jun 13, 2019</title>
<link>https://ok.ru/video/1058877606436</link>
<thumbnail>http://magnetic.website/Mad%20Titan/icon.png</thumbnail>
<summary></summary>
<fanart></fanart>
</item>



<item>
<title>GAME 5: Toronto Raptors vs Golden State Warriors – Jun 10, 2019</title>
<link>https://ok.ru/video/1054223174180</link>
<thumbnail>http://magnetic.website/Mad%20Titan/icon.png</thumbnail>
</item>

<item>
<title>GAME 4: Golden State Warriors vs Toronto Raptors – Jun 07, 2019</title>
<link>https://ok.ru/video/1051767736868</link>
<thumbnail>http://magnetic.website/Mad%20Titan/icon.png</thumbnail>
</item>



<item>
<title>GAME 2: Toronto Raptors vs Golden State Warriors – Jun 02, 2019</title>
<link>https://ok.ru/video/1047945873956</link>
<thumbnail>http://magnetic.website/Mad%20Titan/icon.png</thumbnail>
</item>



<item>
<title>GAME 1: Toronto Raptors vs Golden State Warriors – May 30, 2019</title>
<link>https://ok.ru/video/1045742815780</link>
<thumbnail>http://magnetic.website/Mad%20Titan/icon.png</thumbnail>
</item>


<item>
<title>Toronto Raptors vs Milwaukee Bucks – May 25, 2019</title>
<link>https://ok.ru/video/1041507027492</link>
<thumbnail>http://magnetic.website/Mad%20Titan/icon.png</thumbnail>
</item>

<item>
<title>Milwaukee Bucks vs Toronto Raptors – May 23, 2019</title>
<link>https://ok.ru/video/1039953037860</link>
<thumbnail>http://magnetic.website/Mad%20Titan/icon.png</thumbnail>
</item>



<item>
<title>Toronto Raptors vs Milwaukee Bucks – May 21, 2019</title>
<link>https://ok.ru/video/1038432143908</link>
<thumbnail>http://magnetic.website/Mad%20Titan/icon.png</thumbnail>
</item>




<item>
<title>WARRIORS VS BLAZERS May 20th 2019</title>
<link>https://ok.ru/video/1037540461092</link>
<thumbnail>http://magnetic.website/Mad%20Titan/icon.png</thumbnail>
</item>

<item>
<title>Toronto Raptors vs Milwaukee Bucks – May 19, 2019</title>
<link>https://ok.ru/video/1036796365348</link>
<thumbnail>http://magnetic.website/Mad%20Titan/icon.png</thumbnail>
</item>

<item>
<title>Portland Trail Blazers vs Golden State Warriors – May 18, 2019</title>
<link>https://ok.ru/video/1036000823844</link>
<thumbnail>http://magnetic.website/Mad%20Titan/icon.png</thumbnail>
</item>

<item>
<title>Milwaukee Bucks vs Toronto Raptors – May 17, 2019</title>
<link>https://ok.ru/video/1035163666980</link>
<thumbnail>http://magnetic.website/Mad%20Titan/icon.png</thumbnail>
</item>

<item>
<title>Golden State Warriors vs Portland Trail Blazers – May 16, 2019</title>
<link>https://ok.ru/video/1034435299876</link>
<thumbnail>http://magnetic.website/Mad%20Titan/icon.png</thumbnail>
</item>








<item>
  <title>Indiana Pacers vs Golden State Warriors 21 Mar 2019</title>
  <link>
  <sublink>https://ok.ru/video/1581794986523(part1)</sublink>
 <sublink>https://ok.ru/video/1581794920987(part2)</sublink>
  <sublink>https://ok.ru/video/1581795117595(part3)</sublink>
  <sublink>https://ok.ru/video/1581795052059(part4)</sublink>
  </link>
<thumbnail>http://magnetic.website/Mad%20Titan/icon.png</thumbnail>
</item>  

  
  
  
<item>
  <title>Dallas Mavericks vs Sacramento Kings 21 Mar 2019</title>
  <link>
  <sublink>https://ok.ru/video/1581811436059(part1)</sublink>
 <sublink>https://ok.ru/video/1581811501595(part2)</sublink>
  <sublink>https://ok.ru/video/1581811370523(part3)</sublink>
  <sublink>https://ok.ru/video/1581811304987(part4)</sublink>
  </link>
<thumbnail>http://magnetic.website/Mad%20Titan/icon.png</thumbnail>
</item>  

<item>
<title>Detroit Pistons vs Phoenix Suns 21 Mar 2019</title>
<sublink>https://ok.ru/video/1581801540123(PART1)</sublink>
 <sublink>https://ok.ru/video/1581801605659(PART2)</sublink>
<sublink>https://ok.ru/video/1581801474587(PART3)</sublink>
<sublink>https://ok.ru/video/1581801671195(PART4)</sublink>
<thumbnail>http://magnetic.website/Mad%20Titan/icon.png</thumbnail>
<summary></summary>
<fanart></fanart>
</item>

<item>
<title>Utah Jazz vs Atlanta Hawks 21 Mar 2019</title>
<sublink>https://ok.ru/video/1581839813147(PART1)</sublink>
 <sublink>https://ok.ru/video/1581839682075(PART2)</sublink>
<sublink>https://ok.ru/video/1581839747611(PART3)</sublink>
<sublink>https://ok.ru/video/1581839616539(PART4)</sublink>
<thumbnail>http://magnetic.website/Mad%20Titan/icon.png</thumbnail>
<summary></summary>
<fanart></fanart>
</item>

<item>
<title>Denver Nuggets vs Washington Wizards 21 Mar 2019</title>
<sublink>https://ok.ru/video/1581820348955(PART1)</sublink>
 <sublink>https://ok.ru/video/1581820217883(PART2)</sublink>
<sublink>https://ok.ru/video/1581820283419(PART3)</sublink>
<sublink>https://ok.ru/video/1581820611099(PART4)</sublink>
<thumbnail>http://magnetic.website/Mad%20Titan/icon.png</thumbnail>
<summary></summary>
<fanart></fanart>
</item>

<item>
<title>Minnesota Timberwolves vs Charlotte Hornets 21 Mar 2019 </title>
<sublink>https://ok.ru/video/1581781682715(PART1)</sublink>
 <sublink>https://ok.ru/video/1581781617179(PART2)</sublink>
<sublink>https://ok.ru/video/1581781748251(PART3)</sublink>
<sublink>https://ok.ru/video/1581781551643(PART4)</sublink>
<thumbnail>http://magnetic.website/Mad%20Titan/icon.png</thumbnail>
<summary></summary>
<fanart></fanart>
</item>





<item>
<title>NBA All-Star Saturday Night – Feb 16, 2019</title>
<link>https://ok.ru/video/1514897017521</link>
<thumbnail>http://magnetic.website/Mad%20Titan/icon.png</thumbnail>
<summary></summary>
<fanart></fanart>
</item>


<item>
<title>NBA All-Star Celebrity Game – Feb 15, 2019</title>
<link>https://ok.ru/video/1513951726257</link>
<thumbnail>http://magnetic.website/Mad%20Titan/icon.png</thumbnail>
<summary></summary>
<fanart></fanart>
</item>

<item>
<title>NBA Rising Stars Challenge – Feb 15, 2019</title>
<link>https://ok.ru/video/1513934949041</link>
<thumbnail>http://magnetic.website/Mad%20Titan/icon.png</thumbnail>
<summary></summary>
<fanart></fanart>
</item>

<item>
<title>Atlanta Hawks vs New York Knicks – Feb 14, 2019</title>
<link>https://ok.ru/video/1512961477297</link>
<thumbnail>http://magnetic.website/Mad%20Titan/icon.png</thumbnail>
<summary></summary>
<fanart></fanart>
</item>

<item>
<title>New Orleans Pelicans vs Oklahoma City Thunder – Feb 14, 2019</title>
<link>https://ok.ru/video/1512919534257</link>
<thumbnail>http://magnetic.website/Mad%20Titan/icon.png</thumbnail>
<summary></summary>
<fanart></fanart>
</item>




<item>
<title>Los Angeles Clippers vs Phoenix Suns – Feb 13, 2019</title>
<link>https://ok.ru/video/1511914474161(part1)</link>
<link>https://ok.ru/video/1511914539697(part2)</link>
<thumbnail>http://magnetic.website/Mad%20Titan/icon.png</thumbnail>
<summary></summary>
<fanart></fanart>
</item>

<item>
<title>Cleveland Cavaliers vs Brooklyn Nets – Feb 13, 2019</title>
<link>https://ok.ru/video/1511894420145</link>
<thumbnail>http://magnetic.website/Mad%20Titan/icon.png</thumbnail>
<summary></summary>
<fanart></fanart>
</item>

<item>
<title>New York Knicks vs Philadelphia 76ers – Feb 13, 2019</title>
<link>https://ok.ru/video/1511872662193</link>
<thumbnail>http://magnetic.website/Mad%20Titan/icon.png</thumbnail>
<summary></summary>
<fanart></fanart>
</item>

<item>
<title>Memphis Grizzlies vs Chicago Bulls – Feb 13, 2019</title>
<link>https://ok.ru/video/1511870565041</link>
<thumbnail>http://magnetic.website/Mad%20Titan/icon.png</thumbnail>
<summary></summary>
<fanart></fanart>
</item>

<item>
<title>Dallas Mavericks vs Miami Heat – Feb 13, 2019</title>
<link>https://ok.ru/video/1511861586609</link>
<thumbnail>http://magnetic.website/Mad%20Titan/icon.png</thumbnail>
<summary></summary>
<fanart></fanart>
</item>

<item>
<title>Boston Celtics vs Detroit Pistons – Feb 13, 2019</title>
<link>https://ok.ru/video/1511858178737</link>
<thumbnail>http://magnetic.website/Mad%20Titan/icon.png</thumbnail>
<summary></summary>
<fanart></fanart>
</item>

<item>
<title>Indiana Pacers vs Milwaukee Bucks – Feb 13, 2019</title>
<link>https://ok.ru/video/1511846316721</link>
<thumbnail>http://magnetic.website/Mad%20Titan/icon.png</thumbnail>
<summary></summary>
<fanart></fanart>
</item>






<item>
<title>Oklahoma City Thunder vs Orlando Magic – Feb 05, 2019</title>
<link>https://ok.ru/video/1502134143665</link>
<thumbnail>http://magnetic.website/Mad%20Titan/icon.png</thumbnail>
<summary></summary>
<fanart></fanart>
</item>

<item>
<title>Charlotte Hornets vs Los Angeles Clippers – Feb 05, 2019</title>
<link>https://ok.ru/video/1502122347185</link>
<thumbnail>http://magnetic.website/Mad%20Titan/icon.png</thumbnail>
<summary></summary>
<fanart></fanart>
</item>

<item>
<title>New York Knicks vs Detroit Pistons – Feb 05, 2019</title>
<link>https://ok.ru/video/1502120512177</link>
<thumbnail>http://magnetic.website/Mad%20Titan/icon.png</thumbnail>
<summary></summary>
<fanart></fanart>
</item>

<item>
<title>Memphis Grizzlies vs Minnesota Timberwolves – Feb 05, 2019</title>
<link>https://ok.ru/video/1502120446641</link>
<thumbnail>http://magnetic.website/Mad%20Titan/icon.png</thumbnail>
<summary></summary>
<fanart></fanart>
</item>



<item>
<title>Cleveland Cavaliers vs Boston Celtics – Feb 05, 2019</title>
<link>https://ok.ru/video/1502105569969</link>
<thumbnail>http://magnetic.website/Mad%20Titan/icon.png</thumbnail>
<summary></summary>
<fanart></fanart>
</item>

<item>
<title>Portland Trail Blazers vs Miami Heat – Feb 05, 2019</title>
<link>https://ok.ru/video/1502098164401</link>
<thumbnail>http://magnetic.website/Mad%20Titan/icon.png</thumbnail>
<summary></summary>
<fanart></fanart>
</item>

<item>
<title>Philadelphia 76ers vs Toronto Raptors – Feb 05, 2019</title>
<link>https://ok.ru/video/1502089972401</link>
<thumbnail>http://magnetic.website/Mad%20Titan/icon.png</thumbnail>
<summary></summary>
<fanart></fanart>
</item>

<item>
<title>Indiana Pacers vs Los Angeles Lakers – Feb 05, 2019</title>
<link>https://ok.ru/video/1502085384881</link>
<thumbnail>http://magnetic.website/Mad%20Titan/icon.png</thumbnail>
<summary></summary>
<fanart></fanart>
</item>

<item>
<title>Washington Wizards vs Atlanta Hawks – Feb 04, 2019</title>
<link>https://ok.ru/video/1499060112049(PART1)</link>
<link>https://ok.ru/video/1499060177585(PART2)</link>
<thumbnail>http://magnetic.website/Mad%20Titan/icon.png</thumbnail>
<summary></summary>
<fanart></fanart>
</item>


<item>
<title>Toronto Raptors vs Los Angeles Clippers – Feb 03, 2019</title>
<link>https://ok.ru/video/1496136354481</link>
<thumbnail>http://magnetic.website/Mad%20Titan/icon.png</thumbnail>
<summary></summary>
<fanart></fanart>
</item>

<item>
<title>New York Knicks vs Memphis Grizzlies – Feb 03, 2019</title>
<link>https://ok.ru/video/1495784295089</link>
<thumbnail>http://magnetic.website/Mad%20Titan/icon.png</thumbnail>
<summary></summary>
<fanart></fanart>
</item>

<item>
<title>Boston Celtics vs Oklahoma City Thunder – Feb 03, 2019</title>
<link>https://ok.ru/video/1495784229553</link>
<thumbnail>http://magnetic.website/Mad%20Titan/icon.png</thumbnail>
<summary></summary>
<fanart></fanart>
</item>

<item>
<title>Washington Wizards vs Milwaukee Bucks – Feb 02, 2019</title>
<link>https://ok.ru/video/1495338388145</link>
<thumbnail>http://magnetic.website/Mad%20Titan/icon.png</thumbnail>
<summary></summary>
<fanart></fanart>
</item>




<item>
<title>Miami Heat vs Chicago Bulls – Jan 30, 2019</title>
<link>https://ok.ru/video/1491851872945</link>
<thumbnail>http://magnetic.website/Mad%20Titan/icon.png</thumbnail>
<summary></summary>
<fanart></fanart>
</item>

<item>
<title>Minnesota Timberwolves vs Memphis Grizzlies – Jan 30, 2019</title>
<link>https://ok.ru/video/1491839945393</link>
<thumbnail>http://magnetic.website/Mad%20Titan/icon.png</thumbnail>
<summary></summary>
<fanart></fanart>
</item>

<item>
<title>Dallas Mavericks vs New York Knicks – Jan 30, 2019</title>
<link>https://ok.ru/video/1491835095729</link>
<thumbnail>http://magnetic.website/Mad%20Titan/icon.png</thumbnail>
<summary></summary>
<fanart></fanart>
</item>

<item>
<title>Washington Wizards vs Indiana Pacers – Jan 30, 2019</title>
<link>https://ok.ru/video/1491815238321</link>
<thumbnail>http://magnetic.website/Mad%20Titan/icon.png</thumbnail>
<summary></summary>
<fanart></fanart>
</item>

<item>
<title>New Orleans Pelicans vs Denver Nuggets – Jan 30, 2019</title>
<link>https://ok.ru/video/1491815172785</link>
<thumbnail>http://magnetic.website/Mad%20Titan/icon.png</thumbnail>
<summary></summary>
<fanart></fanart>
</item>

<item>
<title>Portland Trail Blazers vs Utah Jazz – Jan 30, 2019</title>
<link>https://ok.ru/video/1491805670065</link>
<thumbnail>http://magnetic.website/Mad%20Titan/icon.png</thumbnail>
<summary></summary>
<fanart></fanart>
</item>

<item>
<title>Boston Celtics vs Charlotte Hornets – Jan 30, 2019</title>
<link>https://ok.ru/video/1491800689329</link>
<thumbnail>http://magnetic.website/Mad%20Titan/icon.png</thumbnail>
<summary></summary>
<fanart></fanart>
</item>








<item>
<title>Memphis Grizzlies vs Denver Nuggets – Jan 28, 2019</title>
<link>https://ok.ru/video/1489909779121</link>
<thumbnail>http://magnetic.website/Mad%20Titan/icon.png</thumbnail>
<summary></summary>
<fanart></fanart>
</item>

<item>
<title>Charlotte Hornets vs New York Knicks – Jan 28, 2019</title>
<link>https://ok.ru/video/1489902504625</link>
<thumbnail>http://magnetic.website/Mad%20Titan/icon.png</thumbnail>
<summary></summary>
<fanart></fanart>
</item>

<item>
<title>Indiana Pacers vs Golden State Warriors – Jan 28, 2019</title>
<link>https://ok.ru/video/1489893198513</link>
<thumbnail>http://magnetic.website/Mad%20Titan/icon.png</thumbnail>
<summary></summary>
<fanart></fanart>
</item>

<item>
<title>Los Angeles Clippers vs Atlanta Hawks – Jan 28, 2019</title>
<link>https://ok.ru/video/1489891953329</link>
<thumbnail>http://magnetic.website/Mad%20Titan/icon.png</thumbnail>
<summary></summary>
<fanart></fanart>
</item>

<item>
<title>Boston Celtics vs Brooklyn Nets – Jan 28, 2019</title>
<link>https://ok.ru/video/1489881008817</link>
<thumbnail>http://magnetic.website/Mad%20Titan/icon.png</thumbnail>
<summary></summary>
<fanart></fanart>
</item>

<item>
<title>Los Angeles Clippers vs Sacramento Kings – Jan 27, 2019</title>
<link>https://ok.ru/video/1478196464305</link>
<thumbnail>http://magnetic.website/Mad%20Titan/icon.png</thumbnail>
<summary></summary>
<fanart></fanart>
</item>



<item>
<title>Los Angeles Clippers vs Sacramento Kings – Jan 27, 2019</title>
<link>https://ok.ru/video/1478196464305</link>
<thumbnail>http://magnetic.website/Mad%20Titan/icon.png</thumbnail>
<summary></summary>
<fanart></fanart>
</item>

<item>
<title>Chicago Bulls vs Cleveland Cavaliers – Jan 27, 2019</title>
<link>https://ok.ru/video/1478196398769</link>
<thumbnail>http://magnetic.website/Mad%20Titan/icon.png</thumbnail>
<summary></summary>
<fanart></fanart>
</item>

<item>
<title>New York Knicks vs Miami Heat – Jan 27, 2019</title>
<link>https://ok.ru/video/1478189386417</link>
<thumbnail>http://magnetic.website/Mad%20Titan/icon.png</thumbnail>
<summary></summary>
<fanart></fanart>
</item>

<item>
<title>San Antonio Spurs vs Washington Wizards – Jan 27, 2019</title>
<link>https://ok.ru/video/1478174509745</link>
<thumbnail>http://magnetic.website/Mad%20Titan/icon.png</thumbnail>
<summary></summary>
<fanart></fanart>
</item>

<item>
<title>Oklahoma City Thunder vs Milwaukee Bucks – Jan 27, 2019</title>
<link>https://ok.ru/video/1478174706353</link>
<thumbnail>http://magnetic.website/Mad%20Titan/icon.png</thumbnail>
<summary></summary>
<fanart></fanart>
</item>

<item>
<title>Minnesota Timberwolves vs Utah Jazz – Jan 27, 2019</title>
<link>https://ok.ru/video/1478174640817</link>
<thumbnail>http://magnetic.website/Mad%20Titan/icon.png</thumbnail>
<summary></summary>
<fanart></fanart>
</item>


<item>
<title>Houston Rockets vs Orlando Magic – Jan 27, 2019</title>
<link>https://ok.ru/video/1478174575281</link>
<thumbnail>http://magnetic.website/Mad%20Titan/icon.png</thumbnail>
<summary></summary>
<fanart></fanart>
</item>

<item>
<title>Dallas Mavericks vs Toronto Raptors – Jan 27, 2019</title>
<link>https://ok.ru/video/1478174444209</link>
<thumbnail>http://magnetic.website/Mad%20Titan/icon.png</thumbnail>
<summary></summary>
<fanart></fanart>
</item>

<item>
<title>Los Angeles Lakers vs Phoenix Suns – Jan 27, 2019</title>
<link>https://ok.ru/video/1478163040945</link>
<thumbnail>http://magnetic.website/Mad%20Titan/icon.png</thumbnail>
<summary></summary>
<fanart></fanart>
</item>


<item>
<title>Memphis Grizzlies vs Indiana Pacers – Jan 26, 2019</title>
<link>https://ok.ru/video/1474338097841</link>
<thumbnail>http://magnetic.website/Mad%20Titan/icon.png</thumbnail>
<summary></summary>
<fanart></fanart>
</item>

<item>
<title>Portland Trail Blazers vs Atlanta Hawks – Jan 26, 2019</title>
<link>https://ok.ru/video/1474336066225</link>
<thumbnail>http://magnetic.website/Mad%20Titan/icon.png</thumbnail>
<summary></summary>
<fanart></fanart>
</item>

<item>
<title>Denver Nuggets vs Philadelphia 76ers – Jan 26, 2019</title>
<link>https://ok.ru/video/1474329709233</link>
<thumbnail>http://magnetic.website/Mad%20Titan/icon.png</thumbnail>
<summary></summary>
<fanart></fanart>
</item>

<item>
<title>Boston Celtics vs Golden State Warriors – Jan 26, 2019</title>
<link>https://ok.ru/video/1474315356849</link>
<thumbnail>http://magnetic.website/Mad%20Titan/icon.png</thumbnail>
<summary></summary>
<fanart></fanart>
</item>

<item>
<title>New Orleans Pelicans vs San Antonio Spurs – Jan 26, 2019</title>
<link>https://ok.ru/video/1474301725361</link>
<thumbnail>http://magnetic.website/Mad%20Titan/icon.png</thumbnail>
<summary></summary>
<fanart></fanart>
</item>

<item>
<title>Miami Heat vs Cleveland Cavaliers – Jan 25, 2019</title>
<link>https://ok.ru/video/1473810533041</link>
<thumbnail>http://magnetic.website/Mad%20Titan/icon.png</thumbnail>
<summary></summary>
<fanart></fanart>
</item>

<item>
<title>New York Knicks vs Brooklyn Nets – Jan 25, 2019</title>
<link>https://ok.ru/video/1473332120241</link>
<thumbnail>http://magnetic.website/Mad%20Titan/icon.png</thumbnail>
<summary></summary>
<fanart></fanart>
</item>

<item>
<title>Phoenix Suns vs Denver Nuggets – Jan 25, 2019</title>
<link>https://ok.ru/video/1473319406257</link>
<thumbnail>http://magnetic.website/Mad%20Titan/icon.png</thumbnail>
<summary></summary>
<fanart></fanart>
</item>

<item>
<title>Sacramento Kings vs Memphis Grizzlies – Jan 25, 2019</title>
<link>https://ok.ru/video/1473303481009</link>
<thumbnail>http://magnetic.website/Mad%20Titan/icon.png</thumbnail>
<summary></summary>
<fanart></fanart>
</item>

<item>
<title>Los Angeles Clippers vs Chicago Bulls – Jan 25, 2019</title>
<link>https://ok.ru/video/1473291225777</link>
<thumbnail>http://magnetic.website/Mad%20Titan/icon.png</thumbnail>
<summary></summary>
<fanart></fanart>
</item>

<item>
<title>Toronto Raptors vs Houston Rockets – Jan 25, 2019</title>
<link>https://ok.ru/video/1473287293617</link>
<thumbnail>http://magnetic.website/Mad%20Titan/icon.png</thumbnail>
<summary></summary>
<fanart></fanart>
</item>

<item>
<title>Charlotte Hornets vs Milwaukee Bucks – Jan 25, 2019</title>
<link>https://ok.ru/video/1473281067697</link>
<thumbnail>http://magnetic.website/Mad%20Titan/icon.png</thumbnail>
<summary></summary>
<fanart></fanart>
</item>

<item>
<title>Minnesota Timberwolves vs Utah Jazz – Jan 25, 2019</title>
<link>https://ok.ru/video/1473277725361</link>
<thumbnail>http://magnetic.website/Mad%20Titan/icon.png</thumbnail>
<summary></summary>
<fanart></fanart>
</item>

<item>
<title>Detroit Pistons vs Dallas Mavericks – Jan 25, 2019</title>
<link>https://ok.ru/video/1473271106225</link>
<thumbnail>http://magnetic.website/Mad%20Titan/icon.png</thumbnail>
<summary></summary>
<fanart></fanart>
</item>


<item>
<title>Cleveland Cavaliers vs Chicago Bulls – Jan 21, 2019</title>
<link>https://ok.ru/video/1456152578737</link>
<thumbnail>http://magnetic.website/Mad%20Titan/icon.png</thumbnail>
<summary></summary>
<fanart></fanart>
</item>

<item>
<title>New York Knicks vs Oklahoma City Thunder – Jan 21, 2019</title>
<link>https://ok.ru/video/1456149301937</link>
<thumbnail>http://magnetic.website/Mad%20Titan/icon.png</thumbnail>
<summary></summary>
<fanart></fanart>
</item>

<item>
<title>Atlanta Hawks vs Orlando Magic – Jan 21, 2019</title>
<link>https://ok.ru/video/1456108604081</link>
<thumbnail>http://magnetic.website/Mad%20Titan/icon.png</thumbnail>
<summary></summary>
<fanart></fanart>
</item>

<item>
<title>Washington Wizards vs Detroit Pistons – Jan 21, 2019</title>
<link>https://ok.ru/video/1456103230129</link>
<thumbnail>http://magnetic.website/Mad%20Titan/icon.png</thumbnail>
<summary></summary>
<fanart></fanart>
</item>

<item>
<title>Utah Jazz vs Portland Trail Blazers – Jan 21, 2019</title>
<link>https://ok.ru/video/1456103164593</link>
<thumbnail>http://magnetic.website/Mad%20Titan/icon.png</thumbnail>
<summary></summary>
<fanart></fanart>
</item>

<item>
<title>Brooklyn Nets vs Sacramento Kings – Jan 21, 2019</title>
<link>https://ok.ru/video/1456097921713</link>
<thumbnail>http://magnetic.website/Mad%20Titan/icon.png</thumbnail>
<summary></summary>
<fanart></fanart>
</item>

<item>
<title>Milwaukee Bucks vs Dallas Mavericks – Jan 21, 2019</title>
<link>https://ok.ru/video/1456097856177</link>
<thumbnail>http://magnetic.website/Mad%20Titan/icon.png</thumbnail>
<summary></summary>
<fanart></fanart>
</item>

<item>
<title>Memphis Grizzlies vs New Orleans Pelicans – Jan 21, 2019</title>
<link>https://ok.ru/video/1456097790641</link>
<thumbnail>http://magnetic.website/Mad%20Titan/icon.png</thumbnail>
<summary></summary>
<fanart></fanart>
</item>

<item>
<title>Los Angeles Lakers vs Golden State Warriors – Jan 21, 2019</title>
<link>https://ok.ru/video/1456083503793</link>
<thumbnail>http://magnetic.website/Mad%20Titan/icon.png</thumbnail>
<summary></summary>
<fanart></fanart>
</item>

<item>
<title>Boston Celtics vs Miami Heat – Jan 21, 2019</title>
<link>https://ok.ru/video/1456083438257</link>
<thumbnail>http://magnetic.website/Mad%20Titan/icon.png</thumbnail>
<summary></summary>
<fanart></fanart>
</item>

<item>
<title>Philadelphia 76ers vs Houston Rockets – Jan 21, 2019</title>
<link>https://ok.ru/video/1456079309489</link>
<thumbnail>http://magnetic.website/Mad%20Titan/icon.png</thumbnail>
<summary></summary>
<fanart></fanart>
</item>




<item>
<title>Indiana Pacers vs Charlotte Hornets – Jan 20, 2019</title>
<link>https://ok.ru/video/1455016184497</link>
<thumbnail>http://magnetic.website/Mad%20Titan/icon.png</thumbnail>
<summary></summary>
<fanart></fanart>
</item>

<item>
<title>Minnesota Timberwolves vs Phoenix Suns – Jan 20, 2019</title>
<link>https://ok.ru/video/1454975617713</link>
<thumbnail>http://magnetic.website/Mad%20Titan/icon.png</thumbnail>
<summary></summary>
<fanart></fanart>
</item>


<item>
<title>Washington Wizards vs New York Knicks – Jan 17, 2019</title>
<link>https://ok.ru/video/1437002369713</link>
<thumbnail>http://magnetic.website/Mad%20Titan/icon.png</thumbnail>
<summary></summary>
<fanart></fanart>
</item>

<item>
<title>Charlotte Hornets vs Sacramento Kings – Jan 17, 2019</title>
<link>https://ok.ru/video/1436997782193(part 1)</link>
<link>https://ok.ru/video/1436997716657(part 2)</link>
<thumbnail>http://magnetic.website/Mad%20Titan/icon.png</thumbnail>
<summary></summary>
<fanart></fanart>
</item>

<item>
<title>Denver Nuggets vs Chicago Bulls – Jan 17, 2019</title>
<link>https://ok.ru/video/1436992539313</link>
<thumbnail>http://magnetic.website/Mad%20Titan/icon.png</thumbnail>
<summary></summary>
<fanart></fanart>
</item>

<item>
<title>Toronto Raptors vs Phoenix Suns – Jan 17, 2019</title>
<link>https://ok.ru/video/1436980087473</link>
<thumbnail>http://magnetic.website/Mad%20Titan/icon.png</thumbnail>
<summary></summary>
<fanart></fanart>
</item>

<item>
<title>Indiana Pacers vs Philadelphia 76ers – Jan 17, 2019</title>
<link>https://ok.ru/video/1436976810673</link>
<thumbnail>http://magnetic.website/Mad%20Titan/icon.png</thumbnail>
<summary></summary>
<fanart></fanart>
</item>

<item>
<title>Oklahoma City Thunder vs Los Angeles Lakers – Jan 17, 2019</title>
<link>https://ok.ru/video/1436976745137</link>
<thumbnail>http://magnetic.website/Mad%20Titan/icon.png</thumbnail>
<summary></summary>
<fanart></fanart>
</item>



<item>
<title>Golden State Warriors vs Houston Rockets – Jan 03, 2019</title>
<link>https://ok.ru/video/1406135372465</link>
<thumbnail>http://magnetic.website/Mad%20Titan/icon.png</thumbnail>
<summary></summary>
<fanart></fanart>
</item>


<item>
<title>Sacramento Kings vs Denver Nuggets – Jan 03, 2019</title>
<link>https://ok.ru/video/1406145137329</link>
<thumbnail>http://magnetic.website/Mad%20Titan/icon.png</thumbnail>
<summary></summary>
<fanart></fanart>
</item>

<item>
<title>San Antonio Spurs vs Toronto Raptors – Jan 03, 2019</title>
<link>https://ok.ru/video/1406125738673</link>
<thumbnail>http://magnetic.website/Mad%20Titan/icon.png</thumbnail>
<summary></summary>
<fanart></fanart>
</item>



<item>
<title>Cleveland Cavaliers vs Miami Heat – Jan 02, 2019</title>
<link>https://ok.ru/video/1404398734001</link>
<thumbnail>http://magnetic.website/Mad%20Titan/icon.png</thumbnail>
<summary></summary>
<fanart></fanart>
</item>


<item>
<title>Washington Wizards vs Atlanta Hawks – Jan 02, 2019</title>
<link>https://ok.ru/video/1404375468721</link>
<thumbnail>http://magnetic.website/Mad%20Titan/icon.png</thumbnail>
<summary></summary>
<fanart></fanart>
</item>

<item>
<title>Phoenix Suns vs Philadelphia 76ers – Jan 02, 2019</title>
<link>https://ok.ru/video/1404367669937</link>
<thumbnail>http://magnetic.website/Mad%20Titan/icon.png</thumbnail>
<summary></summary>
<fanart></fanart>
</item>

<item>
<title>Memphis Grizzlies vs Detroit Pistons – Jan 02, 2019</title>
<link>https://ok.ru/video/1404358298289</link>
<thumbnail>http://magnetic.website/Mad%20Titan/icon.png</thumbnail>
<summary></summary>
<fanart></fanart>
</item>

<item>
<title>Charlotte Hornets vs Dallas Mavericks – Jan 02, 2019</title>
<link>https://ok.ru/video/1404358232753</link>
<thumbnail>http://magnetic.website/Mad%20Titan/icon.png</thumbnail>
<summary></summary>
<fanart></fanart>
</item>

<item>
<title>Brooklyn Nets vs New Orleans Pelicans – Jan 02, 2019</title>
<link>https://ok.ru/video/1404349582001</link>
<thumbnail>http://magnetic.website/Mad%20Titan/icon.png</thumbnail>
<summary></summary>
<fanart></fanart>
</item>

<item>
<title>Los Angeles Lakers vs Oklahoma City Thunder – Jan 02, 2019</title>
<link>https://ok.ru/video/1404338506417</link>
<thumbnail>http://magnetic.website/Mad%20Titan/icon.png</thumbnail>
<summary></summary>
<fanart></fanart>
</item>

<item>
<title>Chicago Bulls vs Orlando Magic – Jan 02, 2019</title>
<link>https://ok.ru/video/1404334115505</link>
<thumbnail>http://magnetic.website/Mad%20Titan/icon.png</thumbnail>
<summary></summary>
<fanart></fanart>
</item>

<item>
<title>Boston Celtics vs Minnesota Timberwolves – Jan 02, 2019</title>
<link>https://ok.ru/video/1404326382257</link>
<thumbnail>http://magnetic.website/Mad%20Titan/icon.png</thumbnail>
<summary></summary>
<fanart></fanart>
</item>




<item>
<title>Portland Trail Blazers vs Sacramento Kings – Jan 01, 2019</title>
<link>https://ok.ru/video/1400899832497</link>
<thumbnail>http://magnetic.website/Mad%20Titan/icon.png</thumbnail>
<summary></summary>
<fanart></fanart>
</item>

<item>
<title>Detroit Pistons vs Milwaukee Bucks – Jan 01, 2019</title>
<link>https://ok.ru/video/1400437607089</link>
<thumbnail>http://magnetic.website/Mad%20Titan/icon.png</thumbnail>
<summary></summary>
<fanart></fanart>
</item>

<item>
<title>New York Knicks vs Denver Nuggets – Jan 01, 2019</title>
<link>https://ok.ru/video/1400406608561</link>
<thumbnail>http://magnetic.website/Mad%20Titan/icon.png</thumbnail>
<summary></summary>
<fanart></fanart>
</item>

<item>
<title>Utah Jazz vs Toronto Raptors – Jan 01, 2019</title>
<link>https://ok.ru/video/1400078142129</link>
<thumbnail>http://magnetic.website/Mad%20Titan/icon.png</thumbnail>
<summary></summary>
<fanart></fanart>
</item>

<item>
<title>Philadelphia 76ers vs Los Angeles Clippers – Jan 01, 2019</title>
<link>https://ok.ru/video/1400042425009</link>
<thumbnail>http://magnetic.website/Mad%20Titan/icon.png</thumbnail>
<summary></summary>
<fanart></fanart>
</item>




<item>
<title>Minnesota Timberwolves vs New Orleans Pelicans – Dec 31, 2018</title>
<link>https://ok.ru/video/1398097709745</link>
<thumbnail>http://magnetic.website/Mad%20Titan/icon.png</thumbnail>
<summary></summary>
<fanart></fanart>
</item>

<item>
<title>Indiana Pacers vs Atlanta Hawks – Dec 31, 2018</title>
<link>https://ok.ru/video/1398062910129</link>
<thumbnail>http://magnetic.website/Mad%20Titan/icon.png</thumbnail>
<summary></summary>
<fanart></fanart>
</item>


<item>
<title>Charlotte Hornets vs Orlando Magic – Dec 31, 2018</title>
<link>https://ok.ru/video/1398052752049</link>
<thumbnail>http://magnetic.website/Mad%20Titan/icon.png</thumbnail>
<summary></summary>
<fanart></fanart>
</item>

<item>
<title>Memphis Grizzlies vs Houston Rockets – Dec 31, 2018</title>
<link>https://ok.ru/video/1398007335601</link>
<thumbnail>http://magnetic.website/Mad%20Titan/icon.png</thumbnail>
<summary></summary>
<fanart></fanart>
</item>

<item>
<title>Oklahoma City Thunder vs Dallas Mavericks – Dec 31, 2018</title>
<link>https://ok.ru/video/1397990820529</link>
<thumbnail>http://magnetic.website/Mad%20Titan/icon.png</thumbnail>
<summary></summary>
<fanart></fanart>
</item>

<item>
<title>San Antonio Spurs vs Boston Celtics – Dec 31, 2018</title>
<link>https://ok.ru/video/1397990754993</link>
<thumbnail>http://magnetic.website/Mad%20Titan/icon.png</thumbnail>
<summary></summary>
<fanart></fanart>
</item>

<item>
<title>Phoenix Suns vs Golden State Warriors – Dec 31, 2018</title>
<link>https://ok.ru/video/1397990689457</link>
<thumbnail>http://magnetic.website/Mad%20Titan/icon.png</thumbnail>
<summary></summary>
<fanart></fanart>
</item>

<item>
<title>Miami Heat vs Minnesota Timberwolves – Dec 30, 2018</title>
<link>https://ok.ru/video/1394587732657</link>
<thumbnail>http://magnetic.website/Mad%20Titan/icon.png</thumbnail>
<summary></summary>
<fanart></fanart>
</item>

<item>
<title>Orlando Magic vs Detroit Pistons – Dec 30, 2018</title>
<link>https://ok.ru/video/1394574559921</link>
<thumbnail>http://magnetic.website/Mad%20Titan/icon.png</thumbnail>
<summary></summary>
<fanart></fanart>
</item>

<item>
<title>Portland Trail Blazers vs Philadelphia 76ers – Dec 30, 2018</title>
<link>https://ok.ru/video/1394461903537</link>
<thumbnail>http://magnetic.website/Mad%20Titan/icon.png</thumbnail>
<summary></summary>
<fanart></fanart>
</item>

<item>
<title>Los Angeles Lakers vs Sacramento Kings – Dec 30, 2018</title>
<link>https://ok.ru/video/1394323950257</link>
<thumbnail>http://magnetic.website/Mad%20Titan/icon.png</thumbnail>
<summary></summary>
<fanart></fanart>
</item>

<item>
<title>Toronto Raptors vs Chicago Bulls – Dec 30, 2018</title>
<link>https://ok.ru/video/1394277616305</link>
<thumbnail>http://magnetic.website/Mad%20Titan/icon.png</thumbnail>
<summary></summary>
<fanart></fanart>
</item>

<item>
<title>Dallas Mavericks vs Oklahoma City Thunder – Dec 30, 2018</title>
<link>https://ok.ru/video/1394231085745</link>
<thumbnail>http://magnetic.website/Mad%20Titan/icon.png</thumbnail>
<summary></summary>
<fanart></fanart>
</item>

<item>
<title>Atlanta Hawks vs Cleveland Cavaliers – Dec 29, 2018</title>
<link>https://ok.ru/video/1391982217905</link>
<thumbnail>http://magnetic.website/Mad%20Titan/icon.png</thumbnail>
<summary></summary>
<fanart></fanart>
</item>



<item>
<title>Brooklyn Nets vs Phoenix Suns – Dec 23, 2018</title>
<link>https://ok.ru/video/1376755518129</link>
<thumbnail>http://magnetic.website/Mad%20Titan/icon.png</thumbnail>
<summary></summary>
<fanart></fanart>
</item>

<item>
<title>Detroit Pistons vs Atlanta Hawks – Dec 23, 2018</title>
<link>https://ok.ru/video/1376539183793</link>
<thumbnail>http://magnetic.website/Mad%20Titan/icon.png</thumbnail>
<summary></summary>
<fanart></fanart>
</item>

<item>
<title>Orlando Magic vs Miami Heat – Dec 23, 2018</title>
<link>https://ok.ru/video/1376259148465</link>
<thumbnail>http://magnetic.website/Mad%20Titan/icon.png</thumbnail>
<summary></summary>
<fanart></fanart>
</item>

<item>
<title>Oklahoma City Thunder vs Minnesota Timberwolves – Dec 23, 2018</title>
<link>https://ok.ru/video/1376082660017(Part 1)</link>
<link>https://ok.ru/video/1376082725553( PART 2)</link>
<thumbnail>http://magnetic.website/Mad%20Titan/icon.png</thumbnail>
<summary></summary>
<fanart></fanart>
</item>

<item>
<title>Sacramento Kings vs New Orleans Pelicans – Dec 23, 2018</title>
<link>https://ok.ru/video/1375890311857</link>
<thumbnail>http://magnetic.website/Mad%20Titan/icon.png</thumbnail>
<summary></summary>
<fanart></fanart>
</item>

<item>
<title>Cleveland Cavaliers vs Chicago Bulls – Dec 23, 2018</title>
<link>https://ok.ru/video/1375762647729</link>
<thumbnail>http://magnetic.website/Mad%20Titan/icon.png</thumbnail>
<summary></summary>
<fanart></fanart>
</item>

<item>
<title>Portland Trail Blazers vs Dallas Mavericks – Dec 23, 2018</title>
<link>https://ok.ru/video/1375640750769</link>
<thumbnail>http://magnetic.website/Mad%20Titan/icon.png</thumbnail>
<summary></summary>
<fanart></fanart>
</item>

<item>
<title>Golden State Warriors vs Los Angeles Clippers – Dec 23, 2018</title>
<link>https://ok.ru/video/1375332207281</link>
<thumbnail>http://magnetic.website/Mad%20Titan/icon.png</thumbnail>
<summary></summary>
<fanart></fanart>
</item>

<item>
<title>Indiana Pacers vs Washington Wizards – Dec 23, 2018</title>
<link>https://ok.ru/video/1375095687857</link>
<thumbnail>http://magnetic.website/Mad%20Titan/icon.png</thumbnail>
<summary></summary>
<fanart></fanart>
</item>

<item>
<title>Boston Celtics vs Charlotte Hornets – Dec 23, 2018</title>
<link>https://ok.ru/video/1374253419185</link>
<thumbnail>http://magnetic.website/Mad%20Titan/icon.png</thumbnail>
<summary></summary>
<fanart></fanart>
</item>

<item>
<title>Los Angeles Lakers vs Memphis Grizzlies – Dec 23, 2018</title>
<link>https://ok.ru/video/1373583116977</link>
<thumbnail>http://magnetic.website/Mad%20Titan/icon.png</thumbnail>
<summary></summary>
<fanart></fanart>
</item>



<item>
<title>Washington Wizards vs Phoenix Suns – Dec 22, 2018</title>
<link>https://ok.ru/video/1359841528497</link>
<thumbnail>http://magnetic.website/Mad%20Titan/icon.png</thumbnail>
<summary>BEAL RECORDS HIS FIRST TRIPLE-DOUBLE IN A TRIPLE OVERTIME</summary>
<fanart></fanart>
</item>

<item>
<title>Los Angeles Clippers vs Denver Nuggets – Dec 22, 2018</title>
<link>https://ok.ru/video/1359826062001(PART 1)</link>
<link>https://ok.ru/video/1359826127537(PART 2)</link>
<thumbnail>http://magnetic.website/Mad%20Titan/icon.png</thumbnail>
<summary>THIS GAME IS BROKEN DOWN IN 2 LINKS. ENJOY!!!!</summary>
<fanart></fanart>
</item>

<item>
<title>Miami Heat vs Milwaukee Bucks – Dec 22, 2018</title>
<link>https://ok.ru/video/1359823768241(PART 1)</link>
<link>https://ok.ru/video/1359823702705(PART 2)</link>
<thumbnail>http://magnetic.website/Mad%20Titan/icon.png</thumbnail>
<summary></summary>
<fanart></fanart>
</item>

<item>
<title>Philadelphia 76ers vs Toronto Raptors – Dec 22, 2018</title>
<link>https://ok.ru/video/1359813806769</link>
<thumbnail>http://magnetic.website/Mad%20Titan/icon.png</thumbnail>
<summary>EMBID AND THE 76ERS GET PASSED THE RAPTORS</summary>
<fanart></fanart>
</item>

<item>
<title>Golden State Warriors vs Dallas Mavericks – Dec 22, 2018</title>
<link>https://ok.ru/video/1359803255473</link>
<thumbnail>http://magnetic.website/Mad%20Titan/icon.png</thumbnail>
<summary></summary>
<fanart></fanart>
</item>

<item>
<title>Houston Rockets vs San Antonio Spurs – Dec 22, 2018</title>
<link>https://ok.ru/video/1359789951665</link>
<thumbnail>http://magnetic.website/Mad%20Titan/icon.png</thumbnail>
<summary></summary>
<fanart></fanart>
</item>

<item>
<title>Utah Jazz vs Oklahoma City Thunder – Dec 22, 2018</title>
<link>https://ok.ru/video/1359763606193</link>
<thumbnail>http://magnetic.website/Mad%20Titan/icon.png</thumbnail>
<summary></summary>
<fanart></fanart>
</item>

<item>
<title>Portland Trail Blazers vs Utah Jazz – Dec 21, 2018</title>
<link>https://ok.ru/video/1357888555697</link>
<thumbnail>http://magnetic.website/Mad%20Titan/icon.png</thumbnail>
<summary></summary>
<fanart></fanart>
</item>

<item>
<title>Detroit Pistons vs Charlotte Hornets – Dec 21, 2018</title>
<link>https://ok.ru/video/1357850675889</link>
<thumbnail>http://magnetic.website/Mad%20Titan/icon.png</thumbnail>
<summary></summary>
<fanart></fanart>
</item>



<item>
<title>Indiana Pacers vs Cleveland Cavaliers – Dec 18, 2018</title>
<link>https://ok.ru/video/1355086432945</link>
<thumbnail>http://magnetic.website/Mad%20Titan/icon.png</thumbnail>
<summary></summary>
<fanart></fanart>
</item>

<item>
<title>Atlanta Hawks vs Washington Wizards – Dec 18, 2018</title>
<link>https://ok.ru/video/1355072801457</link>
<thumbnail>http://magnetic.website/Mad%20Titan/icon.png</thumbnail>
<summary></summary>
<fanart></fanart>
</item>

<item>
<title>Brooklyn Nets vs Los Angeles Lakers – Dec 18, 2018</title>
<link>https://ok.ru/video/1355040950961</link>
<thumbnail>http://magnetic.website/Mad%20Titan/icon.png</thumbnail>
<summary></summary>
<fanart></fanart>
</item>

<item>
<title>Denver Nuggets vs Dallas Mavericks – Dec 18, 2018</title>
<link>https://ok.ru/video/1355031186097</link>
<thumbnail>http://magnetic.website/Mad%20Titan/icon.png</thumbnail>
<summary></summary>
<fanart></fanart>
</item>

<item>
<title>Oklahoma City Thunder vs Chicago Bulls – Dec 17, 2018</title>
<link>https://ok.ru/video/1353111964337</link>
<thumbnail>http://magnetic.website/Mad%20Titan/icon.png</thumbnail>
<summary></summary>
<fanart></fanart>
</item>

<item>
<title>New York Knicks vs Phoenix Suns – Dec 17, 2018</title>
<link>https://ok.ru/video/1353101609649</link>
<thumbnail>http://magnetic.website/Mad%20Titan/icon.png</thumbnail>
<summary></summary>
<fanart></fanart>
</item>

<item>
<title>Los Angeles Clippers vs Portland Trail Blazers – Dec 17, 2018</title>
<link>https://ok.ru/video/1353101544113</link>
<thumbnail>http://magnetic.website/Mad%20Titan/icon.png</thumbnail>
<summary></summary>
<fanart></fanart>
</item>

<item>
<title>Minnesota Timberwolves vs Sacramento Kings – Dec 17, 2018</title>
<link>https://ok.ru/video/1353012873905(part1)</link>
<link>https://ok.ru/video/1353012939441(part2)</link>
<thumbnail>http://magnetic.website/Mad%20Titan/icon.png</thumbnail>
<summary></summary>
<fanart></fanart>
</item>

<item>
<title>San Antonio Spurs vs Philadelphia 76ers – Dec 17, 2018</title>
<link>https://ok.ru/video/1353006713521</link>
<thumbnail>http://magnetic.website/Mad%20Titan/icon.png</thumbnail>
<summary></summary>
<fanart></fanart>
</item>

<item>
<title>Houston Rockets vs Utah Jazz – Dec 17, 2018</title>
<link>https://ok.ru/video/1353005664945</link>
<thumbnail>http://magnetic.website/Mad%20Titan/icon.png</thumbnail>
<summary></summary>
<fanart></fanart>
</item>

<item>
<title>Golden State Warriors vs Memphis Grizzlies – Dec 17, 2018</title>
<link>https://ok.ru/video/1353005599409</link>
<thumbnail>http://magnetic.website/Mad%20Titan/icon.png</thumbnail>
<summary></summary>
<fanart></fanart>
</item>




<item>
<title>San Antonio Spurs vs Utah Jazz – Dec 09, 2018</title>
<link>https://ok.ru/video/1344887655089</link>
<thumbnail>http://magnetic.website/Mad%20Titan/icon.png</thumbnail>
<summary></summary>
<fanart></fanart>
</item>

<item>
<title>Toronto Raptors vs Milwaukee Bucks – Dec 09, 2018</title>
<link>https://ok.ru/video/1344887720625</link>
<thumbnail>http://magnetic.website/Mad%20Titan/icon.png</thumbnail>
<summary>Gianis vs Leonard</summary>
<fanart></fanart>
</item>

<item>
<title>New York Knicks vs Charlotte Hornets – Dec 09, 2018</title>
<link>https://ok.ru/video/1344903973553</link>
<thumbnail>http://magnetic.website/Mad%20Titan/icon.png</thumbnail>
<summary>Kemba returns home to NY and puts up a show</summary>
<fanart></fanart>
</item>

<item>
<title>Detroit Pistons vs New Orleans Pelicans – Dec 09, 2018</title>
<link>https://ok.ru/video/1345019579057</link>
<thumbnail>http://magnetic.website/Mad%20Titan/icon.png</thumbnail>
<summary></summary>
<fanart></fanart>
</item>




<item>
<title>Memphis Grizzlies vs Los Angeles Lakers – Dec 08, 2018</title>
<link>https://ok.ru/video/1342133373617</link>
<thumbnail>http://magnetic.website/Mad%20Titan/icon.png</thumbnail>
<summary></summary>
<fanart></fanart>
</item>

<item>
<title>Chicago Bulls vs Boston Celtics – Dec 08, 2018</title>
<link>https://ok.ru/video/1342201727665</link>
<thumbnail>http://magnetic.website/Mad%20Titan/icon.png</thumbnail>
<summary></summary>
<fanart></fanart>
</item>

<item>
<title>Los Angeles Clippers vs Miami Heat – Dec 08, 2018</title>
<link>https://ok.ru/video/1342238558897</link>
<thumbnail>http://magnetic.website/Mad%20Titan/icon.png</thumbnail>
<summary></summary>
<fanart></fanart>
</item>

<item>
<title>Cleveland Cavaliers vs Washington Wizards – Dec 08, 2018</title>
<link>https://ok.ru/video/1342344596145</link>
<thumbnail>http://magnetic.website/Mad%20Titan/icon.png</thumbnail>
<summary></summary>
<fanart></fanart>
</item>

<item>
<title>Dallas Mavericks vs Houston Rockets – Dec 08, 2018</title>
<link>https://ok.ru/video/1342395976369</link>
<thumbnail>http://magnetic.website/Mad%20Titan/icon.png</thumbnail>
<summary></summary>
<fanart></fanart>
</item>

<item>
<title>Indiana Pacers vs Sacramento Kings – Dec 08, 2018</title>
<link>https://ok.ru/video/1342419110577</link>
<thumbnail>http://magnetic.website/Mad%20Titan/icon.png</thumbnail>
<summary></summary>
<fanart></fanart>
</item>

<item>
<title>Denver Nuggets vs Atlanta Hawks – Dec 08, 2018</title>
<link>https://ok.ru/video/1342453123761</link>
<thumbnail>http://magnetic.website/Mad%20Titan/icon.png</thumbnail>
<summary></summary>
<fanart></fanart>
</item>

<item>
<title>Minnesota Timberwolves vs Portland Trail Blazers – Dec 08, 2018</title>
<link>https://ok.ru/video/1342513482417</link>
<thumbnail>http://magnetic.website/Mad%20Titan/icon.png</thumbnail>
<summary></summary>
<fanart></fanart>
</item>



<item>
<title>New Orleans Pelicans vs Memphis Grizzlies – Dec 07, 2018</title>
<link>https://ok.ru/video/1341223930545</link>
<thumbnail>http://magnetic.website/Mad%20Titan/icon.png</thumbnail>
<summary></summary>
<fanart></fanart>
</item>

<item>
<title>Milwaukee Bucks vs Golden State Warriors – Dec 07, 2018</title>
<link>https://ok.ru/video/1341230484145</link>
<thumbnail>http://magnetic.website/Mad%20Titan/icon.png</thumbnail>
<summary></summary>
<fanart></fanart>
</item>

<item>
<title>Phoenix Suns vs Miami Heat – Dec 07, 2018</title>
<link>https://ok.ru/video/1341262596785</link>
<thumbnail>http://magnetic.website/Mad%20Titan/icon.png</thumbnail>
<summary></summary>
<fanart></fanart>
</item>

<item>
<title>Chicago Bulls vs Oklahoma City Thunder – Dec 07, 2018</title>
<link>https://ok.ru/video/1341267315377</link>
<thumbnail>http://magnetic.website/Mad%20Titan/icon.png</thumbnail>
<summary></summary>
<fanart></fanart>
</item>

<item>
<title>Charlotte Hornets vs Denver Nuggets – Dec 07, 2018</title>
<link>https://ok.ru/video/1341271116465</link>
<thumbnail>http://magnetic.website/Mad%20Titan/icon.png</thumbnail>
<summary></summary>
<fanart></fanart>
</item>




<item>
<title>Los Angeles Lakers vs San Antonio Spurs – Dec 07, 2018</title>
<link>https://ok.ru/video/1341271575217</link>
<thumbnail>http://magnetic.website/Mad%20Titan/icon.png</thumbnail>
<summary></summary>
<fanart></fanart>
</item>

<item>
<title>Brooklyn Nets vs Toronto Raptors – Dec 07, 2018</title>
<link>https://ok.ru/video/1341287107249</link>
<thumbnail>http://magnetic.website/Mad%20Titan/icon.png</thumbnail>
<summary></summary>
<fanart></fanart>
</item>

<item>
<title>Orlando Magic vs Indiana Pacers – Dec 07, 2018</title>
<link>https://ok.ru/video/1341289269937</link>
<thumbnail>http://magnetic.website/Mad%20Titan/icon.png</thumbnail>
<summary></summary>
<fanart></fanart>
</item>

<item>
<title>Detroit Pistons vs Philadelphia 76ers – Dec 07, 2018</title>
<link>https://ok.ru/video/1341300345521</link>
<thumbnail>http://magnetic.website/Mad%20Titan/icon.png</thumbnail>
<summary></summary>
<fanart></fanart>
</item>


<item>
<title>Cleveland Cavaliers vs Sacramento Kings – Dec 07, 2018</title>
<link>https://ok.ru/video/1341301525169</link>
<thumbnail>http://magnetic.website/Mad%20Titan/icon.png</thumbnail>
<summary></summary>
<fanart></fanart>
</item>





<item>
<title>Boston Celtics vs New York Knicks – Dec 06, 2018</title>
<link>https://ok.ru/video/1340291091121</link>
<thumbnail>http://magnetic.website/Mad%20Titan/icon.png</thumbnail>
<summary></summary>
<fanart></fanart>
</item>

<item>
<title>Utah Jazz vs Houston Rockets – Dec 06, 2018</title>
<link>https://ok.ru/video/1340298169009</link>
<thumbnail>http://magnetic.website/Mad%20Titan/icon.png</thumbnail>
<summary></summary>
<fanart></fanart>
</item>

<item>
<title>Portland Trail Blazers vs Phoenix Suns – Dec 06, 2018</title>
<link>https://ok.ru/video/1340316322481</link>
<thumbnail>http://magnetic.website/Mad%20Titan/icon.png</thumbnail>
<summary></summary>
<fanart></fanart>
</item>




<item>
<title>Orlando Magic vs Denver Nuggets – Dec 05, 2018</title>
<link>https://ok.ru/video/1339456883377</link>
<thumbnail>http://magnetic.website/Mad%20Titan/icon.png</thumbnail>
<summary></summary>
<fanart></fanart>
</item>

<item>
<title>New Orleans Pelicans vs Dallas Mavericks – Dec 05, 2018</title>
<link>https://ok.ru/video/1339453934257</link>
<thumbnail>http://magnetic.website/Mad%20Titan/icon.png</thumbnail>
<summary></summary>
<fanart></fanart>
</item>

<item>
<title>Los Angeles Lakers vs San Antonio Spurs – Dec 05, 2018</title>
<link>https://ok.ru/video/1339452820145</link>
<thumbnail>http://magnetic.website/Mad%20Titan/icon.png</thumbnail>
<summary></summary>
<fanart></fanart>
</item>

<item>
<title>Atlanta Hawks vs Washington Wizards – Dec 05, 2018</title>
<link>https://ok.ru/video/1339452361393</link>
<thumbnail>http://magnetic.website/Mad%20Titan/icon.png</thumbnail>
<summary></summary>
<fanart></fanart>
</item>

<item>
<title>Brooklyn Nets vs Oklahoma City Thunder – Dec 05, 2018</title>
<link>https://ok.ru/video/1339441482417</link>
<thumbnail>http://magnetic.website/Mad%20Titan/icon.png</thumbnail>
<summary></summary>
<fanart></fanart>
</item>

<item>
<title>Minnesota Timberwolves vs Charlotte Hornets – Dec 05, 2018</title>
<link>https://ok.ru/video/1339433290417</link>
<thumbnail>http://magnetic.website/Mad%20Titan/icon.png</thumbnail>
<summary></summary>
<fanart></fanart>
</item>

<item>
<title>Toronto Raptors vs Philadelphia 76ers – Dec 05, 2018</title>
<link>https://ok.ru/video/1339431520945(link 1)</link>
<link>https://ok.ru/video/1339431586481(link 2)</link>
<thumbnail>http://magnetic.website/Mad%20Titan/icon.png</thumbnail>
<summary>this game is broken down in 2 links ( link 2 has the ending of the game )</summary>
<fanart></fanart>
</item>

<item>
<title>Milwaukee Bucks vs Detroit Pistons – Dec 05, 2018</title>
<link>https://ok.ru/video/1339427457713</link>
<thumbnail>http://magnetic.website/Mad%20Titan/icon.png</thumbnail>
<summary></summary>
<fanart></fanart>
</item>

<item>
<title>Cleveland Cavaliers vs Golden State Warriors – Dec 05, 2018</title>
<link>https://ok.ru/video/1339422214833(link 1)</link>
<link>https://ok.ru/video/1339422149297(link 2)</link>
<thumbnail>http://magnetic.website/Mad%20Titan/icon.png</thumbnail>
<summary>this replay is broken down in 2 links ( link 2 has the last 15 min of the game)</summary>
<fanart></fanart>
</item>

<item>
<title>Memphis Grizzlies vs Los Angeles Clippers – Dec 05, 2018</title>
<link>https://ok.ru/video/1339422083761</link>
<thumbnail>http://magnetic.website/Mad%20Titan/icon.png</thumbnail>
<summary></summary>
<fanart></fanart>
</item>

<item>
<title>Phoenix Suns vs Sacramento Kings – Dec 04, 2018</title>
<link>https://ok.ru/video/1338568739505</link>
<thumbnail>http://magnetic.website/Mad%20Titan/icon.png</thumbnail>
<summary></summary>
<fanart></fanart>
</item>

<item>
<title>Miami Heat vs Orlando Magic – Dec 04, 2018</title>
<link>https://ok.ru/video/1338551765681</link>
<thumbnail>http://magnetic.website/Mad%20Titan/icon.png</thumbnail>
<summary></summary>
<fanart></fanart>
</item>

<item>
<title>Dallas Mavericks vs Portland Trail Blazers – Dec 04, 2018</title>
<link>https://ok.ru/video/1338551700145</link>
<thumbnail>http://magnetic.website/Mad%20Titan/icon.png</thumbnail>
<summary></summary>
<fanart></fanart>
</item>

<item>
<title>Indiana Pacers vs Chicago Bulls – Dec 04, 2018</title>
<link>https://ok.ru/video/1338540559025</link>
<thumbnail>http://magnetic.website/Mad%20Titan/icon.png</thumbnail>
<summary></summary>
<fanart></fanart>
</item>

<item>
<title>Utah Jazz vs San Antonio Spurs – Dec 04, 2018</title>
<link>https://ok.ru/video/1338532694705</link>
<thumbnail>http://magnetic.website/Mad%20Titan/icon.png</thumbnail>
<summary></summary>
<fanart></fanart>
</item>




<item>
<title>Denver Nuggets vs Toronto Raptors – Dec 03, 2018</title>
<link>https://ok.ru/video/1336995613361</link>
<thumbnail>http://magnetic.website/Mad%20Titan/icon.png</thumbnail>
<summary></summary>
<fanart></fanart>
</item>

<item>
<title>Houston Rockets vs Minnesota Timberwolves – Dec 03, 2018</title>
<link>https://ok.ru/video/1337073207985</link>
<thumbnail>http://magnetic.website/Mad%20Titan/icon.png</thumbnail>
<summary></summary>
<fanart></fanart>
</item>

<item>
<title>Washington Wizards vs New York Knicks – Dec 03, 2018</title>
<link>https://ok.ru/video/1337123539633</link>
<thumbnail>http://magnetic.website/Mad%20Titan/icon.png</thumbnail>
<summary></summary>
<fanart></fanart>
</item>

<item>
<title>Oklahoma City Thunder vs Detroit Pistons – Dec 03, 2018</title>
<link>https://ok.ru/video/1337184225969</link>
<thumbnail>http://magnetic.website/Mad%20Titan/icon.png</thumbnail>
<summary></summary>
<fanart></fanart>
</item>

<item>
<title>Golden State Warriors vs Atlanta Hawks – Dec 03, 2018</title>
<link>https://ok.ru/video/1337205131953</link>
<thumbnail>http://magnetic.website/Mad%20Titan/icon.png</thumbnail>
<summary></summary>
<fanart></fanart>
</item>

<item>
<title>Los Angeles Clippers vs New Orleans Pelicans – Dec 03, 2018</title>
<link>https://ok.ru/video/1337219615409</link>
<thumbnail>http://magnetic.website/Mad%20Titan/icon.png</thumbnail>
<summary></summary>
<fanart></fanart>
</item>




<item>
<title>Phoenix Suns vs Los Angeles Lakers – Dec 02, 2018</title>
<link>https://ok.ru/video/1335340042929</link>
<thumbnail>http://magnetic.website/Mad%20Titan/icon.png</thumbnail>
<summary></summary>
<fanart></fanart>
</item>

<item>
<title>Philadelphia 76ers vs Memphis Grizzlies – Dec 02, 2018</title>
<link>https://ok.ru/video/1335644195505</link>
<thumbnail>http://magnetic.website/Mad%20Titan/icon.png</thumbnail>
<summary></summary>
<fanart></fanart>
</item>

<item>
<title>Charlotte Hornets vs New Orleans Pelicans – Dec 02, 2018</title>
<link>https://ok.ru/video/1335684238001</link>
<thumbnail>http://magnetic.website/Mad%20Titan/icon.png</thumbnail>
<summary></summary>
<fanart></fanart>
</item>

<item>
<title>Los Angeles Clippers vs Dallas Mavericks – Dec 02, 2018</title>
<link>https://ok.ru/video/1335685810865</link>
<thumbnail>http://magnetic.website/Mad%20Titan/icon.png</thumbnail>
<summary></summary>
<fanart></fanart>
</item>

<item>
<title>Portland Trail Blazers vs San Antonio Spurs – Dec 02, 2018</title>
<link>https://ok.ru/video/1335689611953</link>
<thumbnail>http://magnetic.website/Mad%20Titan/icon.png</thumbnail>
<summary></summary>
<fanart></fanart>
</item>

<item>
<title>Utah Jazz vs Miami Heat – Dec 02, 2018</title>
<link>https://ok.ru/video/1335689677489</link>
<thumbnail>http://magnetic.website/Mad%20Titan/icon.png</thumbnail>
<summary></summary>
<fanart></fanart>
</item>





<item>
<title>Houston Rockets vs Chicago Bulls – Dec 01, 2018</title>
<link>https://ok.ru/video/1334848064177</link>
<thumbnail>http://magnetic.website/Mad%20Titan/icon.png</thumbnail>
<summary></summary>
<fanart></fanart>
</item>

<item>
<title>Toronto Raptors vs Cleveland Cavaliers – Dec 01, 2018</title>
<link>https://ok.ru/video/1334913534641</link>
<thumbnail>http://magnetic.website/Mad%20Titan/icon.png</thumbnail>
<summary></summary>
<fanart></fanart>
</item>

<item>
<title>Boston Celtics vs Minnesota Timberwolves – Dec 01, 2018</title>
<link>https://ok.ru/video/1334905735857</link>
<thumbnail>http://magnetic.website/Mad%20Titan/icon.png</thumbnail>
<summary></summary>
<fanart></fanart>
</item>

<item>
<title>Golden State Warriors vs Detroit Pistons – Dec 01, 2018</title>
<link>https://ok.ru/video/1334881290929</link>
<thumbnail>http://magnetic.website/Mad%20Titan/icon.png</thumbnail>
<summary></summary>
<fanart></fanart>
</item>

<item>
<title>Indiana Pacers vs Sacramento Kings – Dec 01, 2018</title>
<link>https://ok.ru/video/1334916418225</link>
<thumbnail>http://magnetic.website/Mad%20Titan/icon.png</thumbnail>
<summary></summary>
<fanart></fanart>
</item>

<item>
<title>Brooklyn Nets vs Washington Wizards – Dec 01, 2018</title>
<link>https://ok.ru/video/1334915304113</link>
<thumbnail>http://magnetic.website/Mad%20Titan/icon.png</thumbnail>
<summary></summary>
<fanart></fanart>
</item>

<item>
<title>Milwaukee Bucks vs New York Knicks – Dec 01, 2018</title>
<link>https://ok.ru/video/1334955150001</link>
<thumbnail>http://magnetic.website/Mad%20Titan/icon.png</thumbnail>
<summary></summary>
<fanart></fanart>
</item>




<item>
<title>Philadelphia 76ers vs Washington Wizards – Nov 30, 2018</title>
<link>https://ok.ru/video/1333427243697</link>
<thumbnail>http://magnetic.website/Mad%20Titan/icon.png</thumbnail>
<summary></summary>
<fanart></fanart>
</item>

<item>
<title>Boston Celtics vs Cleveland Cavaliers – Nov 30, 2018</title>
<link>https://ok.ru/video/1333427178161</link>
<thumbnail>http://magnetic.website/Mad%20Titan/icon.png</thumbnail>
<summary></summary>
<fanart></fanart>
</item>

<item>
<title>San Antonio Spurs vs Houston Rockets – Nov 30, 2018</title>
<link>https://ok.ru/video/1333413350065</link>
<thumbnail>http://magnetic.website/Mad%20Titan/icon.png</thumbnail>
<summary></summary>
<fanart></fanart>
</item>

<item>
<title>Charlotte Hornets vs Utah Jazz – Nov 30, 2018</title>
<link>https://ok.ru/video/1333398080177</link>
<thumbnail>http://magnetic.website/Mad%20Titan/icon.png</thumbnail>
<summary></summary>
<fanart></fanart>
</item>

<item>
<title>Chicago Bulls vs Detroit Pistons – Nov 30, 2018</title>
<link>https://ok.ru/video/1333395393201</link>
<thumbnail>http://magnetic.website/Mad%20Titan/icon.png</thumbnail>
<summary></summary>
<fanart></fanart>
</item>

<item>
<title>New Orleans Pelicans vs Miami Heat – Nov 30, 2018</title>
<link>https://ok.ru/video/1333370423985</link>
<thumbnail>http://magnetic.website/Mad%20Titan/icon.png</thumbnail>
<summary></summary>
<fanart></fanart>
</item>

<item>
<title>Portland Trail Blazers vs Denver Nuggets – Nov 30, 2018</title>
<link>https://ok.ru/video/1333362887345</link>
<thumbnail>http://magnetic.website/Mad%20Titan/icon.png</thumbnail>
<summary></summary>
<fanart></fanart>
</item>

<item>
<title>Los Angeles Lakers vs Dallas Mavericks – Nov 30, 2018</title>
<link>https://ok.ru/video/1333359676081</link>
<thumbnail>http://magnetic.website/Mad%20Titan/icon.png</thumbnail>
<summary></summary>
<fanart></fanart>
</item>

<item>
<title>Memphis Grizzlies vs Brooklyn Nets – Nov 30, 2018</title>
<link>https://ok.ru/video/1333486684849</link>
<thumbnail>http://magnetic.website/Mad%20Titan/icon.png</thumbnail>
<summary></summary>
<fanart></fanart>
</item>





<item>
<title>Sacramento Kings vs Los Angeles Clippers – Nov 29, 2018</title>
<link>https://ok.ru/video/1331716819633</link>
<thumbnail>http://magnetic.website/Mad%20Titan/icon.png</thumbnail>
<summary></summary>
<fanart></fanart>
</item>

<item>
<title>Los Angeles Lakers vs Indiana Pacers – Nov 29, 2018</title>
<link>https://ok.ru/video/1331722521265</link>
<thumbnail>http://magnetic.website/Mad%20Titan/icon.png</thumbnail>
<summary>James and the Lakers get passed the Pacers</summary>
<fanart></fanart>
</item>

<item>
<title>Toronto Raptors vs Golden State Warriors – Nov 29, 2018</title>
<link>https://ok.ru/video/1331717147313</link>
<thumbnail>http://magnetic.website/Mad%20Titan/icon.png</thumbnail>
<summary>KD drops 51 points in a close game vs the Raptors</summary>
<fanart></fanart>
</item>



<item>
<title>Los Angeles Clippers vs Phoenix Suns – Nov 28, 2018</title>
<link>https://ok.ru/video/1330286430897</link>
<thumbnail>http://magnetic.website/Mad%20Titan/icon.png</thumbnail>
<summary></summary>
<fanart></fanart>
</item>


<item>
<title>Charlotte Hornets vs Atlanta Hawks – Nov 28, 2018</title>
<link>https://ok.ru/video/1330303404721</link>
<thumbnail>http://magnetic.website/Mad%20Titan/icon.png</thumbnail>
<summary>Lamb and Zeller help Hornets to a win</summary>
<fanart></fanart>
</item>

<item>
<title>Dallas Mavericks vs Houston Rockets – Nov 28, 2018</title>
<link>https://ok.ru/video/1330309761713</link>
<thumbnail>http://magnetic.website/Mad%20Titan/icon.png</thumbnail>
<summary>Rockets take a tough lost at home</summary>
<fanart></fanart>
</item>

<item>
<title>Chicago Bulls vs Milwaukee Bucks – Nov 28, 2018</title>
<link>https://ok.ru/video/1330494638769</link>
<thumbnail>http://magnetic.website/Mad%20Titan/icon.png</thumbnail>
<summary>Bulls fall short to the Bucks</summary>
<fanart></fanart>
</item>

<item>
<title>Orlando Magic vs Portland Trail Blazers – Nov 28, 2018</title>
<link>https://ok.ru/video/1330497522353</link>
<thumbnail>http://magnetic.website/Mad%20Titan/icon.png</thumbnail>
<summary></summary>
<fanart></fanart>
</item>

<item>
<title>Cleveland Cavaliers vs Oklahoma City Thunder – Nov 28, 2018</title>
<link>https://ok.ru/video/1330501257905</link>
<thumbnail>http://magnetic.website/Mad%20Titan/icon.png</thumbnail>
<summary></summary>
<fanart></fanart>
</item>

<item>
<title>San Antonio Spurs vs Minnesota Timberwolves – Nov 28, 2018</title>
<link>https://ok.ru/video/1330510367409</link>
<thumbnail>http://magnetic.website/Mad%20Titan/icon.png</thumbnail>
<summary></summary>
<fanart></fanart>
</item>

<item>
<title>New York Knicks vs Philadelphia 76ers – Nov 28, 2018</title>
<link>https://ok.ru/video/1330519411377</link>
<thumbnail>http://magnetic.website/Mad%20Titan/icon.png</thumbnail>
<summary></summary>
<fanart></fanart>
</item>

<item>
<title>Washington Wizards vs New Orleans Pelicans – Nov 28, 2018</title>
<link>https://ok.ru/video/1330566728369</link>
<thumbnail>http://magnetic.website/Mad%20Titan/icon.png</thumbnail>
<summary></summary>
<fanart></fanart>
</item>






<item>
<title>Toronto Raptors vs Memphis Grizzlies – Nov 27, 2018</title>
<link>https://ok.ru/video/1327371979441</link>
<thumbnail>http://magnetic.website/Mad%20Titan/icon.png</thumbnail>
<summary></summary>
<fanart></fanart>
</item>

<item>
<title>New York Knicks vs Detroit Pistons – Nov 27, 2018</title>
<link>https://ok.ru/video/1327349566129</link>
<thumbnail>http://magnetic.website/Mad%20Titan/icon.png</thumbnail>
<summary></summary>
<fanart></fanart>
</item>

<item>
<title>Los Angeles Lakers vs Denver Nuggets – Nov 27, 2018</title>
<link>https://ok.ru/video/1327291697841</link>
<thumbnail>http://magnetic.website/Mad%20Titan/icon.png</thumbnail>
<summary></summary>
<fanart></fanart>
</item>



<item>
<title>Miami Heat vs Atlanta Hawks – Nov 27, 2018</title>
<link>https://ok.ru/video/1327288158897</link>
<thumbnail>http://magnetic.website/Mad%20Titan/icon.png</thumbnail>
<summary>Hawks Steal one in Miami</summary>
<fanart></fanart>
</item>

<item>
<title>Cleveland Cavaliers vs Minnesota Timberwolves – Nov 26, 2018</title>
<link>https://ok.ru/video/1326541048497</link>
<thumbnail>http://magnetic.website/Mad%20Titan/icon.png</thumbnail>
<summary></summary>
<fanart></fanart>
</item>

<item>
<title>Washington Wizards vs Houston Rockets – Nov 26, 2018</title>
<link>https://ok.ru/video/1326525188785</link>
<thumbnail>http://magnetic.website/Mad%20Titan/icon.png</thumbnail>
<summary></summary>
<fanart></fanart>
</item>

<item>
<title>Golden State Warriors vs Orlando Magic – Nov 26, 2018</title>
<link>https://ok.ru/video/1326516603569</link>
<thumbnail>http://magnetic.website/Mad%20Titan/icon.png</thumbnail>
<summary></summary>
<fanart></fanart>
</item>


<item>
<title>Utah Jazz vs Indiana Pacers – Nov 26, 2018</title>
<link>https://ok.ru/video/1326507494065</link>
<thumbnail>http://magnetic.website/Mad%20Titan/icon.png</thumbnail>
<summary></summary>
<fanart></fanart>
</item>

<item>
<title>Charlotte Hornets vs Milwaukee Bucks – Nov 26, 2018</title>
<link>https://ok.ru/video/1326506052273</link>
<thumbnail>http://magnetic.website/Mad%20Titan/icon.png</thumbnail>
<summary></summary>
<fanart></fanart>
</item>

<item>
<title>New Orleans Pelicans vs Boston Celtics – Nov 26, 2018</title>
<link>https://ok.ru/video/1326503889585</link>
<thumbnail>http://magnetic.website/Mad%20Titan/icon.png</thumbnail>
<summary></summary>
<fanart></fanart>
</item>



<item>
<title>Toronto Raptors vs Miami Heat – Nov 25, 2018</title>
<link>https://ok.ru/video/1324898716337</link>
<thumbnail>http://magnetic.website/Mad%20Titan/icon.png</thumbnail>
<summary></summary>
<fanart></fanart>
</item>

<item>
<title>Memphis Grizzlies vs New York Knicks – Nov 25, 2018</title>
<link>https://ok.ru/video/1324907825841</link>
<thumbnail>http://magnetic.website/Mad%20Titan/icon.png</thumbnail>
<summary></summary>
<fanart></fanart>
</item>

<item>
<title>Brooklyn Nets vs Philadelphia 76ers – Nov 25, 2018</title>
<link>https://ok.ru/video/1324913068721</link>
<thumbnail>http://magnetic.website/Mad%20Titan/icon.png</thumbnail>
<summary></summary>
<fanart></fanart>
</item>

<item>
<title>Portland Trail Blazers vs Los Angeles Clippers – Nov 25, 2018</title>
<link>https://ok.ru/video/1324913134257</link>
<thumbnail>http://magnetic.website/Mad%20Titan/icon.png</thumbnail>
<summary></summary>
<fanart></fanart>
</item>

<item>
<title>Los Angeles Lakers vs Orlando Magic – Nov 25, 2018</title>
<link>https://ok.ru/video/1324918311601</link>
<thumbnail></thumbnail>
<summary></summary>
<fanart></fanart>
</item>

<item>
<title>Atlanta Hawks vs Charlotte Hornets – Nov 25, 2018</title>
<link>https://ok.ru/video/1324922964657</link>
<thumbnail></thumbnail>
<summary></summary>
<fanart></fanart>
</item>

<item>
<title>Sacramento Kings vs Utah Jazz – Nov 25, 2018</title>
<link>https://ok.ru/video/1324931812017</link>
<thumbnail></thumbnail>
<summary></summary>
<fanart></fanart>
</item>



<item>
<title>Washington Wizards vs New Orleans Pelicans – Nov 24, 2018</title>
<link>https://ok.ru/video/1324072897201</link>
<thumbnail></thumbnail>
<summary></summary>
<fanart></fanart>
</item>

<item>
<title>Cleveland Cavaliers vs Houston Rockets – Nov 24, 2018</title>
<link>https://ok.ru/video/1324059658929</link>
<thumbnail></thumbnail>
<summary></summary>
<fanart></fanart>
</item>

<item>
<title>Oklahoma City Thunder vs Denver Nuggets – Nov 24, 2018</title>
<link>https://ok.ru/video/1324044585649</link>
<thumbnail></thumbnail>
<summary></summary>
<fanart></fanart>
</item>

<item>
<title>Milwaukee Bucks vs San Antonio Spurs – Nov 24, 2018</title>
<link>https://ok.ru/video/1324024531633</link>
<thumbnail></thumbnail>
<summary></summary>
<fanart></fanart>
</item>

<item>
<title>Sacramento Kings vs Golden State Warriors – Nov 24, 2018</title>
<link>https://ok.ru/video/1324052187825</link>
<thumbnail></thumbnail>
<summary></summary>
<fanart></fanart>
</item>

<item>
<title>Charlotte Hornets vs Indiana Pacers – Nov 21, 2018</title>
<link>https://ok.ru/video/1320692484785</link>
<thumbnail></thumbnail>
<summary></summary>
<fanart></fanart>
</item>

<item>
<title>Milwaukee Bucks vs Portland Trail Blazers – Nov 21, 2018</title>
<link>https://ok.ru/video/1320686914225</link>
<thumbnail></thumbnail>
<summary></summary>
<fanart></fanart>
</item>

<item>
<title>Boston Celtics vs New York Knicks – Nov 21, 2018</title>
<link>https://ok.ru/video/1320680360625</link>
<thumbnail></thumbnail>
<summary></summary>
<fanart></fanart>
</item>









<item>
   <title>Orlando Magic vs Toronto Raptors – Nov 20, 2018</title>
   <link>https://ok.ru/video/1318198774449</link>
   <thumbnail></thumbnail>
   <summary>Raptors steal one in Orlando</summary>
   <fanart></fanart>
</item>

<item>
   <title>New York Knicks vs Portland Trail Blazers – Nov 20, 2018</title>
   <link>https://ok.ru/video/1318158731953</link>
<thumbnail>http://magnetic.website/Mad%20Titan/icon.png</thumbnail>
   <summary></summary>
   <fanart></fanart>
</item>

<item>
   <title>Miami Heat vs Brooklyn Nets – Nov 20, 2018</title>
   <link>https://ok.ru/video/1318266014385</link>
<thumbnail>http://magnetic.website/Mad%20Titan/icon.png</thumbnail>
   <summary></summary>
   <fanart></fanart>
</item>

<item>
   <title>Washington Wizards vs Los Angeles Clippers – Nov 20, 2018</title>
   <link>https://ok.ru/video/1318310513329</link>
<thumbnail>http://magnetic.website/Mad%20Titan/icon.png</thumbnail>
   <summary></summary>
   <fanart></fanart>
</item>



<item>
   <title>New Orleans Pelicans vs San Antonio Spurs – Nov 19, 2018</title>
   <link>https://ok.ru/video/1316433562289</link>
<thumbnail>http://magnetic.website/Mad%20Titan/icon.png</thumbnail>
   <summary>Davis vs DeRozan</summary>
   <fanart></fanart>
</item>

<item>
   <title>Philadelphia 76ers vs Phoenix Suns – Nov 19, 2018</title>
   <link>https://ok.ru/video/1316433627825</link>
   <thumbnail></thumbnail>
   <summary></summary>
   <fanart></fanart>
</item>

<item>
   <title>Indiana Pacers vs Utah Jazz – Nov 19, 2018</title>
   <link>https://ok.ru/video/1316438936241</link>
   <thumbnail></thumbnail>
   <summary></summary>
   <fanart></fanart>
</item>

<item>
   <title>Sacramento Kings vs Oklahoma City Thunder – Nov 19, 2018</title>
   <link>https://ok.ru/video/1316440378033</link>
   <thumbnail></thumbnail>
   <summary>WESTBROKE Returns vs the Kings</summary>
   <fanart></fanart>
</item>

<item>
   <title>Milwaukee Bucks vs Denver Nuggets – Nov 19, 2018</title>
   <link>https://ok.ru/video/1316453550769</link>
<thumbnail>http://magnetic.website/Mad%20Titan/icon.png</thumbnail>
   <summary></summary>
   <fanart></fanart>
</item>

<item>
   <title>Atlanta Hawks vs Los Angeles Clippers – Nov 19, 2018</title>
   <link>https://ok.ru/video/1316565879473</link>
   <thumbnail></thumbnail>
   <summary></summary>
   <fanart></fanart>
</item>

<item>
   <title>Charlotte Hornets vs Boston Celtics – Nov 19, 2018</title>
   <link>https://ok.ru/video/1316582722225</link>
   <thumbnail></thumbnail>
   <summary></summary>
   <fanart></fanart>
</item>

<item>
   <title>Memphis Grizzlies vs Dallas Mavericks – Nov 19, 2018</title>
   <link>https://ok.ru/video/1316585474737</link>
   <thumbnail></thumbnail>
   <summary></summary>
   <fanart></fanart>
</item>

<item>
   <title>Detroit Pistons vs Cleveland Cavaliers – Nov 19, 2018</title>
   <link>https://ok.ru/video/1316592945841</link>
   <thumbnail></thumbnail>
   <summary></summary>
   <fanart></fanart>
</item>


<item>
   <title>Miami Heat vs Los Angeles Lakers – Nov 18, 2018</title>
   <link>https://ok.ru/video/1314309999281</link>
   <thumbnail></thumbnail>
   <summary>James scores 51 points vs the Heat</summary>
   <fanart></fanart>
</item>

<item>
   <title>San Antonio Spurs vs Golden State Warriors – Nov 18, 2018</title>
   <link>https://ok.ru/video/1314468530865</link>
   <thumbnail></thumbnail>
   <summary></summary>
   <fanart></fanart>
</item>

<item>
   <title>Orlando Magic vs New York Knicks – Nov 18, 2018</title>
   <link>https://ok.ru/video/1314521811633</link>
   <thumbnail></thumbnail>
   <summary></summary>
   <fanart></fanart>
</item>

<item>
   <title>Washington Wizards vs Portland Trail Blazers – Nov 18, 2018</title>
   <link>https://ok.ru/video/1314571225777</link>
   <thumbnail></thumbnail>
   <summary></summary>
   <fanart></fanart>
</item>

<item>
   <title>Minnesota Timberwolves vs Memphis Grizzlies – Nov 18, 2018</title>
   <link>https://ok.ru/video/1314429078193</link>
   <thumbnail></thumbnail>
   <summary></summary>
   <fanart></fanart>
</item>

<item>
   <title>Indiana Pacers vs Atlanta Hawks – Nov 17, 2018</title>
   <link>https://ok.ru/video/1312845335217</link>
   <thumbnail></thumbnail>
   <summary></summary>
   <fanart></fanart>
</item>

<item>
   <title>Brooklyn Nets vs Los Angeles Clippers – Nov 17, 2018</title>
   <link>https://ok.ru/video/1312842517169</link>
   <thumbnail></thumbnail>
   <summary></summary>
   <fanart></fanart>
</item>

<item>
   <title>Charlotte Hornets vs Philadelphia 76ers – Nov 17, 2018</title>
   <link>https://ok.ru/video/1312841796273</link>
   <thumbnail></thumbnail>
   <summary>Kemba Walker goes for 60 points,but its Jimmy Butler that gets the last laugh</summary>
   <fanart></fanart>
</item>

<item>
   <title>Houston Rockets vs Sacramento Kings – Nov 17, 2018</title>
   <link>https://ok.ru/video/1312810076849</link>
   <thumbnail></thumbnail>
   <summary></summary>
   <fanart></fanart>
</item>

<item>
   <title>Chicago Bulls vs Toronto Raptors – Nov 17, 2018</title>
   <link>https://ok.ru/video/1312806603441</link>
   <thumbnail></thumbnail>
   <summary></summary>
   <fanart></fanart>
</item>

<item>
   <title>Orlando Magic vs Los Angeles Lakers – Nov 17, 2018</title>
   <link>https://ok.ru/video/1312790940337</link>
   <thumbnail></thumbnail>
   <summary></summary>
   <fanart></fanart>
</item>


<item>
   <title>BLAZERS VS CLIPPERS 11/8/18</title>
   <link>https://ok.ru/video/1269824817841</link>
   <thumbnail></thumbnail>
   <summary>LILLARD LIFTS BLAZERS FOR A WIN AT HOME</summary>
   <fanart></fanart>
</item>

<item>
   <title>BUCKS VS WARRIORS 11/8/18</title>
   <link>https://ok.ru/video/1269808761521</link>
   <thumbnail></thumbnail>
   <summary>BUCKS SHOCK THE WARRIORS AT HOME</summary>
   <fanart></fanart>
</item>

<item>
   <title>CELTICS VS SUNS 11/8/18</title>
   <link>https://ok.ru/video/1269800045233</link>
   <thumbnail></thumbnail>
   <summary>CELTICS TAKE ONE ON THE ROAD</summary>
   <fanart></fanart>
</item>

<item>
   <title>ROCKETS VS THUNDER 11/8/18</title>
   <link>https://ok.ru/video/1269798079153</link>
   <thumbnail></thumbnail>
   <summary>THUNDER TOP THE ROCKETS</summary>
   <fanart></fanart>
</item>

<item>
   <title>NUGGETS VS GRIZZLIES 11/7/18</title>
   <link>https://ok.ru/video/1269039565489</link>
   <thumbnail></thumbnail>
   <summary>GRIZZLIES TAKE ONE AT HOME</summary>
   <fanart></fanart>
</item>

<item>
   <title>KNICKS VS HAWKS 11/7/18</title>
   <link>https://ok.ru/video/1269039499953</link>
   <thumbnail></thumbnail>
   <summary></summary>
   <fanart></fanart>
</item>

<item>
   <title>MAVERICKS VS JAZZ 11/7/18</title>
   <link>https://ok.ru/video/1269035698865</link>
   <thumbnail></thumbnail>
   <summary></summary>
   <fanart></fanart>
</item>

<item>
   <title>SPURS VS HEAT 11/7/18</title>
   <link>https://ok.ru/video/1269021936305</link>
   <thumbnail></thumbnail>
   <summary>WHITESIDE HELPS THE HEAT WITH 9 BLOCKS</summary>
   <fanart></fanart>
</item>

<item>
   <title>RAPTORS VS KINGS 11/7/18</title>
   <link>https://ok.ru/video/1269021870769</link>
   <thumbnail></thumbnail>
   <summary></summary>
   <fanart></fanart>
</item>

<item>
   <title>BULLS VS PELICANS 11/7/18</title>
   <link>https://ok.ru/video/1269052148401</link>
   <thumbnail></thumbnail>
   <summary></summary>
   <fanart></fanart>
</item>

<item>
   <title>TIMBERWOLVES VS LAKERS 11/7/18</title>
   <link>https://ok.ru/video/1269021805233</link>
   <thumbnail></thumbnail>
   <summary>LAKERS WIN ONE AT HOME ON A MISSED SHOT BY D.ROSE</summary>
   <fanart></fanart>
</item>

<item>
   <title>PISTONS VS MAGIC 11/7/18</title>
   <link>https://ok.ru/video/1269068270257</link>
   <thumbnail></thumbnail>
   <summary></summary>
   <fanart></fanart>
</item>

<item>
   <title>HAWKS VS HORNETS 11/6/18</title>
   <link>https://ok.ru/video/1268192447153</link>
   <thumbnail></thumbnail>
   <summary></summary>
   <fanart></fanart>
</item>

<item>
   <title>BUCKS VS BLAZERS  11/6/18</title>
   <link>https://ok.ru/video/1268113803953</link>
   <thumbnail></thumbnail>
   <summary></summary>
   <fanart></fanart>
</item>

<item>
   <title>MAVERICKS VS WIZARDS 11/6/18</title>
   <link>https://ok.ru/video/1268121275057</link>
   <thumbnail></thumbnail>
   <summary>LUCA VS WALL</summary>
   <fanart></fanart>
</item>

<item>
   <title>NETS VS SUNS  11/6/18</title>
   <link>https://ok.ru/video/1268173638321</link>
   <thumbnail></thumbnail>
   <summary></summary>
   <fanart></fanart>
</item>


<item>
   <title>NUGGETS VS BULLS 10/31/18</title>
   <link>https://ok.ru/video/1258060516017</link>
   <thumbnail></thumbnail>
   <summary>Close game that came down to the wire</summary>
   <fanart></fanart>
</item>

<item>
   <title>JAZZ VS TIMBERWOLVES 10/31/18</title>
   <link>https://ok.ru/video/1257922955953</link>
   <thumbnail></thumbnail>
   <summary>D.Rose goes for 50 points</summary>
   <fanart></fanart>
</item>

<item>
   <title>PELICANS VS WARRIORS 10/31/18</title>
   <link>https://ok.ru/video/1257862728369</link>
   <thumbnail></thumbnail>
   <summary>Davis returns to the lineup and falls short vs the best team in the league</summary>
   <fanart></fanart>
</item>

<item>
   <title>PISTONS VS NETS 10/31/18</title>
   <link>https://ok.ru/video/1257842084529</link>
   <thumbnail></thumbnail>
   <summary>A battle in NY as it came down to the wire</summary>
   <fanart></fanart>
</item>

<item>
   <title>SPURS VS SUNS 10/31/18</title>
   <link>https://ok.ru/video/1257833368241</link>
   <thumbnail></thumbnail>
   <summary>DeRozan takes control as the spurs cruise to an easy win </summary>
   <fanart></fanart>
</item>

<item>
   <title>MAVERICKS VS LAKERS 10/31/18</title>
   <link>https://ok.ru/video/1257821702833</link>
   <thumbnail></thumbnail>
   <summary>Luca meets his idlol Lebron in a great game in LA</summary>
   <fanart></fanart>
</item>

<item>
   <title>KNICKS VS PACERS 10/31/18</title>
   <link>https://ok.ru/video/1257799092913</link>
   <thumbnail></thumbnail>
   <summary></summary>
   <fanart></fanart>
</item>

<item>
   <title>CLIPPERS VS THUNDER 10/30/18</title>
   <link>https://ok.ru/video/1255368952497</link>
   <thumbnail></thumbnail>
   <summary>Beverly and WestBrokes Fued heats up again </summary>
   <fanart></fanart>
</item>

<item>
   <title>KINGS VS MAGIC 10/30/18</title>
   <link>https://ok.ru/video/1255361743537</link>
   <thumbnail></thumbnail>
   <summary>A.Gordon leads the Magic to a win at home</summary>
   <fanart></fanart>
</item>

<item>
   <title>WIZARDS VS GRIZZLIES 10/30/18</title>
   <link>https://ok.ru/video/1255357549233</link>
   <thumbnail></thumbnail>
   <summary></summary>
   <fanart></fanart>
</item>

<item>
   <title>HEAT VS HORNETS 10/30/18</title>
   <link>https://ok.ru/video/1255347849905</link>
   <thumbnail></thumbnail>
   <summary></summary>
   <fanart></fanart>
</item>

<item>
   <title>HAWKS VS CAVS 10/30/18</title>
   <link>https://ok.ru/video/1255344245425</link>
   <thumbnail></thumbnail>
   <summary>young and the Hawks fall short to the Cavs</summary>
   <fanart></fanart>
</item>

<item>
   <title>RAPTORS VS 76ERS 10/30/18</title>
   <link>https://ok.ru/video/1255342410417</link>
   <thumbnail></thumbnail>
   <summary>Leonard leads the Raptors to a win</summary>
   <fanart></fanart>
</item>

<item>
   <title>PISTONS VS CELTICS 10/30/18</title>
   <link>https://ok.ru/video/1255338478257</link>
   <thumbnail></thumbnail>
   <summary></summary>
   <fanart></fanart>
</item>

<item>
   <title>NETS VS KNICKS 10/29/18</title>
   <link>https://ok.ru/video/1254438734513</link>
   <thumbnail></thumbnail>
   <summary>Battle of NY</summary>
   <fanart></fanart>
</item>

<item>
   <title>RAPTORS VS BUCKS10/29/18</title>
   <link>https://ok.ru/video/1254428969649</link>
   <thumbnail></thumbnail>
   <summary>Leonard vs Antetokounmpo</summary>
   <fanart></fanart>
</item>

<item>
   <title>WARRIORS VS BULLS 10/29/18</title>
   <link>https://ok.ru/video/1254426544817</link>
   <thumbnail></thumbnail>
   <summary>Klay Thompson sets an NBA record with 14-3 pointers in win over the Bulls</summary>
   <fanart></fanart>
</item>

<item>
   <title>KINGS VS HEAT 10/29/18</title>
   <link>https://ok.ru/video/1254423136945</link>
   <thumbnail></thumbnail>
   <summary></summary>
   <fanart></fanart>
</item>

<item>
   <title>LAKERS VS TIMBERWOLVES 10/29/18</title>
   <link>https://ok.ru/video/1254418549425</link>
   <thumbnail></thumbnail>
   <summary></summary>
   <fanart></fanart>
</item>

<item>
   <title>PACERS VS BLAZERS 10/29/18</title>
   <link>https://ok.ru/video/1254408391345</link>
   <thumbnail></thumbnail>
   <summary></summary>
   <fanart></fanart>
</item>

<item>
   <title>HAWKS VS 76RS 10/29/18</title>
   <link>https://ok.ru/video/1254403476145</link>
   <thumbnail></thumbnail>
   <summary>Young Vs Simmons</summary>
   <fanart></fanart>
</item>

<item>
   <title>PELICANS VS NUGGETS 10/29/18</title>
   <link>https://ok.ru/video/1254403410609</link>
   <thumbnail></thumbnail>
   <summary></summary>
   <fanart></fanart>
</item>

<item>
   <title>MAVERICKS VS SPURS 10/29/18</title>
   <link>https://ok.ru/video/1254397250225</link>
   <thumbnail></thumbnail>
   <summary>DeRozan vs Luca and the Mavs</summary>
   <fanart></fanart>
</item>

<item>
   <title>THUNDER VS SUNS 10/28/18</title>
   <link>https://ok.ru/video/1253482105521</link>
   <thumbnail></thumbnail>
   <summary></summary>
   <fanart></fanart>
</item>

<item>
   <title>MAVERICKS VS JAZZ 10/28/18</title>
   <link>https://ok.ru/video/1253411130033</link>
   <thumbnail></thumbnail>
   <summary></summary>
   <fanart></fanart>
</item>

<item>
   <title>CLIPPERS VS WIZARDS 10/28/18</title>
   <link>https://ok.ru/video/1253389765297</link>
   <thumbnail></thumbnail>
   <summary></summary>
   <fanart></fanart>
</item>





<item>
   <title>CAVS VS PACERS 10/27/18</title>
   <link>https://ok.ru/video/1252436413105</link>
   <thumbnail></thumbnail>
   <summary>strugging cavs take on the high rising pacers</summary>
   <fanart></fanart>
</item>

<item>
   <title>SUNS VS GRIZZLIES 10/27/18</title>
   <link>https://ok.ru/video/1252432087729</link>
   <thumbnail></thumbnail>
   <summary>ayton vs gasol great center matchup</summary>
   <fanart></fanart>
</item>

<item>
   <title>LAKERS VS SPURS 10/27/18</title>
   <link>https://ok.ru/video/1252432022193</link>
   <thumbnail></thumbnail>
   <summary>DeRozan has nearly a triple double vs the lebron james</summary>
   <fanart></fanart>
</item>

<item>
   <title>HORNETS VS 76ERS 10/27/18</title>
   <link>https://ok.ru/video/1252440804017</link>
   <thumbnail></thumbnail>
   <summary>Embid leads 76ers past Hornets</summary>
   <fanart></fanart>
</item>

<item>
   <title>MAGIC VS BUCKS 10/27/18</title>
   <link>https://ok.ru/video/1252458171057</link>
   <thumbnail></thumbnail>
   <summary>Giannis Antetokounmpo takes charge</summary>
   <fanart></fanart>
</item>

<item>
   <title>HAWKS VS BULLS 10/27/18</title>
   <link>https://ok.ru/video/1252463610545</link>
   <thumbnail></thumbnail>
   <summary>LaVine & Parker lead Bulls to win</summary>
   <fanart></fanart>
</item>

<item>
   <title>BLAZERS VS HEAT 10/27/18</title>
   <link>https://ok.ru/video/1252428417713</link>
   <thumbnail></thumbnail>
   <summary>Lillard scores 42 points still falls short vs the heat</summary>
   <fanart></fanart>
</item>

<item>
   <title>JAZZ VS PELICANS 10/27/18</title>
   <link>https://ok.ru/video/1252421667505</link>
   <thumbnail></thumbnail>
   <summary>Gobert and Rubio dominate vs the pelicans </summary>
   <fanart></fanart>
</item>

<item>
   <title>RAPTORS VS MAVERICKS 10/26/18</title>
   <link>https://ok.ru/video/1251544795825</link>
   <thumbnail></thumbnail>
   <summary>lowry leads the raptors to 6 straight wins </summary>
   <fanart></fanart>
</item>

<item>
   <title>WIZARDS VS KINGS  10/26/18</title>
   <link>https://ok.ru/video/1251489548977</link>
   <thumbnail></thumbnail>
   <summary>Kings Hold off the WIZARDS</summary>
   <fanart></fanart>
</item>

<item>
   <title>NETS VS PELICANS  10/26/18</title>
   <link>https://ok.ru/video/1251441052337</link>
   <thumbnail></thumbnail>
   <summary>Holidays late jumper lifts pelicans past nets </summary>
   <fanart></fanart>
</item>

<item>
   <title>CLIPPERS VS ROCKETS  10/26/18</title>
   <link>https://ok.ru/video/1251436792497</link>
   <thumbnail></thumbnail>
   <summary>clippers cruise to a win in houston </summary>
   <fanart></fanart>
</item>

<item>
   <title>BUCKS VS TIMBERWOLVES 10/26/18</title>
   <link>https://ok.ru/video/1251389213361</link>
   <thumbnail></thumbnail>
   <summary>Bucks take a W on the road</summary>
   <fanart></fanart>
</item>

<item>
   <title>WARRIORS VS KNICKS 10/26/18</title>
   <link>https://ok.ru/video/1251384560305</link>
   <thumbnail></thumbnail>
   <summary>K.D drops 41 in MSG</summary>
   <fanart></fanart>
</item>

<item>
   <title>BULLS VS HORNETS 10/26/18</title>
   <link>https://ok.ru/video/1251370994353</link>
   <thumbnail></thumbnail>
   <summary>HORNETS cruise to a win at home vs the Bulls</summary>
   <fanart></fanart>
</item>





<item>
   <title>NUGGETS VS LAKERS 10/25/18</title>
   <link>https://ok.ru/video/1250282244785</link>
   <thumbnail></thumbnail>
   <summary>Lebron James records his first triple double as the new king of LA</summary>
   <fanart></fanart>
</item>

<item>
   <title>BLAZERS VS MAGIC 10/25/18</title>
   <link>https://ok.ru/video/1250331134641</link>
   <thumbnail></thumbnail>
   <summary>Lillard goes off on the magics</summary>
   <fanart></fanart>
</item>


<item>
   <title>CAVS VS PISTONS 10/25/18</title>
   <link>https://ok.ru/video/1250262059697</link>
   <thumbnail></thumbnail>
   <summary>The Cavs try to take down the pistons</summary>
   <fanart></fanart>
</item>


<item>
   <title>CELTICS VS THUNDER  10/25/18</title>
   <link>https://ok.ru/video/1250261535409</link>
   <thumbnail></thumbnail>
   <summary>IRVING VS WESTBROKE</summary>
   <fanart></fanart>
</item>



<item>
   <title>WIZARDS VS WARRIORS 10/24/18</title>
   <link>https://ok.ru/video/1249212500657</link>
   <thumbnail></thumbnail>
   <summary>Watch Curry score 51 points, hitting 11 3's in the game</summary>
   <fanart></fanart>
</item>

<item>
   <title>WIZARDS VS WARRIORS 10/24/18</title>
   <link>https://ok.ru/video/1249212500657</link>
   <thumbnail></thumbnail>
   <summary>Watch Curry score 51 points, hitting 11 3's in the game</summary>
   <fanart></fanart>
</item>

<item>
   <title>JAZZ VS ROCKETS 10/24/18</title>
   <link>https://ok.ru/video/1249212566193</link>
   <thumbnail></thumbnail>
   <summary>Donovan Mitchell scores 38 points</summary>
   <fanart></fanart>
</item>

<item>
   <title>MAVERICKS VS HAWKS 10/24/18</title>
   <link>https://ok.ru/video/1249236421297</link>
   <thumbnail></thumbnail>
   <summary>First meeting between Young and Doncic</summary>
   <fanart></fanart>
</item>

<item>
   <title>T-WOLVES VS RAPTORS 10/24/18</title>
   <link>https://ok.ru/video/1249236486833</link>
   <thumbnail></thumbnail>
   <summary>Watch Jimmy Butler vs Kawhi Leonard</summary>
   <fanart></fanart>
</item>

<item>
   <title>NETS VS CAVS 10/24/18</title>
   <link>https://ok.ru/video/1249251822257</link>
   <thumbnail></thumbnail>
   <summary></summary>
   <fanart></fanart>
</item>

<item>
   <title>PACERS VS SPURS 10/24/18</title>
   <link>https://ok.ru/video/1249254771377</link>
   <thumbnail></thumbnail>
   <summary></summary>
   <fanart></fanart>
</item>

<item>
   <title>LAKERS VS SUNS 10/24/18</title>
   <link>https://ok.ru/video/1249284721329</link>
   <thumbnail></thumbnail>
   <summary>Watch King James Battle the young Suns</summary>
   <fanart></fanart>
</item>

<item>
   <title>HORNETS VS BULLS 10/24/18</title>
   <link>https://ok.ru/video/1249300253361</link>
   <thumbnail></thumbnail>
   <summary>See the Bulls Get their first Win of the season</summary>
   <fanart></fanart>
</item>

<item>
   <title>KNICKS VS HEAT 10/24/18</title>
   <link>https://ok.ru/video/1249328237233</link>
   <thumbnail></thumbnail>
   <summary>Great rivalry that still lives on, its always good watching these 2 teams play</summary>
   <fanart></fanart>
</item>




<item>
   <title>PISTONS VS 76ERS 10/23/18</title>
   <link>https://ok.ru/video/1248324487857</link>
   <thumbnail></thumbnail>
   <summary>add text</summary>
   <fanart></fanart>
</item>

<item>
   <title>CLIPPERS VS PELICANS 10/23/18</title>
   <link>https://ok.ru/video/1248289098417</link>
   <thumbnail></thumbnail>
   <fanart></fanart>
</item>

<item>
   <title>KINGS VS NUGGETS 10/23/18</title>
   <link>https://ok.ru/video/1248315181745</link>
   <thumbnail></thumbnail>
   <fanart></fanart>
</item>



<item>
   <title>WIZARDS VS BLAZERS 10/22/18</title>
   <link>https://ok.ru/video/1247197530801</link>
   <thumbnail></thumbnail>
   <fanart></fanart>
</item>

<item>
   <title>SUNS VS WARRIORS 10/22/18</title>
   <link>https://ok.ru/video/1247152769713</link>
   <thumbnail></thumbnail>
   <fanart></fanart>
</item>

<item>
   <title>HORNETS VS RAPTORS 10/22/18</title>
   <link>https://ok.ru/video/1247149165233</link>
   <thumbnail></thumbnail>
   <fanart></fanart>
</item>

<item>
   <title>JAZZ VS GRIZZLIES 10/22/18</title>
   <link>https://ok.ru/video/1247141563057</link>
   <thumbnail></thumbnail>
   <fanart></fanart>
</item>


<item>
   <title>SPURS VS LAKERS 10/22/18</title>
   <link>https://ok.ru/video/1247130159793</link>
   <thumbnail></thumbnail>
   <fanart></fanart>
</item>

<item>
   <title>KNICKS VS BUCKS 10/22/18</title>
   <link>https://ok.ru/video/1247127210673</link>
   <thumbnail></thumbnail>
   <fanart></fanart>
</item>



<item>
   <title>OKC VS KINGS 10-21-18</title>
   <link>https://ok.ru/video/1245298363057</link>
   <thumbnail></thumbnail>
   <fanart></fanart>
</item>

<item>
   <title>NUGGETS VS WARRIORS 10-21-18</title>
   <link>https://ok.ru/video/1245234465457</link>
   <thumbnail></thumbnail>
   <fanart></fanart>
</item>


<item>
   <title>ROCKETS VS CLIPPERS 10-21-18</title>
   <link>https://ok.ru/video/1245214345905</link>
   <thumbnail></thumbnail>
   <fanart></fanart>
</item>


<item>
   <title>HAWKS VS CAVS 10-21-18</title>
   <link>https://ok.ru/video/1245199862449</link>
   <thumbnail></thumbnail>
   <fanart></fanart>
</item>

<item>
   <title>MAVERICKS VS T-WOLVES 10-20-18</title>
   <link>https://ok.ru/video/1243948386993</link>
   <thumbnail></thumbnail>
   <fanart></fanart>
</item>

<item>
   <title>SUNS VS NUGGETS 10-20-18</title>
   <link>https://ok.ru/video/1243958676145</link>
   <thumbnail></thumbnail>
   <fanart></fanart>
</item>

<item>
   <title>BULLS VS PISTONS 10-20-18</title>
   <link>https://ok.ru/video/1243893992113</link>
   <thumbnail></thumbnail>
   <fanart></fanart>
</item>

<item>
   <title>NETS VS PACERS 10-20-18</title>
   <link>https://ok.ru/video/1243910376113</link>
   <thumbnail></thumbnail>
   <fanart></fanart>
</item>

<item>
   <title>WIZARDS VS RAPTORS 10-20-18</title>
   <link>https://ok.ru/video/1243899497137</link>
   <thumbnail></thumbnail>
   <fanart></fanart>
</item>

<item>
   <title>HEAT VS HORNETS 10-20-18</title>
   <link>https://ok.ru/video/1243892419249</link>
   <thumbnail></thumbnail>
   <fanart></fanart>
</item>

<item>
   <title>ROCKETS VS LAKERS 10-20-18</title>
   <link>https://ok.ru/video/1243892288177</link>
   <thumbnail></thumbnail>
   <fanart></fanart>
</item>

<item>
   <title>BLAZERS VS SPURS 10-20-18</title>
   <link>https://ok.ru/video/1243883571889</link>
   <thumbnail></thumbnail>
   <fanart></fanart>
</item>

<item>
   <title>MAGIC VS 76ERS 10-20-18</title>
   <link>https://ok.ru/video/1243890191025</link>
   <thumbnail></thumbnail>
   <fanart></fanart>
</item>

<item>
   <title>CELTICS VS KNICKS 10-20-18</title>
   <link>https://ok.ru/video/1243883113137</link>
   <thumbnail></thumbnail>
   <fanart></fanart>
</item>

<item>
   <title>CLIPPERS VS OKC 10-19-18</title>
   <link>https://ok.ru/video/1243138165425</link>
   <thumbnail></thumbnail>
   <fanart></fanart>
</item>

<item>
   <title>KINGS VS PELICANS 10-19-18</title>
   <link>https://ok.ru/video/1243048184497</link>
   <thumbnail></thumbnail>
   <fanart></fanart>
</item>

<item>
   <title>HAWKS VS GRIZZLIES 10-19-18</title>
   <link>https://ok.ru/video/1243041696433</link>
   <thumbnail></thumbnail>
   <fanart></fanart>
</item>

<item>
   <title>CAVS VS T-WOLVES 10-19-18</title>
   <link>https://ok.ru/video/1022315334346</link>
   <thumbnail></thumbnail>
   <fanart></fanart>
</item>


