<item>
<title>SUPER BOWL LIII: New England Patriots vs Los Angeles Rams –2/3/19</title>
<link>https://ok.ru/video/1496161192625(Part1)</link>
<link>https://ok.ru/video/1496161127089(Part2)</link>
<thumbnail>http://magnetic.website/Mad%20Titan/icon.png</thumbnail>
<summary></summary>
<fanart></fanart>
</item>





<item>
<title>AFC vs NFC Pro Bowl – Jan 27, 2019</title>
<link>https://ok.ru/video/1478169266865</link>
<thumbnail>http://magnetic.website/Mad%20Titan/icon.png</thumbnail>
<summary></summary>
<fanart></fanart>
</item>




<item>
<title>New Orleans Saints vs Los Angeles Rams – Jan 20, 2019</title>
<link>https://ok.ru/video/1454977256113</link>
<thumbnail>http://magnetic.website/Mad%20Titan/icon.png</thumbnail>
<summary>NFC CHAMPIONSHIP GAME </summary>
<fanart></fanart>
</item>

<item>
<title>Kansas City Chiefs vs New England Patriots – Jan 20, 2019</title>
<link>https://ok.ru/video/1454973455025</link>
<thumbnail>http://magnetic.website/Mad%20Titan/icon.png</thumbnail>
<summary>AFC CHAMPIONSHIP GAME</summary>
<fanart></fanart>
</item>



<item>
<title>New Orleans Saints vs Philadelphia Eagles – Jan 13, 2019</title>
<link>https://ok.ru/video/1421241092785</link>
<thumbnail>http://magnetic.website/Mad%20Titan/icon.png</thumbnail>
<summary></summary>
<fanart></fanart>
</item>

<item>
<title>New England Patriots vs Los Angeles Chargers – Jan 13, 2019</title>
<link>https://ok.ru/video/1420833065649</link>
<thumbnail>http://magnetic.website/Mad%20Titan/icon.png</thumbnail>
<summary></summary>
<fanart></fanart>
</item>

<item>
<title>Los Angeles Rams vs Dallas Cowboys – Jan 12, 2019</title>
<link>https://ok.ru/video/1419767319217</link>
<thumbnail>http://magnetic.website/Mad%20Titan/icon.png</thumbnail>
<summary></summary>
<fanart></fanart>
</item>

<item>
<title>Kansas City Chiefs vs Indianapolis Colts – Jan 12, 2019</title>
<link>https://ok.ru/video/1419767253681</link>
<thumbnail>http://magnetic.website/Mad%20Titan/icon.png</thumbnail>
<summary></summary>
<fanart></fanart>
</item>

<item>
<title>Chicago Bears vs Philadelphia Eagles – Jan 06, 2019</title>
<link>https://ok.ru/video/1412000647857</link>
<thumbnail>http://magnetic.website/Mad%20Titan/icon.png</thumbnail>
<summary></summary>
<fanart></fanart>
</item>


<item>
<title>Houston Texans vs Indianapolis Colts – Jan 05, 2019</title>
<link>https://ok.ru/video/1408809962161</link>
<thumbnail>http://magnetic.website/Mad%20Titan/icon.png</thumbnail>
<summary></summary>
<fanart></fanart>
</item>





<item>
<title>New York Giants vs Dallas Cowboys – Dec 30, 2018</title>
<link>https://ok.ru/video/1392869706417</link>
<thumbnail>http://magnetic.website/Mad%20Titan/icon.png</thumbnail>
<summary></summary>
<fanart></fanart>
</item>



<item>
<title>Baltimore Ravens vs Cleveland Browns – Dec 30, 2018</title>
<link>https://ok.ru/video/1394307631793</link>
<thumbnail>http://magnetic.website/Mad%20Titan/icon.png</thumbnail>
<summary></summary>
<fanart></fanart>
</item>

<item>
<title>Pittsburgh Steelers vs Cincinnati Bengals – Dec 30, 2018</title>
<link>https://ok.ru/video/1394297670321</link>
<thumbnail>http://magnetic.website/Mad%20Titan/icon.png</thumbnail>
<summary></summary>
<fanart></fanart>
</item>

<item>
<title>Kansas City Chiefs vs Oakland Raiders – Dec 30, 2018</title>
<link>https://ok.ru/video/1394260380337</link>
<thumbnail>http://magnetic.website/Mad%20Titan/icon.png</thumbnail>
<summary></summary>
<fanart></fanart>
</item>

<item>
<title>Minnesota Vikings vs Chicago Bears – Dec 30, 2018</title>
<link>https://ok.ru/video/1394258807473</link>
<thumbnail>http://magnetic.website/Mad%20Titan/icon.png</thumbnail>
<summary></summary>
<fanart></fanart>
</item>

<item>
<title>Denver Broncos vs Los Angeles Chargers – Dec 30, 2018</title>
<link>https://ok.ru/video/1394253957809</link>
<thumbnail>http://magnetic.website/Mad%20Titan/icon.png</thumbnail>
<summary></summary>
<fanart></fanart>
</item>

<item>
<title>Seattle Seahawks vs Arizona Cardinals – Dec 30, 2018</title>
<link>https://ok.ru/video/1394230364849</link>
<thumbnail>http://magnetic.website/Mad%20Titan/icon.png</thumbnail>
<summary></summary>
<fanart></fanart>
</item>

<item>
<title>Los Angeles Rams vs San Francisco 49ers – Dec 30, 2018</title>
<link>https://ok.ru/video/1394225646257</link>
<thumbnail>http://magnetic.website/Mad%20Titan/icon.png</thumbnail>
<summary></summary>
<fanart></fanart>
</item>

<item>
<title>Tennessee Titans vs Indianapolis Colts – Dec 30, 2018</title>
<link>https://ok.ru/video/1394220731057</link>
<thumbnail>http://magnetic.website/Mad%20Titan/icon.png</thumbnail>
<summary></summary>
<fanart></fanart>
</item>

<item>
<title>Washington Redskins vs Philadelphia Eagles – Dec 30, 2018</title>
<link>https://ok.ru/video/1394206378673</link>
<thumbnail>http://magnetic.website/Mad%20Titan/icon.png</thumbnail>
<summary></summary>
<fanart></fanart>
</item>

<item>
<title>Buffalo Bills vs Miami Dolphins – Dec 30, 2018</title>
<link>https://ok.ru/video/1392886680241</link>
<thumbnail>http://magnetic.website/Mad%20Titan/icon.png</thumbnail>
<summary></summary>
<fanart></fanart>
</item>

<item>
<title>Tampa Bay Buccaneers vs Atlanta Falcons – Dec 30, 2018</title>
<link>https://ok.ru/video/1392881896113</link>
<thumbnail>http://magnetic.website/Mad%20Titan/icon.png</thumbnail>
<summary></summary>
<fanart></fanart>
</item>

<item>
<title>Houston Texans vs Jacksonville Jaguars – Dec 30, 2018</title>
<link>https://ok.ru/video/1392875866801</link>
<thumbnail>http://magnetic.website/Mad%20Titan/icon.png</thumbnail>
<summary></summary>
<fanart></fanart>
</item>


<item>
<title>New Orleans Saints vs Carolina Panthers – Dec 30, 2018</title>
<link>https://ok.ru/video/1392844016305</link>
<thumbnail>http://magnetic.website/Mad%20Titan/icon.png</thumbnail>
<summary></summary>
<fanart></fanart>
</item>

<item>
<title>New England Patriots vs New York Jets – Dec 30, 2018</title>
<link>https://ok.ru/video/1392839887537</link>
<thumbnail>http://magnetic.website/Mad%20Titan/icon.png</thumbnail>
<summary></summary>
<fanart></fanart>
</item>

<item>
<title>Green Bay Packers vs Detroit Lions – Dec 30, 2018</title>
<link>https://ok.ru/video/1392836217521</link>
<thumbnail>http://magnetic.website/Mad%20Titan/icon.png</thumbnail>
<summary></summary>
<fanart></fanart>
</item>


<item>
<title>Arizona Cardinals vs Los Angeles Rams – Dec 23, 2018</title>
<link>https://ok.ru/video/1375408622257</link>
<thumbnail>http://magnetic.website/Mad%20Titan/icon.png</thumbnail>
<summary></summary>
<fanart></fanart>
</item>



<item>
<title>Los Angeles Chargers vs Baltimore Ravens – Dec 22, 2018</title>
<link>https://ok.ru/video/1359802600113</link>
<thumbnail>http://magnetic.website/Mad%20Titan/icon.png</thumbnail>
<summary>SATURDAY NIGHT GAME</summary>
<fanart></fanart>
</item>

<item>
<title>Tennessee Titans vs Washington Redskins – Dec 22, 2018</title>
<link>https://ok.ru/video/1359785364145</link>
<thumbnail>http://magnetic.website/Mad%20Titan/icon.png</thumbnail>
<summary>SATURDAY GAME </summary>
<fanart></fanart>
</item>



<item>
<title>Carolina Panthers vs New Orleans Saints – Dec 17, 2018</title>
<link>https://ok.ru/video/1353003174577</link>
<thumbnail>http://magnetic.website/Mad%20Titan/icon.png</thumbnail>
<summary>Monday Night Game</summary>
<fanart></fanart>
</item>

<item>
<title>Pittsburgh Steelers vs New England Patriots – Dec 16, 2018</title>
<link>https://ok.ru/video/1351884212913</link>
<thumbnail>http://magnetic.website/Mad%20Titan/icon.png</thumbnail>
<summary></summary>
<fanart></fanart>
</item>

<item>
<title>San Francisco 49ers vs Seattle Seahawks – Dec 16, 2018</title>
<link>https://ok.ru/video/1351890832049</link>
<thumbnail>http://magnetic.website/Mad%20Titan/icon.png</thumbnail>
<summary></summary>
<fanart></fanart>
</item>

<item>
<title>Jacksonville Jaguars vs Washington Redskins – Dec 16, 2018</title>
<link>https://ok.ru/video/1351540607665</link>
<thumbnail>http://magnetic.website/Mad%20Titan/icon.png</thumbnail>
<summary></summary>
<fanart></fanart>
</item>

<item>
<title>Baltimore Ravens vs Tampa Bay Buccaneers – Dec 16, 2018</title>
<link>https://ok.ru/video/1351536544433</link>
<thumbnail>http://magnetic.website/Mad%20Titan/icon.png</thumbnail>
<summary></summary>
<fanart></fanart>
</item>

<item>
<title>Minnesota Vikings vs Miami Dolphins – Dec 16, 2018</title>
<link>https://ok.ru/video/1351536478897</link>
<thumbnail>http://magnetic.website/Mad%20Titan/icon.png</thumbnail>
<summary></summary>
<fanart></fanart>
</item>

<item>
<title>Cincinnati Bengals vs Oakland Raiders – Dec 16, 2018</title>
<link>https://ok.ru/video/1351535299249</link>
<thumbnail>http://magnetic.website/Mad%20Titan/icon.png</thumbnail>
<summary></summary>
<fanart></fanart>
</item>

<item>
<title>Indianapolis Colts vs Dallas Cowboys – Dec 16, 2018</title>
<link>https://ok.ru/video/1351532284593</link>
<thumbnail>http://magnetic.website/Mad%20Titan/icon.png</thumbnail>
<summary></summary>
<fanart></fanart>
</item>

<item>
<title>Atlanta Falcons vs Arizona Cardinals – Dec 16, 2018</title>
<link>https://ok.ru/video/1351529335473</link>
<thumbnail>http://magnetic.website/Mad%20Titan/icon.png</thumbnail>
<summary></summary>
<fanart></fanart>
</item>

<item>
<title>Buffalo Bills vs Detroit Lions – Dec 16, 2018</title>
<link>https://ok.ru/video/1351525730993</link>
<thumbnail>http://magnetic.website/Mad%20Titan/icon.png</thumbnail>
<summary></summary>
<fanart></fanart>
</item>

<item>
<title>New York Giants vs Tennessee Titans – Dec 16, 2018</title>
<link>https://ok.ru/video/1351523175089</link>
<thumbnail>http://magnetic.website/Mad%20Titan/icon.png</thumbnail>
<summary></summary>
<fanart></fanart>
</item>

<item>
<title>Chicago Bears vs Green Bay Packers – Dec 16, 2018</title>
<link>https://ok.ru/video/1351522519729</link>
<thumbnail>http://magnetic.website/Mad%20Titan/icon.png</thumbnail>
<summary></summary>
<fanart></fanart>
</item>



<item>
<title>New York Jets vs Houston Texans – Dec 15, 2018</title>
<link>https://ok.ru/video/1351078578865</link>
<thumbnail>http://magnetic.website/Mad%20Titan/icon.png</thumbnail>
<summary></summary>
<fanart></fanart>
</item>

<item>
<title>Denver Broncos vs Cleveland Browns – Dec 15, 2018</title>
<link>https://ok.ru/video/1351050201777</link>
<thumbnail>http://magnetic.website/Mad%20Titan/icon.png</thumbnail>
<summary></summary>
<fanart></fanart>
</item>

<item>
<title>Kansas City Chiefs vs Los Angeles Chargers – Dec 13, 2018</title>
<link>https://ok.ru/video/1349254318769</link>
<thumbnail>http://magnetic.website/Mad%20Titan/icon.png</thumbnail>
<summary></summary>
<fanart></fanart>
</item>




<item>
<title>San Francisco 49ers vs Denver Broncos – Dec 09, 2018</title>
<link>https://ok.ru/video/1344999000753</link>
<thumbnail>http://magnetic.website/Mad%20Titan/icon.png</thumbnail>
<summary></summary>
<fanart></fanart>
</item>

<item>
<title>Arizona Cardinals vs Detroit Lions – Dec 09, 2018</title>
<link>https://ok.ru/video/1344913738417</link>
<thumbnail>http://magnetic.website/Mad%20Titan/icon.png</thumbnail>
<summary></summary>
<fanart></fanart>
</item>

<item>
<title>Oakland Raiders vs Pittsburgh Steelers – Dec 09, 2018</title>
<link>https://ok.ru/video/1344909347505</link>
<thumbnail>http://magnetic.website/Mad%20Titan/icon.png</thumbnail>
<summary></summary>
<fanart></fanart>
</item>





<item>
<title>Los Angeles Chargers vs Cincinnati Bengals – Dec 09, 2018</title>
<link>https://ok.ru/video/1344906922673</link>
<thumbnail>http://magnetic.website/Mad%20Titan/icon.png</thumbnail>
<summary></summary>
<fanart></fanart>
</item>

<item>
<title>Dallas Cowboys vs Philadelphia Eagles – Dec 09, 2018</title>
<link>https://ok.ru/video/1344883198641</link>
<thumbnail>http://magnetic.website/Mad%20Titan/icon.png</thumbnail>
<summary>Dallas gets passed the  eagles to take first place in the division</summary>
<fanart></fanart>
</item>

<item>
<title>Chicago Bears vs Los Angeles Rams – Dec 09, 2018</title>
<link>https://ok.ru/video/1344875530929</link>
<thumbnail>http://magnetic.website/Mad%20Titan/icon.png</thumbnail>
<summary></summary>
<fanart></fanart>
</item>

<item>
<title>Green Bay Packers vs Atlanta Falcons – Dec 09, 2018</title>
<link>https://ok.ru/video/1344896043697</link>
<thumbnail>http://magnetic.website/Mad%20Titan/icon.png</thumbnail>
<summary></summary>
<fanart></fanart>
</item>

<item>
<title>Cleveland Browns vs Carolina Panthers – Dec 09, 2018</title>
<link>https://ok.ru/video/1344897092273</link>
<thumbnail>http://magnetic.website/Mad%20Titan/icon.png</thumbnail>
<summary></summary>
<fanart></fanart>
</item>

<item>
<title>Buffalo Bills vs New York Jets – Dec 09, 2018</title>
<link>https://ok.ru/video/1344275155633</link>
<thumbnail>http://magnetic.website/Mad%20Titan/icon.png</thumbnail>
<summary></summary>
<fanart></fanart>
</item>

<item>
<title>Kansas City Chiefs vs Baltimore Ravens – Dec 09, 2018</title>
<link>https://ok.ru/video/1344267356849</link>
<thumbnail>http://magnetic.website/Mad%20Titan/icon.png</thumbnail>
<summary></summary>
<fanart></fanart>
</item>


<item>
<title>Houston Texans vs Indianapolis Colts – Dec 09, 2018</title>
<link>https://ok.ru/video/1344267094705</link>
<thumbnail>http://magnetic.website/Mad%20Titan/icon.png</thumbnail>
<summary></summary>
<fanart></fanart>
</item>

<item>
<title>Tampa Bay Buccaneers vs New Orleans Saints – Dec 09, 2018</title>
<link>https://ok.ru/video/1344260475569</link>
<thumbnail>http://magnetic.website/Mad%20Titan/icon.png</thumbnail>
<summary></summary>
<fanart></fanart>
</item>

<item>
<title>Miami Dolphins vs New England Patriots – Dec 09, 2018</title>
<link>https://ok.ru/video/1344236096177</link>
<thumbnail>http://magnetic.website/Mad%20Titan/icon.png</thumbnail>
<summary></summary>
<fanart></fanart>
</item>

<item>
<title>Washington Redskins vs New York Giants – Dec 09, 2018</title>
<link>https://ok.ru/video/1344234261169</link>
<thumbnail>http://magnetic.website/Mad%20Titan/icon.png</thumbnail>
<summary></summary>
<fanart></fanart>
</item>



<item>
<title>Jacksonville Jaguars vs Tennessee Titans – Dec 06, 2018</title>
<link>https://ok.ru/video/1340294630065</link>
<thumbnail>http://magnetic.website/Mad%20Titan/icon.png</thumbnail>
<summary>Thursday Night GAME</summary>
<fanart></fanart>
</item>



<item>
<title>Washington Redskins vs Philadelphia Eagles – Dec 03, 2018</title>
<link>https://ok.ru/video/1336904125105</link>
<thumbnail>http://magnetic.website/Mad%20Titan/icon.png</thumbnail>
<summary>Monday Night GAME</summary>
<fanart></fanart>
</item>






<item>
<title>Houston Texans vs Cleveland Browns – Dec 02, 2018</title>
<link>https://ok.ru/video/1335298099889</link>
<thumbnail>http://magnetic.website/Mad%20Titan/icon.png</thumbnail>
<summary></summary>
<fanart></fanart>
</item>

<item>
<title>Jacksonville Jaguars vs Indianapolis Colts – Dec 02, 2018</title>
<link>https://ok.ru/video/1335311338161</link>
<thumbnail>http://magnetic.website/Mad%20Titan/icon.png</thumbnail>
<summary></summary>
<fanart></fanart>
</item>

<item>
<title>Green Bay Packers vs Arizona Cardinals – Dec 02, 2018</title>
<link>https://ok.ru/video/1335314746033</link>
<thumbnail>http://magnetic.website/Mad%20Titan/icon.png</thumbnail>
<summary></summary>
<fanart></fanart>
</item>

<item>
<title>Chicago Bears vs New York Giants – Dec 02, 2018</title>
<link>https://ok.ru/video/1335317039793</link>
<thumbnail>http://magnetic.website/Mad%20Titan/icon.png</thumbnail>
<summary></summary>
<fanart></fanart>
</item>

<item>
<title>Cincinnati Bengals vs Denver Broncos – Dec 02, 2018</title>
<link>https://ok.ru/video/1335321627313</link>
<thumbnail>http://magnetic.website/Mad%20Titan/icon.png</thumbnail>
<summary></summary>
<fanart></fanart>
</item>

<item>
<title>Los Angeles Rams vs Detroit Lions – Dec 02, 2018</title>
<link>https://ok.ru/video/1335323527857</link>
<thumbnail>http://magnetic.website/Mad%20Titan/icon.png</thumbnail>
<summary></summary>
<fanart></fanart>
</item>

<item>
<title>Atlanta Falcons vs Baltimore Ravens – Dec 02, 2018</title>
<link>https://ok.ru/video/1335324445361</link>
<thumbnail>http://magnetic.website/Mad%20Titan/icon.png</thumbnail>
<summary></summary>
<fanart></fanart>
</item>

<item>
<title>New England Patriots vs Minnesota Vikings – Dec 02, 2018</title>
<link>https://ok.ru/video/1335640853169</link>
<thumbnail>http://magnetic.website/Mad%20Titan/icon.png</thumbnail>
<summary>Game Of The Week</summary>
<fanart></fanart>
</item>

<item>
<title>Pittsburgh Steelers vs Los Angeles Chargers – Dec 02, 2018</title>
<link>https://ok.ru/video/1335651338929</link>
<thumbnail>http://magnetic.website/Mad%20Titan/icon.png</thumbnail>
<summary>Sunday Night Game</summary>
<fanart></fanart>
</item>

<item>
<title>Oakland Raiders vs Kansas City Chiefs – Dec 02, 2018</title>
<link>https://ok.ru/video/1335670344369</link>
<thumbnail>http://magnetic.website/Mad%20Titan/icon.png</thumbnail>
<summary></summary>
<fanart></fanart>
</item>

<item>
<title>Seattle Seahawks vs San Francisco 49ers – Dec 02, 2018</title>
<link>https://ok.ru/video/1335670409905</link>
<thumbnail>http://magnetic.website/Mad%20Titan/icon.png</thumbnail>
<summary></summary>
<fanart></fanart>
</item>

<item>
<title>Tampa Bay Buccaneers vs Carolina Panthers – Dec 02, 2018</title>
<link>https://ok.ru/video/1335677815473</link>
<thumbnail>http://magnetic.website/Mad%20Titan/icon.png</thumbnail>
<summary></summary>
<fanart></fanart>
</item>

<item>
<title>Tennessee Titans vs New York Jets – Dec 02, 2018</title>
<link>https://ok.ru/video/1335696362161</link>
<thumbnail>http://magnetic.website/Mad%20Titan/icon.png</thumbnail>
<summary></summary>
<fanart></fanart>
</item>

<item>
<title>Miami Dolphins vs Buffalo Bills – Dec 02, 2018</title>
<link>https://ok.ru/video/1335710059185</link>
<thumbnail>http://magnetic.website/Mad%20Titan/icon.png</thumbnail>
<summary></summary>
<fanart></fanart>
</item>


<item>
<title>Dallas Cowboys vs New Orleans Saints – Nov 29, 2018</title>
<link>https://ok.ru/video/1331722586801</link>
<thumbnail>http://magnetic.website/Mad%20Titan/icon.png</thumbnail>
<summary></summary>
<fanart></fanart>
</item>




<item>
<title>Houston Texans vs Tennessee Titans – Nov 26, 2018</title>
<link>https://ok.ru/video/1326500547249</link>
<thumbnail>http://magnetic.website/Mad%20Titan/icon.png</thumbnail>
<summary></summary>
<fanart></fanart>
</item>



<item>
<title>Carolina Panthers vs Seattle Seahawks – Nov 25, 2018</title>
<link>https://ok.ru/video/1324582374065</link>
<thumbnail>http://magnetic.website/Mad%20Titan/icon.png</thumbnail>
<summary>Panthers come up short vs the Seahawks</summary>
<fanart></fanart>
</item>

<item>
<title>New York Jets vs New England Patriots – Nov 25, 2018</title>
<link>https://ok.ru/video/1324582439601</link>
<thumbnail>http://magnetic.website/Mad%20Titan/icon.png</thumbnail>
<summary>Rivalry game</summary>
<fanart></fanart>
</item>

<item>
<title>Philadelphia Eagles vs New York Giants – Nov 25, 2018</title>
<link>https://ok.ru/video/1324583488177</link>
<thumbnail>http://magnetic.website/Mad%20Titan/icon.png</thumbnail>
<summary>Rivalry game Eagles come up big to get a much needed Win</summary>
<fanart></fanart>
</item>

<item>
<title>Baltimore Ravens vs Oakland Raiders – Nov 25, 2018</title>
<link>https://ok.ru/video/1324588862129</link>
<thumbnail>http://magnetic.website/Mad%20Titan/icon.png</thumbnail>
<summary>Ravens top the Raiders at home</summary>
<fanart></fanart>
</item>

<item>
<title>Tampa Bay Buccaneers vs San Francisco 49ers – Nov 25, 2018</title>
<link>https://ok.ru/video/1324592990897</link>
<thumbnail>http://magnetic.website/Mad%20Titan/icon.png</thumbnail>
<summary></summary>
<fanart></fanart>
</item>

<item>
<title>Cincinnati Bengals vs Cleveland Browns – Nov 25, 2018</title>
<link>https://ok.ru/video/1324594563761</link>
<thumbnail>http://magnetic.website/Mad%20Titan/icon.png</thumbnail>
<summary></summary>
<fanart></fanart>
</item>

<item>
<title>Buffalo Bills vs Jacksonville Jaguars – Nov 25, 2018</title>
<link>https://ok.ru/video/1324595940017</link>
<thumbnail>http://magnetic.website/Mad%20Titan/icon.png</thumbnail>
<summary></summary>
<fanart></fanart>
</item>

<item>
<title>Minnesota Vikings vs Green Bay Packers – Nov 25, 2018</title>
<link>https://ok.ru/video/1324895505073</link>
<thumbnail></thumbnail>
<summary></summary>
<fanart></fanart>
</item>

<item>
<title>Denver Broncos vs Pittsburgh Steelers – Nov 25, 2018</title>
<link>https://ok.ru/video/1324898781873</link>
<thumbnail></thumbnail>
<summary></summary>
<fanart></fanart>
</item>

<item>
<title>Los Angeles Chargers vs Arizona Cardinals – Nov 25, 2018</title>
<link>https://ok.ru/video/1324918246065</link>
<thumbnail></thumbnail>
<summary></summary>
<fanart></fanart>
</item>

<item>
<title>Indianapolis Colts vs Miami Dolphins – Nov 25, 2018</title>
<link>https://ok.ru/video/1324940135089</link>
<thumbnail></thumbnail>
<summary></summary>
<fanart></fanart>
</item>




<item>
<title>Dallas Cowboys vs Washington Redskins – Nov 22, 2018</title>
<link>https://ok.ru/video/1321536457393</link>
<thumbnail></thumbnail>
<summary>Cowboys D comes up big</summary>
<fanart></fanart>
</item>

<item>
<title>New Orleans Saints vs Arizona Cardinals – Nov 22, 2018</title>
<link>https://ok.ru/video/1321541503665</link>
<thumbnail></thumbnail>
<summary>Saints Continue their hot streak</summary>
<fanart></fanart>
</item>


<item>
<title>Detroit Lions vs Chicago Bears – Nov 22, 2018</title>
<link>https://ok.ru/video/1321531345585</link>
<thumbnail></thumbnail>
<summary>ThanksGiving football games</summary>
<fanart></fanart>
</item>




<item>
   <title>Los Angeles Rams vs Kansas City Chiefs – Nov 19, 2018</title>
   <link>https://ok.ru/video/1316441426609</link>
   <thumbnail></thumbnail>
   <summary>Game of the year by far!! 3rd highest game in NFL history</summary>
   <fanart></fanart>
</item>





<item>
   <title>Cowboys vs Falcons 11-18-2018</title>
   <link>https://ok.ru/video/1313523894961</link>
   <thumbnail></thumbnail>
   <summary>Cowboys Steal a W in Atl</summary>
   <fanart></fanart>
</item>

<item>
   <title>Steelers vs Jaguars 11-18-2018</title>
   <link>https://ok.ru/video/1313525664433</link>
   <thumbnail></thumbnail>
   <summary>Big Ben and the steelers come back from 16 points to beat the Jags</summary>
   <fanart></fanart>
</item>

<item>
   <title>Texans Vs Redskins 11-18-2018</title>
   <link>https://ok.ru/video/1313526319793</link>
   <thumbnail></thumbnail>
   <summary></summary>
   <fanart></fanart>
</item>

<item>
   <title>Detroit Lions vs Carolina Panthers – Nov 18, 2018</title>
   <link>https://ok.ru/video/1313533266609</link>
   <thumbnail></thumbnail>
   <summary>Panthers fall short vs the Lions</summary>
   <fanart></fanart>
</item>

<item>
   <title>Indianapolis Colts vs Tennessee Titans – Nov 18, 2018</title>
   <link>https://ok.ru/video/1313534708401</link>
   <thumbnail></thumbnail>
   <summary>Luck leads the Colts to a Win</summary>
   <fanart></fanart>
</item>

<item>
   <title>New York Giants vs Tampa Bay Buccaneers – Nov 18, 2018</title>
   <link>https://ok.ru/video/1313535756977</link>
   <thumbnail></thumbnail>
   <summary>Barkley and Manning lead the Giants to a win</summary>
   <fanart></fanart>
</item>

<item>
   <title>Baltimore Ravens vs Cincinnati Bengals – Nov 18, 2018</title>
   <link>https://ok.ru/video/1313554041521</link>
   <thumbnail></thumbnail>
   <summary>Rookie Jackson lifts the Ravens to a win</summary>
   <fanart></fanart>
</item>

<item>
   <title>New Orleans Saints vs Philadelphia Eagles – Nov 18, 2018</title>
   <link>https://ok.ru/video/1314356333233</link>
   <thumbnail></thumbnail>
   <summary>Saints remain hot and skink the eagles</summary>
   <fanart></fanart>
</item>

<item>
   <title>Los Angeles Chargers vs Denver Broncos – Nov 18, 2018</title>
   <link>https://ok.ru/video/1314463287985</link>
   <thumbnail></thumbnail>
   <summary>Broncos win a close one at home</summary>
   <fanart></fanart>
</item>

<item>
   <title>Arizona Cardinals vs Oakland Raiders – Nov 18, 2018</title>
   <link>https://ok.ru/video/1314473380529</link>
   <thumbnail></thumbnail>
   <summary></summary>
   <fanart></fanart>
</item>

<item>
   <title>Chicago Bears vs Minnesota Vikings – Nov 18, 2018</title>
   <link>https://ok.ru/video/1314525547185</link>
   <thumbnail></thumbnail>
   <summary>Bears Defense comes up big vs the vikings</summary>
   <fanart></fanart>
</item>




<item>
   <title>PANTHERS vs STEELERS 11/8/18</title>
   <link>https://ok.ru/video/1269803453105</link>
   <thumbnail></thumbnail>
   <summary>Big Ben Throws for 5 TD's</summary>
   <fanart></fanart>
</item>





<item>
   <title>TITANS VS COWBOYS 11/5/18</title>
   <link>https://ok.ru/video/1267012274865</link>
   <thumbnail></thumbnail>
   <summary> Monday night football Titans shocked the cowboys at home</summary>
   <fanart></fanart>
</item>





<item>
   <title>49ERS VS RAIDERS 11//18</title>
   <link>https://ok.ru/video/1261150341809</link>
   <thumbnail></thumbnail>
   <summary>49ERS crusie to an easy W vs the Raiders</summary>
   <fanart></fanart>
</item>

<item>
   <title>LIONS VS VIKINGS 11/4/18</title>
   <link>https://ok.ru/video/1266278992561</link>
   <thumbnail></thumbnail>
   <summary>no Diggs no problem for the Vikings</summary>
   <fanart></fanart>
</item>

<item>
   <title>STEELERS VS RAVENS 11/4/18</title>
   <link>https://ok.ru/video/1265817946801</link>
   <thumbnail></thumbnail>
   <summary>Division rivals battle</summary>
   <fanart></fanart>
</item>

<item>
   <title>FALCONS VS REDSKINS 11/4/18</title>
   <link>https://ok.ru/video/1265827383985</link>
   <thumbnail></thumbnail>
   <summary>Ryan pulls off a stellar performance</summary>
   <fanart></fanart>
</item>

<item>
   <title>CHIEFS VS BROWNS 11/4/18</title>
   <link>https://ok.ru/video/1265832757937</link>
   <thumbnail></thumbnail>
   <summary>Mayfield vs Mahomes</summary>
   <fanart></fanart>
</item>

<item>
   <title>JETS VS DOLPHINS 11/4/18</title>
   <link>https://ok.ru/video/1265837542065</link>
   <thumbnail></thumbnail>
   <summary>Division rivals square off</summary>
   <fanart></fanart>
</item>


<item>
   <title>BEARS VS BILLS 11/4/18</title>
   <link>https://ok.ru/video/1265842064049</link>
   <thumbnail></thumbnail>
   <summary>Bears clash it out with the Bills</summary>
   <fanart></fanart>
</item>

<item>
   <title>BUCS VS PANTHERS 11/4/18</title>
   <link>https://ok.ru/video/1265851959985</link>
   <thumbnail></thumbnail>
   <summary>A Shootout in carolina</summary>
   <fanart></fanart>
</item>

<item>
   <title>PACKERS VS PATRIOTS 11/4/18</title>
   <link>https://ok.ru/video/1266215553713</link>
   <thumbnail></thumbnail>
   <summary>Brady vs Rodgers</summary>
   <fanart></fanart>
</item>

<item>
   <title>RAMS VS SAINTS 11/4/18</title>
   <link>https://ok.ru/video/1266226301617</link>
   <thumbnail></thumbnail>
   <summary>Game of the week, Goff vs the Saints</summary>
   <fanart></fanart>
</item>

<item>
   <title>TEXANS VS BRONCOS 11/4/18</title>
   <link>https://ok.ru/video/1266273159857</link>
   <thumbnail></thumbnail>
   <summary>D.Thomas first game back since being traded</summary>
   <fanart></fanart>
</item>

<item>
   <title>SEAHAWKS VS CHARGERS 11/4/18</title>
   <link>https://ok.ru/video/1266278599345</link>
   <thumbnail></thumbnail>
   <summary></summary>
   <fanart></fanart>
</item>



<item>
   <title>BILLS VS PATRIOTS 10/29/18</title>
   <link>https://ok.ru/video/1254399871665</link>
   <thumbnail></thumbnail>
   <summary>Watch Brady take on division rivals</summary>
   <fanart></fanart>
</item>

<item>
   <title>COLTS VS RAIDERS 10/28/18</title>
   <link>https://ok.ru/video/1253518215857</link>
   <thumbnail></thumbnail>
   <summary>Colts shock the raiders at home</summary>
   <fanart></fanart>
</item>

<item>
   <title>CARDINALS VS 49ERS 10/28/18</title>
   <link>https://ok.ru/video/1253481908913</link>
   <thumbnail></thumbnail>
   <summary></summary>
   <fanart></fanart>
</item>

<item>
   <title>RAMS VS PACKERS 10/28/18</title>
   <link>https://ok.ru/video/1253406345905</link>
   <thumbnail></thumbnail>
   <summary>Goff vs Rodgers</summary>
   <fanart></fanart>
</item>

<item>
   <title>SAINTS VS VIKINGS 10/28/18</title>
   <link>https://ok.ru/video/1253397957297</link>
   <thumbnail></thumbnail>
   <summary>Saints win on the road in a great matchup vs the Vikings</summary>
   <fanart></fanart>
</item>




<item>
   <title>BRONCOS VS CHIEFS 10/28/18</title>
   <link>https://ok.ru/video/1253144988337</link>
   <thumbnail></thumbnail>
   <summary>Mahomes throws for 4td's vs the broncos</summary>
   <fanart></fanart>
</item>

<item>
   <title>BENGALS VS BUCCANEERS 10/28/18</title>
   <link>https://ok.ru/video/1253142301361</link>
   <thumbnail></thumbnail>
   <summary>Bengals D steps up </summary>
   <fanart></fanart>
</item>

<item>
   <title>GIANTS VS REDSKINS 10/28/18</title>
   <link>https://ok.ru/video/1253090069169</link>
   <thumbnail></thumbnail>
   <summary>Peterson shows the Giants he still has game</summary>
   <fanart></fanart>
</item>


<item>
   <title>BROWNS VS STEELERS 10/28/18</title>
   <link>https://ok.ru/video/1253069294257</link>
   <thumbnail></thumbnail>
   <summary>James Connor puts a show for the home team </summary>
   <fanart></fanart>
</item>


<item>
   <title>BEARS VS JETS 10/28/18</title>
   <link>https://ok.ru/video/1253035543217</link>
   <thumbnail></thumbnail>
   <summary>Trubisky throws for 2td's to beat the jets</summary>
   <fanart></fanart>
</item>

<item>
   <title>SEAHAWKS VS LIONS 10/28/18</title>
   <link>https://ok.ru/video/1253035477681</link>
   <thumbnail></thumbnail>
   <summary>Wilson helps the Seahawks get pass the Lions </summary>
   <fanart></fanart>
</item>

<item>
   <title>RAVENS VS PANTHERS 10/28/18</title>
   <link>https://ok.ru/video/1253035412145</link>
   <thumbnail></thumbnail>
   <summary>Newton scores 3td's as Panthers defeat the Ravens</summary>
   <fanart></fanart>
</item>

<item>
   <title>EAGLES VS JAGUARS 10/28/18</title>
   <link>https://ok.ru/video/1252869212849</link>
   <thumbnail></thumbnail>
   <summary>Eagles come out strong in the London game </summary>
   <fanart></fanart>
</item>



<item>
   <title>DOLPHINS VS TEXANS 10/25/18</title>
   <link>https://ok.ru/video/1250282375857</link>
   <thumbnail></thumbnail>
   <summary>Watson throws for 5 td's passes to cruise over the dolphins</summary>
   <fanart></fanart>
</item>


<item>
   <title>GIANTS VS FALCONS 10/22/18</title>
   <link>https://ok.ru/video/1247130225329</link>
   <thumbnail></thumbnail>
   <fanart></fanart>
</item>


<item>
   <title>SAINTS VS RAVENS 10/21/18</title>
   <link>https://ok.ru/video/1245279947441</link>
   <thumbnail></thumbnail>
   <fanart></fanart>
</item>

<item>
   <title>RAMS VS 49ERS 10/21/18</title>
   <link>https://ok.ru/video/1245233416881</link>
   <thumbnail></thumbnail>
   <fanart></fanart>
</item>

<item>
   <title>COWBOYS VS REDSKINS 10/21/18</title>
   <link>https://ok.ru/video/1245214411441</link>
   <thumbnail></thumbnail>
   <fanart></fanart>
</item>

<item>
   <title>BENGALS VS CHIEFS 10/21/18</title>
   <link>https://ok.ru/video/1245214214833</link>
   <thumbnail></thumbnail>
   <fanart></fanart>
</item>

<item>
   <title>VIKINGS VS JETS 10/21/18</title>
   <link>https://ok.ru/video/1244797471409</link>
   <thumbnail></thumbnail>
   <fanart></fanart>
</item>

<item>
   <title>BROWNS VS BUCS 10/21/18</title>
   <link>https://ok.ru/video/1244776172209</link>
   <thumbnail></thumbnail>
   <fanart></fanart>
</item>

<item>
   <title>LIONS VS DOLPHINS 10/21/18</title>
   <link>https://ok.ru/video/1244575042225</link>
   <thumbnail></thumbnail>
   <fanart></fanart>
</item>

<item>
   <title>PATRIOTS VS BEARS 10/21/18</title>
   <link>https://ok.ru/video/1244504853169</link>
   <thumbnail></thumbnail>
   <fanart></fanart>
</item>

<item>
   <title>PANTHERS VS EAGLES 10/21/18</title>
   <link>https://ok.ru/video/1244498102961</link>
   <thumbnail></thumbnail>
   <fanart></fanart>
</item>

<item>
   <title>BILLS VS COLTS 10/21/18</title>
   <link>https://ok.ru/video/1244495153841</link>
   <thumbnail></thumbnail>
   <fanart></fanart>
</item>

<item>
   <title>TEXANS VS JAGUARS 10/21/18</title>
   <link>https://ok.ru/video/1244482046641</link>
   <thumbnail></thumbnail>
   <fanart></fanart>
</item>

<item>
   <title>TITANS VS CHARGERS- LONDON GAME 10/21/18</title>
   <link>https://ok.ru/video/1244365851313</link>
   <thumbnail></thumbnail>
   <fanart></fanart>
</item>

