 <dir>
<title>30 For 30</title>
<tmdb>list/105676</tmdb>
<thumbnail>https://image.tmdb.org/t/p/w600_and_h900_bestv2/rMurVpyEy9gAlphnpEHiLvnZB8s.jpg</thumbnail>
</dir>


<plugin>
<title>NFL Vault</title>
<link>plugin://plugin.video.youtube/playlist/PLfOOWILEC6-LqhcO3KIEFXNQEhdi6IAdg/</link>
<thumbnail>http://magnetic.website/Mad%20Titan/icon.png</thumbnail>
</plugin>

<dir>
<name>NFL Network</name>
<link>plugin://plugin.video.youtube/channel/UC_1H9v258pXiyLDaW0R5exw/</link>
<thumbnail>https://yt3.ggpht.com/a-/AN66SAyCbzoFbeMcxCfPItIrlBDY6lxO_9gYb7xR3A=s288-mo-c-c0xffffffff-rj-k-no</thumbnail>
<fanart></fanart>
</dir>

<plugin>
<title>NFL 360</title>
<link>plugin://plugin.video.youtube/playlist/PLtJu4K14fcee4POCnPIoAGTg5zKJZcTeC/</link>
<thumbnail>http://magnetic.website/Mad%20Titan/icon.png</thumbnail>
</plugin>


<plugin>
<title>Top 10 | Full Shows | NFL Films</title>
<link>plugin://plugin.video.youtube/playlist/PL1SLMQpQrIiywcZIOeM4oB0pq3fekH11d/</link>
<thumbnail>http://magnetic.website/Mad%20Titan/icon.png</thumbnail>
</plugin>

<plugin>
<title>The TimeLine</title>
<link>plugin://plugin.video.youtube/playlist/PL1SLMQpQrIixT8AmLJ1WFxJeouD2gu7ZO/</link>
<thumbnail>http://magnetic.website/Mad%20Titan/icon.png</thumbnail>
</plugin>

<plugin>
<title>NFL Flashback Highlights</title>
<link>plugin://plugin.video.youtube/playlist/PLKhI8KBN41ipmRBYf7gzShmM_TupDm-Ti/</link>
<thumbnail>http://magnetic.website/Mad%20Titan/icon.png</thumbnail>
</plugin>

<plugin>
<title>Top 10 Patriots of All Time</title>
<link>plugin://plugin.video.youtube/playlist/PL1SLMQpQrIix0cvJqFTRFWpGkkM42I-ZT/</link>
<thumbnail>http://magnetic.website/Mad%20Titan/icon.png</thumbnail>
</plugin>

<plugin>
<title>Top 10 Wide Receivers of the 2000s</title>
<link>plugin://plugin.video.youtube/playlist/PL1SLMQpQrIiyYrhh2tUCJMF8QoSUXi5It/</link>
<thumbnail>http://magnetic.website/Mad%20Titan/icon.png</thumbnail>
</plugin>


<plugin>
<title>Top 10 Playoff Performances of All Time </title>
<link>plugin://plugin.video.youtube/playlist/PL1SLMQpQrIiyNhWECxUTlj5Ua_RFbGFVo/</link>
<thumbnail>http://magnetic.website/Mad%20Titan/icon.png</thumbnail>


<plugin>
<title>Top 10 Clutch Quarterbacks of All Time</title>
<link>plugin://plugin.video.youtube/playlist/PL1SLMQpQrIix73UbcOgIu9uYgNAavX-dN/</link>
<thumbnail>http://magnetic.website/Mad%20Titan/icon.png</thumbnail>
</plugin>



<plugin>
<title>Top 10 Worse Plays</title>
<link>plugin://plugin.video.youtube/playlist/PL1SLMQpQrIizehUGJycz_Bg19P2ui87sm/</link>
<thumbnail>http://magnetic.website/Mad%20Titan/icon.png</thumbnail>
</plugin>

<plugin>
<title>Top 10 Upsets of All Time</title>
<link>plugin://plugin.video.youtube/playlist/PL1SLMQpQrIiww6h9u5Guae-MxOnq1knqB/</link>
<thumbnail></thumbnail>
</plugin>

<plugin>
<title>Top Fastest Players</title>
<link>plugin://plugin.video.youtube/playlist/PL1SLMQpQrIiwVaNSzNsgVBVB3OZjixUUh/</link>
<thumbnail>http://magnetic.website/Mad%20Titan/icon.png</thumbnail>
</plugin>

<plugin>
<title>Top Fastest Players</title>
<link>plugin://plugin.video.youtube/playlist/PL1SLMQpQrIiwVaNSzNsgVBVB3OZjixUUh/</link>
<thumbnail>http://magnetic.website/Mad%20Titan/icon.png</thumbnail>
</plugin>

<plugin>
<title>Top 10 Quarterbacks of All Time</title>
<link>plugin://plugin.video.youtube/playlist/PL1SLMQpQrIix37HcLEIQAFyU1hmy9iCHl/</link>
<thumbnail>http://magnetic.website/Mad%20Titan/icon.png</thumbnail>
</plugin>

<plugin>
<title>A Football Life</title>
<link>plugin://plugin.video.youtube/playlist/PLUUkbBPQxnKWYhKAHM0Z6W0ZyRvzNOqD0/</link>
<thumbnail>http://magnetic.website/Mad%20Titan/icon.png</thumbnail>
</plugin>






