
<item>
<title>GAME 6: Boston Bruins vs St. Louis Blues – Jun 09, 2019</title>
<link>https://ok.ru/video/1053338176036</link>
<thumbnail>http://magnetic.website/Mad%20Titan/icon.png</thumbnail>
<summary></summary>
<fanart></fanart>
</item>

<item>
<title>GAME 5: Boston Bruins vs St. Louis Blues – Jun 06, 2019</title>
<link>https://ok.ru/video/1051029342756</link>
<thumbnail>http://magnetic.website/Mad%20Titan/icon.png</thumbnail>
</item>

<item>
<title>GAME 4: St. Louis Blues vs Boston Bruins – Jun 03, 2019</title>
<link>https://ok.ru/video/1048707467812</link>
<thumbnail>http://magnetic.website/Mad%20Titan/icon.png</thumbnail>
</item>

<item>
<title>GAME 3: St. Louis Blues vs Boston Bruins – Jun 01, 2019</title>
<link>https://ok.ru/video/1047185787428</link>
<thumbnail>http://magnetic.website/Mad%20Titan/icon.png</thumbnail>
</item>



<item>
<title>GAME 2: Boston Bruins vs St. Louis Blues – May 29, 2019</title>
<link>https://ok.ru/video/1044530334244</link>
<thumbnail>http://magnetic.website/Mad%20Titan/icon.png</thumbnail>
</item>





<item>
<title>GAME 1: Boston Bruins vs St. Louis Blues – May 27, 2019</title>
<link>https://ok.ru/video/1043051907620</link>
<thumbnail>http://magnetic.website/Mad%20Titan/icon.png</thumbnail>
</item>


<item>
<title>St. Louis Blues vs San Jose Sharks – May 21, 2019</title>
<link>https://ok.ru/video/1038421723684</link>
<thumbnail>http://magnetic.website/Mad%20Titan/icon.png</thumbnail>
</item>



<item>
<title>San Jose Sharks vs St. Louis Blues – May 19, 2019</title>
<link>https://ok.ru/video/1036790925860</link>
<thumbnail>http://magnetic.website/Mad%20Titan/icon.png</thumbnail>
</item>


<item>
<title>St. Louis Blues vs San Jose Sharks – May 17, 2019</title>
<link>https://ok.ru/video/1035166222884</link>
<thumbnail>http://magnetic.website/Mad%20Titan/icon.png</thumbnail>
</item>

<item>
<title>Carolina Hurricanes vs Boston Bruins – May 16, 2019</title>
<link>https://ok.ru/video/1034432416292</link>
<thumbnail>http://magnetic.website/Mad%20Titan/icon.png</thumbnail>
</item>

<item>
<title>St. Louis Blues vs San Jose Sharks – May 15, 2019</title>
<link>https://ok.ru/video/1033677965860</link>
<thumbnail>http://magnetic.website/Mad%20Titan/icon.png</thumbnail>
</item>



<item>
<title>Toronto Maple Leafs vs New York Islanders – Feb 28, 2019</title>
<link>https://ok.ru/video/1530780977841</link>
<thumbnail>http://magnetic.website/Mad%20Titan/icon.png</thumbnail>
<summary></summary>
<fanart></fanart>
</item>

<item>
<title>Los Angeles Kings vs Dallas Stars – Feb 28, 2019</title>
<link>https://ok.ru/video/1530778815153</link>
<thumbnail>http://magnetic.website/Mad%20Titan/icon.png</thumbnail>
<summary></summary>
<fanart></fanart>
</item>

<item>
<title>Philadelphia Flyers vs Columbus Blue Jackets – Feb 28, 2019</title>
<link>https://ok.ru/video/1530775079601</link>
<thumbnail>http://magnetic.website/Mad%20Titan/icon.png</thumbnail>
<summary></summary>
<fanart></fanart>
</item>

<item>
<title>Ottawa Senators vs Edmonton Oilers – Feb 28, 2019</title>
<link>https://ok.ru/video/1530773506737</link>
<thumbnail>http://magnetic.website/Mad%20Titan/icon.png</thumbnail>
<summary></summary>
<fanart></fanart>
</item>

<item>
<title>Tampa Bay Lightning vs Boston Bruins – Feb 28, 2019</title>
<link>https://ok.ru/video/1530772392625</link>
<thumbnail>http://magnetic.website/Mad%20Titan/icon.png</thumbnail>
<summary></summary>
<fanart></fanart>
</item>

<item>
<title>Chicago Blackhawks vs Anaheim Ducks – Feb 27, 2019</title>
<link>https://ok.ru/video/1529393253041</link>
<thumbnail>http://magnetic.website/Mad%20Titan/icon.png</thumbnail>
<summary></summary>
<fanart></fanart>
</item>

<item>
<title>Edmonton Oilers vs Toronto Maple Leafs – Feb 27, 2019</title>
<link>https://ok.ru/video/1529386699441</link>
<thumbnail>http://magnetic.website/Mad%20Titan/icon.png</thumbnail>
<summary></summary>
<fanart></fanart>
</item>

<item>
<title>Vancouver Canucks vs Colorado Avalanche – Feb 27, 2019</title>
<link>https://ok.ru/video/1529386633905</link>
<thumbnail>http://magnetic.website/Mad%20Titan/icon.png</thumbnail>
<summary></summary>
<fanart></fanart>
</item>

<item>
<title>New Jersey Devils vs Calgary Flames – Feb 27, 2019</title>
<link>https://ok.ru/video/1529383029425</link>
<thumbnail>http://magnetic.website/Mad%20Titan/icon.png</thumbnail>
<summary></summary>
<fanart></fanart>
</item>

<item>
<title>New York Rangers vs Tampa Bay Lightning – Feb 27, 2019</title>
<link>https://ok.ru/video/1529371298481</link>
<thumbnail>http://magnetic.website/Mad%20Titan/icon.png</thumbnail>
<summary></summary>
<fanart></fanart>
</item>



<item>
<title>Buffalo Sabres vs Philadelphia Flyers – Feb 26, 2019</title>
<link>https://ok.ru/video/1528386226865</link>
<thumbnail>http://magnetic.website/Mad%20Titan/icon.png</thumbnail>
<summary></summary>
<fanart></fanart>
</item>




<item>
<title>Vancouver Canucks vs San Jose Sharks – Feb 16, 2019</title>
<link>https://ok.ru/video/1514963274417</link>
<thumbnail>http://magnetic.website/Mad%20Titan/icon.png</thumbnail>
<summary></summary>
<fanart></fanart>
</item>

<item>
<title>Ottawa Senators vs Winnipeg Jets – Feb 16, 2019</title>
<link>https://ok.ru/video/1514963339953</link>
<thumbnail>http://magnetic.website/Mad%20Titan/icon.png</thumbnail>
<summary></summary>
<fanart></fanart>
</item>


<item>
<title>Dallas Stars vs Carolina Hurricanes – Feb 16, 2019</title>
<link>https://ok.ru/video/1514963208881</link>
<thumbnail>http://magnetic.website/Mad%20Titan/icon.png</thumbnail>
<summary></summary>
<fanart></fanart>
</item>

<item>
<title>Boston Bruins vs Los Angeles Kings – Feb 16, 2019</title>
<link>https://ok.ru/video/1514922183345</link>
<thumbnail>http://magnetic.website/Mad%20Titan/icon.png</thumbnail>
<summary></summary>
<fanart></fanart>
</item>

<item>
<title>Toronto Maple Leafs vs Arizona Coyotes – Feb 16, 2019</title>
<link>https://ok.ru/video/1514919889585</link>
<thumbnail>http://magnetic.website/Mad%20Titan/icon.png</thumbnail>
<summary></summary>
<fanart></fanart>
</item>

<item>
<title>Montreal Canadiens vs Tampa Bay Lightning – Feb 16, 2019</title>
<link>https://ok.ru/video/1514913794737</link>
<thumbnail>http://magnetic.website/Mad%20Titan/icon.png</thumbnail>
<summary></summary>
<fanart></fanart>
</item>

<item>
<title>St. Louis Blues vs Colorado Avalanche – Feb 16, 2019</title>
<link>https://ok.ru/video/1514913860273</link>
<thumbnail>http://magnetic.website/Mad%20Titan/icon.png</thumbnail>
<summary></summary>
<fanart></fanart>
</item>

<item>
<title>Edmonton Oilers vs New York Islanders – Feb 16, 2019</title>
<link>https://ok.ru/video/1514909797041</link>
<thumbnail>http://magnetic.website/Mad%20Titan/icon.png</thumbnail>
<summary></summary>
<fanart></fanart>
</item>

<item>
<title>Columbus Blue Jackets vs Chicago Blackhawks – Feb 16, 2019</title>
<link>https://ok.ru/video/1514894789297</link>
<thumbnail>http://magnetic.website/Mad%20Titan/icon.png</thumbnail>
<summary></summary>
<fanart></fanart>
</item>

<item>
<title>Philadelphia Flyers vs Detroit Red Wings – Feb 16, 2019</title>
<link>https://ok.ru/video/1514863004337</link>
<thumbnail>http://magnetic.website/Mad%20Titan/icon.png</thumbnail>
<summary></summary>
<fanart></fanart>
</item>

<item>
<title>Pittsburgh Penguins vs Calgary Flames – Feb 16, 2019</title>
<link>https://ok.ru/video/1514862938801</link>
<thumbnail>http://magnetic.website/Mad%20Titan/icon.png</thumbnail>
<summary></summary>
<fanart></fanart>
</item>

<item>
<title>New York Rangers vs Buffalo Sabres – Feb 15, 2019</title>
<link>https://ok.ru/video/1513953168049</link>
<thumbnail>http://magnetic.website/Mad%20Titan/icon.png</thumbnail>
<summary></summary>
<fanart></fanart>
</item>

<item>
<title>New Jersey Devils vs Minnesota Wild – Feb 15, 2019</title>
<link>https://ok.ru/video/1513951791793</link>
<thumbnail>http://magnetic.website/Mad%20Titan/icon.png</thumbnail>
<summary></summary>
<fanart></fanart>
</item>

<item>
<title>Boston Bruins vs Anaheim Ducks – Feb 15, 2019</title>
<link>https://ok.ru/video/1513947335345</link>
<thumbnail>http://magnetic.website/Mad%20Titan/icon.png</thumbnail>
<summary></summary>
<fanart></fanart>
</item>

<item>
<title>Vancouver Canucks vs Los Angeles Kings – Feb 14, 2019</title>
<link>https://ok.ru/video/1512953219761</link>
<thumbnail>http://magnetic.website/Mad%20Titan/icon.png</thumbnail>
<summary></summary>
<fanart></fanart>
</item>



<item>
<title>Anaheim Ducks vs Vancouver Canucks – Feb 13, 2019</title>
<link>https://ok.ru/video/1511862700721</link>
<thumbnail>http://magnetic.website/Mad%20Titan/icon.png</thumbnail>
<summary></summary>
<fanart></fanart>
</item>

<item>
<title>Pittsburgh Penguins vs Edmonton Oilers – Feb 13, 2019</title>
<link>https://ok.ru/video/1511851952817</link>
<thumbnail>http://magnetic.website/Mad%20Titan/icon.png</thumbnail>
<summary></summary>
<fanart></fanart>
</item>

<item>
<title>Toronto Maple Leafs vs Colorado Avalanche – Feb 12, 2019</title>
<link>https://ok.ru/video/1510651792049</link>
<thumbnail>http://magnetic.website/Mad%20Titan/icon.png</thumbnail>
<summary></summary>
<fanart></fanart>
</item>

<item>
<title>Washington Capitals vs Columbus Blue Jackets – Feb 12, 2019</title>
<link>https://ok.ru/video/1510641502897</link>
<thumbnail>http://magnetic.website/Mad%20Titan/icon.png</thumbnail>
<summary></summary>
<fanart></fanart>
</item>

<item>
<title>New Jersey Devils vs St. Louis Blues – Feb 12, 2019</title>
<link>https://ok.ru/video/1510639143601</link>
<thumbnail>http://magnetic.website/Mad%20Titan/icon.png</thumbnail>
<summary></summary>
<fanart></fanart>
</item>

<item>
<title>New York Islanders vs Buffalo Sabres – Feb 12, 2019</title>
<link>https://ok.ru/video/1510639012529</link>
<thumbnail>http://magnetic.website/Mad%20Titan/icon.png</thumbnail>
<summary></summary>
<fanart></fanart>
</item>

<item>
<title>Dallas Stars vs Florida Panthers – Feb 12, 2019</title>
<link>https://ok.ru/video/1510639078065</link>
<thumbnail>http://magnetic.website/Mad%20Titan/icon.png</thumbnail>
<summary></summary>
<fanart></fanart>
</item>

<item>
<title>Boston Bruins vs Chicago Blackhawks – Feb 12, 2019</title>
<link>https://ok.ru/video/1510619613873</link>
<thumbnail>http://magnetic.website/Mad%20Titan/icon.png</thumbnail>
<summary></summary>
<fanart></fanart>
</item>

<item>
<title>Tampa Bay Lightning vs Calgary Flames – Feb 12, 2019</title>
<link>https://ok.ru/video/1510612011697</link>
<thumbnail>http://magnetic.website/Mad%20Titan/icon.png</thumbnail>
<summary></summary>
<fanart></fanart>
</item>

<item>
<title>Washington Capitals vs Los Angeles Kings – Feb 11, 2019</title>
<link>https://ok.ru/video/1509642668721</link>
<thumbnail>http://magnetic.website/Mad%20Titan/icon.png</thumbnail>
<summary></summary>
<fanart></fanart>
</item>

<item>
<title>Philadelphia Flyers vs Pittsburgh Penguins – Feb 11, 2019</title>
<link>https://ok.ru/video/1509641095857</link>
<thumbnail>http://magnetic.website/Mad%20Titan/icon.png</thumbnail>
<summary></summary>
<fanart></fanart>
</item>

<item>
<title>Toronto Maple Leafs vs New York Rangers – Feb 10, 2019</title>
<link>https://ok.ru/video/1508721298097</link>
<thumbnail>http://magnetic.website/Mad%20Titan/icon.png</thumbnail>
<summary></summary>
<fanart></fanart>
</item>

<item>
<title>Chicago Blackhawks vs Detroit Red Wings – Feb 10, 2019</title>
<link>https://ok.ru/video/1508721232561</link>
<thumbnail>http://magnetic.website/Mad%20Titan/icon.png</thumbnail>
<summary></summary>
<fanart></fanart>
</item>

<item>
<title>Colorado Avalanche vs Boston Bruins – Feb 10, 2019</title>
<link>https://ok.ru/video/1508708059825</link>
<thumbnail>http://magnetic.website/Mad%20Titan/icon.png</thumbnail>
<summary></summary>
<fanart></fanart>
</item>

<item>
<title>Tampa Bay Lightning vs Florida Panthers – Feb 10, 2019</title>
<link>https://ok.ru/video/1508704455345</link>
<thumbnail>http://magnetic.website/Mad%20Titan/icon.png</thumbnail>
<summary></summary>
<fanart></fanart>
</item>

<item>
<title>Philadelphia Flyers vs Anaheim Ducks – Feb 09, 2019</title>
<link>https://ok.ru/video/1507358476977</link>
<thumbnail>http://magnetic.website/Mad%20Titan/icon.png</thumbnail>
<summary></summary>
<fanart></fanart>
</item>

<item>
<title>Boston Bruins vs Los Angeles Kings – Feb 09, 2019</title>
<link>https://ok.ru/video/1507358411441</link>
<thumbnail>http://magnetic.website/Mad%20Titan/icon.png</thumbnail>
<summary></summary>
<fanart></fanart>
</item>

<item>
<title>Carolina Hurricanes vs New York Rangers – Feb 08, 2019</title>
<link>https://ok.ru/video/1506736868017</link>
<thumbnail>http://magnetic.website/Mad%20Titan/icon.png</thumbnail>
<summary></summary>
<fanart></fanart>
</item>

<item>
<title>Vancouver Canucks vs Chicago Blackhawks – Feb 07, 2019</title>
<link>https://ok.ru/video/1505792297649</link>
<thumbnail>http://magnetic.website/Mad%20Titan/icon.png</thumbnail>
<summary></summary>
<fanart></fanart>
</item>


<item>
<title>Chicago Blackhawks vs Edmonton Oilers – Feb 05, 2019</title>
<link>https://ok.ru/video/1503968889521</link>
<thumbnail>http://magnetic.website/Mad%20Titan/icon.png</thumbnail>
<summary></summary>
<fanart></fanart>
</item>

<item>
<title>Los Angeles Kings vs New Jersey Devils – Feb 05, 2019</title>
<link>https://ok.ru/video/1502106290865</link>
<thumbnail>http://magnetic.website/Mad%20Titan/icon.png</thumbnail>
<summary></summary>
<fanart></fanart>
</item>

<item>
<title>Washington Capitals vs Vancouver Canucks – Feb 05, 2019</title>
<link>https://ok.ru/video/1502105701041</link>
<thumbnail>http://magnetic.website/Mad%20Titan/icon.png</thumbnail>
<summary></summary>
<fanart></fanart>
</item>

<item>
<title>Vegas Golden Knights vs Tampa Bay Lightning – Feb 05, 2019</title>
<link>https://ok.ru/video/1502105635505</link>
<thumbnail>http://magnetic.website/Mad%20Titan/icon.png</thumbnail>
<summary></summary>
<fanart></fanart>
</item>

<item>
<title>Pittsburgh Penguins vs Carolina Hurricanes – Feb 05, 2019</title>
<link>https://ok.ru/video/1502077127345</link>
<thumbnail>http://magnetic.website/Mad%20Titan/icon.png</thumbnail>
<summary></summary>
<fanart></fanart>
</item>




<item>
<title>Dallas Stars vs Buffalo Sabres – Jan 30, 2019</title>
<link>https://ok.ru/video/1491805604529</link>
<thumbnail>http://magnetic.website/Mad%20Titan/icon.png</thumbnail>
<summary></summary>
<fanart></fanart>
</item>

<item>
<title>Pittsburgh Penguins vs Tampa Bay Lightning – Jan 30, 2019</title>
<link>https://ok.ru/video/1491795839665</link>
<thumbnail>http://magnetic.website/Mad%20Titan/icon.png</thumbnail>
<summary></summary>
<fanart></fanart>
</item>

<item>
<title>Boston Bruins vs Winnipeg Jets – Jan 29, 2019</title>
<link>https://ok.ru/video/1490776361649</link>
<thumbnail>http://magnetic.website/Mad%20Titan/icon.png</thumbnail>
<summary></summary>
<fanart></fanart>
</item>

<item>
<title>New York Rangers vs Philadelphia Flyers – Jan 29, 2019</title>
<link>https://ok.ru/video/1490774395569</link>
<thumbnail>http://magnetic.website/Mad%20Titan/icon.png</thumbnail>
<summary></summary>
<fanart></fanart>
</item>

<item>
<title>Philadelphia Flyers vs Winnipeg Jets – Jan 28, 2019</title>
<link>https://ok.ru/video/1489880615601</link>
<thumbnail>http://magnetic.website/Mad%20Titan/icon.png</thumbnail>
<summary></summary>
<fanart></fanart>
</item>

<item>
<title>Pittsburgh Penguins vs New Jersey Devils – Jan 28, 2019</title>
<link>https://ok.ru/video/1489874913969</link>
<thumbnail>http://magnetic.website/Mad%20Titan/icon.png</thumbnail>
<summary></summary>
<fanart></fanart>
</item>



<item>
<title>NHL All Star Game – Jan 26, 2019</title>
<link>https://ok.ru/video/1474315422385</link>
<thumbnail>http://magnetic.website/Mad%20Titan/icon.png</thumbnail>
<summary></summary>
<fanart></fanart>
</item>

<item>
<title>Anaheim Ducks vs St. Louis Blues – Jan 23, 2019</title>
<link>https://ok.ru/video/1468504214193</link>
<thumbnail>http://magnetic.website/Mad%20Titan/icon.png</thumbnail>
<summary></summary>
<fanart></fanart>
</item>

<item>
<title>Minnesota Wild vs Colorado Avalanche – Jan 23, 2019</title>
<link>https://ok.ru/video/1468502706865</link>
<thumbnail>http://magnetic.website/Mad%20Titan/icon.png</thumbnail>
<summary></summary>
<fanart></fanart>
</item>

<item>
<title>Washington Capitals vs Toronto Maple Leafs – Jan 23, 2019</title>
<link>https://ok.ru/video/1468492548785</link>
<thumbnail>http://magnetic.website/Mad%20Titan/icon.png</thumbnail>
<summary></summary>
<fanart></fanart>
</item>

<item>
<title>Montreal Canadiens vs Arizona Coyotes – Jan 23, 2019</title>
<link>https://ok.ru/video/1468479769265</link>
<thumbnail>http://magnetic.website/Mad%20Titan/icon.png</thumbnail>
<summary></summary>
<fanart></fanart>
</item>

<item>
<title>Carolina Hurricanes vs Calgary Flames – Jan 22, 2019</title>
<link>https://ok.ru/video/1467645430449</link>
<thumbnail>http://magnetic.website/Mad%20Titan/icon.png</thumbnail>
<summary></summary>
<fanart></fanart>
</item>






<item>
<title>Chicago Blackhawks vs New York Islanders – Jan 03, 2019</title>
<link>https://ok.ru/video/1406148610737</link>
<thumbnail>http://magnetic.website/Mad%20Titan/icon.png</thumbnail>
<summary></summary>
<fanart></fanart>
</item>

<item>
<title>Calgary Flames vs Boston Bruins – Jan 03, 2019</title>
<link>https://ok.ru/video/1406148545201</link>
<thumbnail>http://magnetic.website/Mad%20Titan/icon.png</thumbnail>
<summary></summary>
<fanart></fanart>
</item>

<item>
<title>Toronto Maple Leafs vs Minnesota Wild – Jan 03, 2019</title>
<link>https://ok.ru/video/1406142319281</link>
<thumbnail>http://magnetic.website/Mad%20Titan/icon.png</thumbnail>
<summary></summary>
<fanart></fanart>
</item>

<item>
<title>Tampa Bay Lightning vs Los Angeles Kings – Jan 03, 2019</title>
<link>https://ok.ru/video/1406139108017</link>
<thumbnail>http://magnetic.website/Mad%20Titan/icon.png</thumbnail>
<summary></summary>
<fanart></fanart>
</item>

<item>
<title>Montreal Canadiens vs Vancouver Canucks – Jan 03, 2019</title>
<link>https://ok.ru/video/1406137666225</link>
<thumbnail>http://magnetic.website/Mad%20Titan/icon.png</thumbnail>
<summary></summary>
<fanart></fanart>
</item>

<item>
<title>Washington Capitals vs St. Louis Blues – Jan 03, 2019</title>
<link>https://ok.ru/video/1406135634609</link>
<thumbnail>http://magnetic.website/Mad%20Titan/icon.png</thumbnail>
<summary></summary>
<fanart></fanart>
</item>




<item>
<title>Vancouver Canucks vs Ottawa Senators – Jan 02, 2019</title>
<link>https://ok.ru/video/1404355611313</link>
<thumbnail>http://magnetic.website/Mad%20Titan/icon.png</thumbnail>
<summary></summary>
<fanart></fanart>
</item>


<item>
<title>Edmonton Oilers vs Arizona Coyotes – Jan 02, 2019</title>
<link>https://ok.ru/video/1404355545777</link>
<thumbnail>http://magnetic.website/Mad%20Titan/icon.png</thumbnail>
<summary></summary>
<fanart></fanart>
</item>

<item>
<title>Detroit Red Wings vs Calgary Flames – Jan 02, 2019</title>
<link>https://ok.ru/video/1404351744689</link>
<thumbnail>http://magnetic.website/Mad%20Titan/icon.png</thumbnail>
<summary></summary>
<fanart></fanart>
</item>

<item>
<title>Pittsburgh Penguins vs New York Rangers – Jan 02, 2019</title>
<link>https://ok.ru/video/1404349647537</link>
<thumbnail>http://magnetic.website/Mad%20Titan/icon.png</thumbnail>
<summary></summary>
<fanart></fanart>
</item>

<item>
<title>New Jersey Devils vs Dallas Stars – Jan 02, 2019</title>
<link>https://ok.ru/video/1404345846449</link>
<thumbnail>http://magnetic.website/Mad%20Titan/icon.png</thumbnail>
<summary></summary>
<fanart></fanart>
</item>

<item>
<title>San Jose Sharks vs Colorado Avalanche – Jan 02, 2019</title>
<link>https://ok.ru/video/1404343290545</link>
<thumbnail>http://magnetic.website/Mad%20Titan/icon.png</thumbnail>
<summary></summary>
<fanart></fanart>
</item>





<item>
<title>Philadelphia Flyers vs Nashville Predators – Jan 01, 2019</title>
<link>https://ok.ru/video/1399915350705</link>
<thumbnail>http://magnetic.website/Mad%20Titan/icon.png</thumbnail>
<summary></summary>
<fanart></fanart>
</item>

<item>
<title>Los Angeles Kings vs Vegas Golden Knights – Jan 01, 2019</title>
<link>https://ok.ru/video/1399486024369</link>
<thumbnail>http://magnetic.website/Mad%20Titan/icon.png</thumbnail>
<summary></summary>
<fanart></fanart>
</item>

<item>
<title>Chicago Blackhawks vs Boston Bruins – Jan 01, 2019</title>
<link>https://ok.ru/video/1399386016433</link>
<thumbnail>http://magnetic.website/Mad%20Titan/icon.png</thumbnail>
<summary></summary>
<fanart></fanart>
</item>



<item>
<title>Washington Capitals vs Nashville Predators – Dec 31, 2018</title>
<link>https://ok.ru/video/1397979876017</link>
<thumbnail>http://magnetic.website/Mad%20Titan/icon.png</thumbnail>
<summary></summary>
<fanart></fanart>
</item>


<item>
<title>New Jersey Devils vs Vancouver Canucks – Dec 31, 2018</title>
<link>https://ok.ru/video/1397964016305</link>
<thumbnail>http://magnetic.website/Mad%20Titan/icon.png</thumbnail>
<summary></summary>
<fanart></fanart>
</item>

<item>
<title>Calgary Flames vs Vancouver Canucks – Dec 29, 2018</title>
<link>https://ok.ru/video/1391715093169</link>
<thumbnail>http://magnetic.website/Mad%20Titan/icon.png</thumbnail>
<summary></summary>
<fanart></fanart>
</item>

<item>
<title>New Jersey Devils vs Carolina Hurricanes – Dec 29, 2018</title>
<link>https://ok.ru/video/1391714896561</link>
<thumbnail>http://magnetic.website/Mad%20Titan/icon.png</thumbnail>
<summary></summary>
<fanart></fanart>
</item>

<item>
<title>Florida Panthers vs Montreal Canadiens – Dec 28, 2018</title>
<link>https://ok.ru/video/1388145806001</link>
<thumbnail>http://magnetic.website/Mad%20Titan/icon.png</thumbnail>
<summary></summary>
<fanart></fanart>
</item>

<item>
<title>Columbus Blue Jackets vs Toronto Maple Leafs – Dec 28, 2018</title>
<link>https://ok.ru/video/1388138007217</link>
<thumbnail>http://magnetic.website/Mad%20Titan/icon.png</thumbnail>
<summary></summary>
<fanart></fanart>
</item>




<item>
<title>Montreal Canadiens vs Vegas Golden Knights – Dec 22, 2018</title>
<link>https://ok.ru/video/1359894022833</link>
<thumbnail>http://magnetic.website/Mad%20Titan/icon.png</thumbnail>
<summary></summary>
<fanart></fanart>
</item>

<item>
<title>Anaheim Ducks vs Buffalo Sabres – Dec 22, 2018</title>
<link>https://ok.ru/video/1359824030385</link>
<thumbnail>http://magnetic.website/Mad%20Titan/icon.png</thumbnail>
<summary></summary>
<fanart></fanart>
</item>

<item>
<title>Colorado Avalanche vs Arizona Coyotes – Dec 22, 2018</title>
<link>https://ok.ru/video/1359803714225</link>
<thumbnail>http://magnetic.website/Mad%20Titan/icon.png</thumbnail>
<summary></summary>
<fanart></fanart>
</item>

<item>
<title>Dallas Stars vs Minnesota Wild – Dec 22, 2018</title>
<link>https://ok.ru/video/1359803321009</link>
<thumbnail>http://magnetic.website/Mad%20Titan/icon.png</thumbnail>
<summary></summary>
<fanart></fanart>
</item>

<item>
<title>Winnipeg Jets vs Vancouver Canucks – Dec 22, 2018</title>
<link>https://ok.ru/video/1359803189937</link>
<thumbnail>http://magnetic.website/Mad%20Titan/icon.png</thumbnail>
<summary></summary>
<fanart></fanart>
</item>

<item>
<title>New York Rangers vs Toronto Maple Leafs – Dec 22, 2018</title>
<link>https://ok.ru/video/1359795325617</link>
<thumbnail>http://magnetic.website/Mad%20Titan/icon.png</thumbnail>
<summary></summary>
<fanart></fanart>
</item>

<item>
<title>Florida Panthers vs Detroit Red Wings – Dec 22, 2018</title>
<link>https://ok.ru/video/1359790017201</link>
<thumbnail>http://magnetic.website/Mad%20Titan/icon.png</thumbnail>
<summary></summary>
<fanart></fanart>
</item>

<item>
<title>Pittsburgh Penguins vs Carolina Hurricanes – Dec 22, 2018</title>
<link>https://ok.ru/video/1359783660209</link>
<thumbnail>http://magnetic.website/Mad%20Titan/icon.png</thumbnail>
<summary></summary>
<fanart></fanart>
</item>

<item>
<title>Los Angeles Kings vs San Jose Sharks – Dec 22, 2018</title>
<link>https://ok.ru/video/1359778286257</link>
<thumbnail>http://magnetic.website/Mad%20Titan/icon.png</thumbnail>
<summary></summary>
<fanart></fanart>
</item>

<item>
<title>St. Louis Blues vs Calgary Flames – Dec 22, 2018</title>
<link>https://ok.ru/video/1359778155185</link>
<thumbnail>http://magnetic.website/Mad%20Titan/icon.png</thumbnail>
<summary></summary>
<fanart></fanart>
</item>

<item>
<title>Tampa Bay Lightning vs Edmonton Oilers – Dec 22, 2018</title>
<link>https://ok.ru/video/1359772977841</link>
<thumbnail>http://magnetic.website/Mad%20Titan/icon.png</thumbnail>
<summary></summary>
<fanart></fanart>
</item>

<item>
<title>Washington Capitals vs Ottawa Senators – Dec 22, 2018</title>
<link>https://ok.ru/video/1359747812017</link>
<thumbnail>http://magnetic.website/Mad%20Titan/icon.png</thumbnail>
<summary></summary>
<fanart></fanart>
</item>

<item>
<title>Philadelphia Flyers vs Columbus Blue Jackets – Dec 22, 2018</title>
<link>https://ok.ru/video/1359273265841</link>
<thumbnail>http://magnetic.website/Mad%20Titan/icon.png</thumbnail>
<summary></summary>
<fanart></fanart>
</item>

<item>
<title>Boston Bruins vs Nashville Predators – Dec 22, 2018</title>
<link>https://ok.ru/video/1359273134769</link>
<thumbnail>http://magnetic.website/Mad%20Titan/icon.png</thumbnail>
<summary></summary>
<fanart></fanart>
</item>

<item>
<title>Ottawa Senators vs New Jersey Devils – Dec 21, 2018</title>
<link>https://ok.ru/video/1357795560113</link>
<thumbnail>http://magnetic.website/Mad%20Titan/icon.png</thumbnail>
<summary></summary>
<fanart></fanart>
</item>



<item>
<title>Florida Panthers vs Buffalo Sabres – Dec 18, 2018</title>
<link>https://ok.ru/video/1355059038897</link>
<thumbnail>http://magnetic.website/Mad%20Titan/icon.png</thumbnail>
<summary></summary>
<fanart></fanart>
</item>

<item>
<title>San Jose Sharks vs Minnesota Wild – Dec 18, 2018</title>
<link>https://ok.ru/video/1355058973361</link>
<thumbnail>http://magnetic.website/Mad%20Titan/icon.png</thumbnail>
<summary></summary>
<fanart></fanart>
</item>

<item>
<title>Anaheim Ducks vs New York Rangers – Dec 18, 2018</title>
<link>https://ok.ru/video/1355055106737</link>
<thumbnail>http://magnetic.website/Mad%20Titan/icon.png</thumbnail>
<summary></summary>
<fanart></fanart>
</item>

<item>
<title>Nashville Predators vs Chicago Blackhawks – Dec 18, 2018</title>
<link>https://ok.ru/video/1355055041201</link>
<thumbnail>http://magnetic.website/Mad%20Titan/icon.png</thumbnail>
<summary></summary>
<fanart></fanart>
</item>

<item>
<title>Detroit Red Wings vs Philadelphia Flyers – Dec 18, 2018</title>
<link>https://ok.ru/video/1355051174577</link>
<thumbnail>http://magnetic.website/Mad%20Titan/icon.png</thumbnail>
<summary></summary>
<fanart></fanart>
</item>

<item>
<title>New Jersey Devils vs Toronto Maple Leafs – Dec 18, 2018</title>
<link>https://ok.ru/video/1355046980273</link>
<thumbnail>http://magnetic.website/Mad%20Titan/icon.png</thumbnail>
<summary></summary>
<fanart></fanart>
</item>

<item>
<title>Vancouver Canucks vs Tampa Bay Lightning – Dec 18, 2018</title>
<link>https://ok.ru/video/1355033610929</link>
<thumbnail>http://magnetic.website/Mad%20Titan/icon.png</thumbnail>
<summary></summary>
<fanart></fanart>
</item>

<item>
<title>New York Islanders vs Colorado Avalanche – Dec 17, 2018</title>
<link>https://ok.ru/video/1353094793905</link>
<thumbnail>http://magnetic.website/Mad%20Titan/icon.png</thumbnail>
<summary></summary>
<fanart></fanart>
</item>


<item>
<title>Edmonton Oilers vs Calgary Flames – Dec 09, 2018</title>
<link>https://ok.ru/video/1344899975857</link>
<thumbnail>http://magnetic.website/Mad%20Titan/icon.png</thumbnail>
<summary></summary>
<fanart></fanart>
</item>

<item>
<title>Chicago Blackhawks vs Montreal Canadiens – Dec 09, 2018</title>
<link>https://ok.ru/video/1344913148593</link>
<thumbnail>http://magnetic.website/Mad%20Titan/icon.png</thumbnail>
<summary></summary>
<fanart></fanart>
</item>


<item>
<title>New York Rangers vs Florida Panthers – Dec 08, 2018</title>
<link>https://ok.ru/video/1342453189297</link>
<thumbnail>http://magnetic.website/Mad%20Titan/icon.png</thumbnail>
<summary></summary>
<fanart></fanart>
</item>

<item>
<title>New York Islanders vs Detroit Red Wings – Dec 08, 2018</title>
<link>https://ok.ru/video/1342419176113</link>
<thumbnail>http://magnetic.website/Mad%20Titan/icon.png</thumbnail>
<summary></summary>
<fanart></fanart>
</item>

<item>
<title>Boston Bruins vs Toronto Maple Leafs – Dec 08, 2018</title>
<link>https://ok.ru/video/1342395583153</link>
<thumbnail>http://magnetic.website/Mad%20Titan/icon.png</thumbnail>
<summary></summary>
<fanart></fanart>
</item>

<item>
<title>Pittsburgh Penguins vs Ottawa Senators – Dec 08, 2018</title>
<link>https://ok.ru/video/1342382541489</link>
<thumbnail>http://magnetic.website/Mad%20Titan/icon.png</thumbnail>
<summary></summary>
<fanart></fanart>
</item>

<item>
<title>Colorado Avalanche vs Tampa Bay Lightning – Dec 08, 2018</title>
<link>https://ok.ru/video/1342368123569</link>
<thumbnail>http://magnetic.website/Mad%20Titan/icon.png</thumbnail>
<summary></summary>
<fanart></fanart>
</item>

<item>
<title>Washington Capitals vs Columbus Blue Jackets – Dec 08, 2018</title>
<link>https://ok.ru/video/1342359407281</link>
<thumbnail>http://magnetic.website/Mad%20Titan/icon.png</thumbnail>
<summary></summary>
<fanart></fanart>
</item>

<item>
<title>Buffalo Sabres vs Philadelphia Flyers – Dec 08, 2018</title>
<link>https://ok.ru/video/1341740616369</link>
<thumbnail>http://magnetic.website/Mad%20Titan/icon.png</thumbnail>
<summary></summary>
<fanart></fanart>
</item>


<item>
<title>Carolina Hurricanes vs Anaheim Ducks – Dec 07, 2018</title>
<link>https://ok.ru/video/1341242280625</link>
<thumbnail>http://magnetic.website/Mad%20Titan/icon.png</thumbnail>
<summary></summary>
<fanart></fanart>
</item>

<item>
<title>Minnesota Wild vs Edmonton Oilers – Dec 07, 2018</title>
<link>https://ok.ru/video/1341245950641</link>
<thumbnail>http://magnetic.website/Mad%20Titan/icon.png</thumbnail>
<summary></summary>
<fanart></fanart>
</item>

<item>
<title>Winnipeg Jets vs St. Louis Blues – Dec 07, 2018</title>
<link>https://ok.ru/video/1341247851185</link>
<thumbnail>http://magnetic.website/Mad%20Titan/icon.png</thumbnail>
<summary></summary>
<fanart></fanart>
</item>

<item>
<title>Dallas Stars vs San Jose Sharks – Dec 07, 2018</title>
<link>https://ok.ru/video/1341252569777</link>
<thumbnail>http://magnetic.website/Mad%20Titan/icon.png</thumbnail>
<summary></summary>
<fanart></fanart>
</item>



<item>
<title>Columbus Blue Jackets vs Philadelphia Flyers – Dec 06, 2018</title>
<link>https://ok.ru/video/1340302166705</link>
<thumbnail>http://magnetic.website/Mad%20Titan/icon.png</thumbnail>
<summary></summary>
<fanart></fanart>
</item>

<item>
<title>New York Islanders vs Pittsburgh Penguins – Dec 06, 2018</title>
<link>https://ok.ru/video/1340302101169</link>
<thumbnail>http://magnetic.website/Mad%20Titan/icon.png</thumbnail>
<summary></summary>
<fanart></fanart>
</item>

<item>
<title>Ottawa Senators vs Montreal Canadiens – Dec 06, 2018</title>
<link>https://ok.ru/video/1340297185969</link>
<thumbnail>http://magnetic.website/Mad%20Titan/icon.png</thumbnail>
<summary></summary>
<fanart></fanart>
</item>

<item>
<title>Washington Capitals vs Arizona Coyotes – Dec 06, 2018</title>
<link>https://ok.ru/video/1340297120433</link>
<thumbnail>http://magnetic.website/Mad%20Titan/icon.png</thumbnail>
<summary></summary>
<fanart></fanart>
</item>

<item>
<title>Toronto Maple Leafs vs Detroit Red Wings – Dec 06, 2018</title>
<link>https://ok.ru/video/1340280408753</link>
<thumbnail>http://magnetic.website/Mad%20Titan/icon.png</thumbnail>
<summary></summary>
<fanart></fanart>
</item>





<item>
<title>St. Louis Blues vs Edmonton Oilers – Dec 05, 2018</title>
<link>https://ok.ru/video/1339433355953</link>
<thumbnail>http://magnetic.website/Mad%20Titan/icon.png</thumbnail>
<summary></summary>
<fanart></fanart>
</item>

<item>
<title>Anaheim Ducks vs Chicago Blackhawks – Dec 05, 2018</title>
<link>https://ok.ru/video/1339419986609</link>
<thumbnail>http://magnetic.website/Mad%20Titan/icon.png</thumbnail>
<summary></summary>
<fanart></fanart>
</item>

<item>
<title>Pittsburgh Penguins vs Colorado Avalanche – Dec 04, 2018</title>
<link>https://ok.ru/video/1338540690097</link>
<thumbnail>http://magnetic.website/Mad%20Titan/icon.png</thumbnail>
<summary></summary>
<fanart></fanart>
</item>

<item>
<title>Tampa Bay Lightning vs Detroit Red Wings – Dec 04, 2018</title>
<link>https://ok.ru/video/1338540624561</link>
<thumbnail>http://magnetic.website/Mad%20Titan/icon.png</thumbnail>
<summary></summary>
<fanart></fanart>
</item>

<item>
<title>Anaheim Ducks vs Chicago Blackhawks – Dec 05, 2018</title>
<link>https://ok.ru/video/1339419986609</link>
<thumbnail>http://magnetic.website/Mad%20Titan/icon.png</thumbnail>
<summary></summary>
<fanart></fanart>
</item>







<item>
<title>Tampa Bay Lightning vs New Jersey Devils – Dec 03, 2018</title>
<link>https://ok.ru/video/1336922802865</link>
<thumbnail>http://magnetic.website/Mad%20Titan/icon.png</thumbnail>
<summary></summary>
<fanart></fanart>
</item>


<item>
<title>Anaheim Ducks vs Washington Capitals – Dec 02, 2018</title>
<link>https://ok.ru/video/1335660513969</link>
<thumbnail>http://magnetic.website/Mad%20Titan/icon.png</thumbnail>
<summary></summary>
<fanart></fanart>
</item>



<item>
<title>Philadelphia Flyers vs Pittsburgh Penguins – Dec 01, 2018</title>
<link>https://ok.ru/video/1334870149809</link>
<thumbnail>http://magnetic.website/Mad%20Titan/icon.png</thumbnail>
<summary></summary>
<fanart></fanart>
</item>

<item>
<title>Toronto Maple Leafs vs Minnesota Wild – Dec 01, 2018</title>
<link>https://ok.ru/video/1334866938545</link>
<thumbnail>http://magnetic.website/Mad%20Titan/icon.png</thumbnail>
<summary></summary>
<fanart></fanart>
</item>

<item>
<title>Tampa Bay Lightning vs Florida Panthers – Dec 01, 2018</title>
<link>https://ok.ru/video/1334892169905</link>
<thumbnail>http://magnetic.website/Mad%20Titan/icon.png</thumbnail>
<summary></summary>
<fanart></fanart>
</item>

<item>
<title>San Jose Sharks vs Ottawa Senators – Dec 01, 2018</title>
<link>https://ok.ru/video/1334870215345</link>
<thumbnail>http://magnetic.website/Mad%20Titan/icon.png</thumbnail>
<summary></summary>
<fanart></fanart>
</item>

<item>
<title>Columbus Blue Jackets vs New York Islanders – Dec 01, 2018</title>
<link>https://ok.ru/video/1334892104369</link>
<thumbnail>http://magnetic.website/Mad%20Titan/icon.png</thumbnail>
<summary></summary>
<fanart></fanart>
</item>

<item>
<title>Dallas Stars vs Vancouver Canucks – Dec 01, 2018</title>
<link>https://ok.ru/video/1334888172209</link>
<thumbnail>http://magnetic.website/Mad%20Titan/icon.png</thumbnail>
<summary></summary>
<fanart></fanart>
</item>




<item>
<title>Buffalo Sabres vs Florida Panthers – Nov 30, 2018</title>
<link>https://ok.ru/video/1333408238257</link>
<thumbnail>http://magnetic.website/Mad%20Titan/icon.png</thumbnail>
<summary></summary>
<fanart></fanart>
</item>

<item>
<title>Anaheim Ducks vs Carolina Hurricanes – Nov 30, 2018</title>
<link>https://ok.ru/video/1333404568241</link>
<thumbnail>http://magnetic.website/Mad%20Titan/icon.png</thumbnail>
<summary></summary>
<fanart></fanart>
</item>

<item>
<title>Los Angeles Kings vs Calgary Flames – Nov 30, 2018</title>
<link>https://ok.ru/video/1333402929841</link>
<thumbnail>http://magnetic.website/Mad%20Titan/icon.png</thumbnail>
<summary></summary>
<fanart></fanart>
</item>

<item>
<title>St. Louis Blues vs Colorado Avalanche – Nov 30, 2018</title>
<link>https://ok.ru/video/1333392444081</link>
<thumbnail>http://magnetic.website/Mad%20Titan/icon.png</thumbnail>
<summary></summary>
<fanart></fanart>
</item>

<item>
<title>New Jersey Devils vs Washington Capitals – Nov 30, 2018</title>
<link>https://ok.ru/video/1333386087089</link>
<thumbnail>http://magnetic.website/Mad%20Titan/icon.png</thumbnail>
<summary></summary>
<fanart></fanart>
</item>




<item>
<title>New York Rangers vs Ottawa Senators – Nov 29, 2018</title>
<link>https://ok.ru/video/1331723438769</link>
<thumbnail>http://magnetic.website/Mad%20Titan/icon.png</thumbnail>
<summary></summary>
<fanart></fanart>
</item>

<item>
<title>Chicago Blackhawks vs Winnipeg Jets – Nov 29, 2018</title>
<link>https://ok.ru/video/1331713018545</link>
<thumbnail>http://magnetic.website/Mad%20Titan/icon.png</thumbnail>
<summary></summary>
<fanart></fanart>
</item>

<item>
<title>Minnesota Wild vs Columbus Blue Jackets – Nov 29, 2018</title>
<link>https://ok.ru/video/1331710790321</link>
<thumbnail>http://magnetic.website/Mad%20Titan/icon.png</thumbnail>
<summary></summary>
<fanart></fanart>
</item>

<item>
<title>Buffalo Sabres vs Tampa Bay Lightning – Nov 29, 2018</title>
<link>https://ok.ru/video/1331705350833</link>
<thumbnail>http://magnetic.website/Mad%20Titan/icon.png</thumbnail>
<summary></summary>
<fanart></fanart>
</item>



<item>
<title>Dallas Stars vs Edmonton Oilers – Nov 27, 2018</title>
<link>https://ok.ru/video/1327346289329</link>
<thumbnail>http://magnetic.website/Mad%20Titan/icon.png</thumbnail>
<summary></summary>
<fanart></fanart>
</item>

<item>
<title>Carolina Hurricanes vs Montreal Canadiens – Nov 27, 2018</title>
<link>https://ok.ru/video/1327342750385</link>
<thumbnail>http://magnetic.website/Mad%20Titan/icon.png</thumbnail>
<summary></summary>
<fanart></fanart>
</item>

<item>
<title>Vegas Golden Knights vs Chicago Blackhawks – Nov 27, 2018</title>
<link>https://ok.ru/video/1327333968561</link>
<thumbnail>http://magnetic.website/Mad%20Titan/icon.png</thumbnail>
<summary></summary>
<fanart></fanart>
</item>

<item>
<title>San Jose Sharks vs Buffalo Sabres – Nov 27, 2018</title>
<link>https://ok.ru/video/1327333903025</link>
<thumbnail>http://magnetic.website/Mad%20Titan/icon.png</thumbnail>
<summary></summary>
<fanart></fanart>
</item>

<item>
<title>Ottawa Senators vs Philadelphia Flyers – Nov 27, 2018</title>
<link>https://ok.ru/video/1327324007089</link>
<thumbnail>http://magnetic.website/Mad%20Titan/icon.png</thumbnail>
<summary></summary>
<fanart></fanart>
</item>

<item>
<title>Pittsburgh Penguins vs Winnipeg Jets – Nov 27, 2018</title>
<link>https://ok.ru/video/1327318370993</link>
<thumbnail>http://magnetic.website/Mad%20Titan/icon.png</thumbnail>
<summary></summary>
<fanart></fanart>
</item>

<item>
<title>Anaheim Ducks vs Tampa Bay Lightning – Nov 27, 2018</title>
<link>https://ok.ru/video/1327317519025</link>
<thumbnail>http://magnetic.website/Mad%20Titan/icon.png</thumbnail>
<summary></summary>
<fanart></fanart>
</item>

<item>
<title>New Jersey Devils vs Florida Panthers – Nov 26, 2018</title>
<link>https://ok.ru/video/1326525254321</link>
<thumbnail>http://magnetic.website/Mad%20Titan/icon.png</thumbnail>
<summary></summary>
<fanart></fanart>
</item>

<item>
<title>Columbus Blue Jackets vs Detroit Red Wings – Nov 26, 2018</title>
<link>https://ok.ru/video/1326525123249</link>
<thumbnail>http://magnetic.website/Mad%20Titan/icon.png</thumbnail>
<summary></summary>
<fanart></fanart>
</item>

<item>
<title>New York Rangers vs Ottawa Senators – Nov 26, 2018</title>
<link>https://ok.ru/video/1326516734641</link>
<thumbnail>http://magnetic.website/Mad%20Titan/icon.png</thumbnail>
<summary></summary>
<fanart></fanart>
</item>

<item>
<title>Washington Capitals vs New York Islanders – Nov 26, 2018</title>
<link>https://ok.ru/video/1326516669105</link>
<thumbnail>http://magnetic.website/Mad%20Titan/icon.png</thumbnail>
<summary></summary>
<fanart></fanart>
</item>

<item>
<title>Toronto Maple Leafs vs Boston Bruins – Nov 26, 2018</title>
<link>https://ok.ru/video/1326504807089</link>
<thumbnail>http://magnetic.website/Mad%20Titan/icon.png</thumbnail>
<summary></summary>
<fanart></fanart>
</item>



<item>
<title>New Jersey Devils vs Tampa Bay Lightning – Nov 25, 2018</title>
<link>https://ok.ru/video/1324928404145</link>
<thumbnail>http://magnetic.website/Mad%20Titan/icon.png</thumbnail>
<summary></summary>
<fanart></fanart>
</item>



<item>
<title>Anaheim Ducks vs Nashville Predators – Nov 25, 2018</title>
<link>https://ok.ru/video/1324928338609</link>
<thumbnail>http://magnetic.website/Mad%20Titan/icon.png</thumbnail>
<summary></summary>
<fanart></fanart>
</item>

<item>
<title>Arizona Coyotes vs Calgary Flames – Nov 25, 2018</title>
<link>https://ok.ru/video/1324925913777</link>
<thumbnail>http://magnetic.website/Mad%20Titan/icon.png</thumbnail>
<summary></summary>
<fanart></fanart>
</item>

<item>
<title>Los Angeles Kings vs Edmonton Oilers – Nov 25, 2018</title>
<link>https://ok.ru/video/1324924013233</link>
<thumbnail>http://magnetic.website/Mad%20Titan/icon.png</thumbnail>
<summary></summary>
<fanart></fanart>
</item>

<item>
<title>San Jose Sharks vs Vegas Golden Knights – Nov 24, 2018</title>
<link>https://ok.ru/video/1324098325169</link>
<thumbnail>http://magnetic.website/Mad%20Titan/icon.png</thumbnail>
<summary></summary>
<fanart></fanart>
</item>

<item>
<title>Montreal Canadiens vs Boston Bruins – Nov 24, 2018</title>
<link>https://ok.ru/video/1324072700593</link>
<thumbnail>http://magnetic.website/Mad%20Titan/icon.png</thumbnail>
<summary></summary>
<fanart></fanart>
</item>

<item>
<title>Chicago Blackhawks vs Florida Panthers – Nov 24, 2018</title>
<link>https://ok.ru/video/1324072438449</link>
<thumbnail>http://magnetic.website/Mad%20Titan/icon.png</thumbnail>
<summary></summary>
<fanart></fanart>
</item>

<item>
<title>Buffalo Sabres vs Detroit Red Wings – Nov 24, 2018</title>
<link>https://ok.ru/video/1324072372913</link>
<thumbnail>http://magnetic.website/Mad%20Titan/icon.png</thumbnail>
<summary></summary>
<fanart></fanart>
</item>

<item>
<title>Dallas Stars vs Colorado Avalanche – Nov 24, 2018</title>
<link>https://ok.ru/video/1324065557169</link>
<thumbnail></thumbnail>
<summary></summary>
<fanart></fanart>
</item>

<item>
<title>Winnipeg Jets vs St. Louis Blues – Nov 24, 2018</title>
<link>https://ok.ru/video/1324055923377</link>
<thumbnail></thumbnail>
<summary></summary>
<fanart></fanart>
</item>

<item>
<title>Philadelphia Flyers vs Toronto Maple Leafs – Nov 24, 2018</title>
<link>https://ok.ru/video/1324051139249</link>
<thumbnail></thumbnail>
<summary></summary>
<fanart></fanart>
</item>

<item>
<title>New York Rangers vs Washington Capitals – Nov 24, 2018</title>
<link>https://ok.ru/video/1323553262257</link>
<thumbnail></thumbnail>
<summary></summary>
<fanart></fanart>
</item>

<item>
<title>Columbus Blue Jackets vs Pittsburgh Penguins – Nov 24, 2018</title>
<link>https://ok.ru/video/1324010244785</link>
<thumbnail></thumbnail>
<summary></summary>
<fanart></fanart>
</item>

<item>
<title>Chicago Blackhawks vs Tampa Bay Lightning – Nov 23, 2018</title>
<link>https://ok.ru/video/1322391308977</link>
<thumbnail></thumbnail>
<summary></summary>
<fanart></fanart>
</item>

<item>
<title>Detroit Red Wings vs Washington Capitals – Nov 23, 2018</title>
<link>https://ok.ru/video/1322388753073</link>
<thumbnail></thumbnail>
<summary></summary>
<fanart></fanart>
</item>

<item>
<title>Pittsburgh Penguins vs Boston Bruins – Nov 23, 2018</title>
<link>https://ok.ru/video/1322384951985</link>
<thumbnail></thumbnail>
<summary></summary>
<fanart></fanart>
</item>

<item>
<title>Edmonton Oilers vs Anaheim Ducks – Nov 23, 2018</title>
<link>https://ok.ru/video/1322384689841</link>
<thumbnail></thumbnail>
<summary></summary>
<fanart></fanart>
</item>

<item>
<title>Toronto Maple Leafs vs Columbus Blue Jackets – Nov 23, 2018</title>
<link>https://ok.ru/video/1322382723761</link>
<thumbnail></thumbnail>
<summary></summary>
<fanart></fanart>
</item>





<item>
   <title>Edmonton Oilers vs San Jose Sharks – Nov 20, 2018</title>
   <link>https://ok.ru/video/1318241438385</link>
   <thumbnail></thumbnail>
   <summary></summary>
   <fanart></fanart>
</item>

<item>
   <title>Dallas Stars vs New York Rangers – Nov 19, 2018</title>
   <link>https://ok.ru/video/1316556769969</link>
   <thumbnail></thumbnail>
   <summary></summary>
   <fanart></fanart>
</item>

<item>
   <title>Buffalo Sabres vs Pittsburgh Penguins – Nov 19, 2018</title>
   <link>https://ok.ru/video/1316566207153</link>
   <thumbnail></thumbnail>
   <summary></summary>
   <fanart></fanart>
</item>

<item>
   <title>Columbus Blue Jackets vs Toronto Maple Leafs – Nov 19, 2018</title>
   <link>https://ok.ru/video/1316572826289</link>
   <thumbnail></thumbnail>
   <summary></summary>
   <fanart></fanart>
</item>

<item>
   <title>Tampa Bay Lightning vs Nashville Predators – Nov 19, 2018</title>
   <link>https://ok.ru/video/1316578921137</link>
   <thumbnail></thumbnail>
   <summary></summary>
   <fanart></fanart>
</item>

<item>
   <title>Los Angeles Kings vs St. Louis Blues – Nov 19, 2018</title>
   <link>https://ok.ru/video/1316579838641</link>
   <thumbnail></thumbnail>
   <summary></summary>
   <fanart></fanart>
</item>



<item>
   <title>Vegas Golden Knights vs Edmonton Oilers – Nov 18, 2018</title>
   <link>https://ok.ru/video/1314959461041</link>
   <thumbnail></thumbnail>
   <summary></summary>
   <fanart></fanart>
</item>

<item>
   <title>Chicago Blackhawks vs Minnesota Wild – Nov 18, 2018</title>
   <link>https://ok.ru/video/1314429012657</link>
   <thumbnail></thumbnail>
   <summary></summary>
   <fanart></fanart>
</item>

<item>
   <title>New York Islanders vs Dallas Stars – Nov 18, 2018</title>
   <link>https://ok.ru/video/1313551420081</link>
   <thumbnail></thumbnail>
   <summary></summary>
   <fanart></fanart>
</item>

<item>
   <title>St. Louis Blues vs San Jose Sharks – Nov 17, 2018</title>
   <link>https://ok.ru/video/1312825346737</link>
   <thumbnail></thumbnail>
   <summary></summary>
   <fanart></fanart>
</item>

<item>
   <title>Edmonton Oilers vs Calgary Flames – Nov 17, 2018</title>
   <link>https://ok.ru/video/1312806668977</link>
   <thumbnail></thumbnail>
   <summary></summary>
   <fanart></fanart>
</item>

<item>
   <title>New Jersey Devils vs Detroit Red Wings – Nov 17, 2018</title>
   <link>https://ok.ru/video/1312420399793</link>
   <thumbnail></thumbnail>
   <summary></summary>
   <fanart></fanart>
</item>

<item>
   <title>Philadelphia Flyers vs Tampa Bay Lightning – Nov 17, 2018</title>
   <link>https://ok.ru/video/1312419744433</link>
   <thumbnail></thumbnail>
   <summary></summary>
   <fanart></fanart>
</item>

<item>
   <title>Montreal Canadiens vs Calgary Flames – Nov 15, 2018</title>
   <link>https://ok.ru/video/1308146993841</link>
   <thumbnail></thumbnail>
   <summary></summary>
   <fanart></fanart>
</item>

<item>
   <title>New York Islanders vs New York Rangers – Nov 15, 2018</title>
   <link>https://ok.ru/video/1305977227953</link>
   <thumbnail></thumbnail>
   <summary></summary>
   <fanart></fanart>
</item>

<item>
   <title>San Jose Sharks vs Toronto Maple Leafs – Nov 15, 2018</title>
   <link>https://ok.ru/video/1305972509361</link>
   <thumbnail></thumbnail>
   <summary></summary>
   <fanart></fanart>
</item>

<item>
   <title>Vegas Golden Knights vs Anaheim Ducks – Nov 14, 2018</title>
   <link>https://ok.ru/video/1299413863089</link>
   <thumbnail></thumbnail>
   <summary></summary>
   <fanart></fanart>
</item>

<item>
   <title>Winnipeg Jets vs Washington Capitals – Nov 14, 2018</title>
   <link>https://ok.ru/video/1299262409393</link>
   <thumbnail></thumbnail>
   <summary></summary>
   <fanart></fanart>
</item>

<item>
   <title>New Jersey Devils vs Pittsburgh Penguins – Nov 13, 2018</title>
   <link>https://ok.ru/video/1285246225073</link>
   <thumbnail></thumbnail>
   <summary></summary>
   <fanart></fanart>
</item>

<item>
   <title>Washington Capitals vs Minnesota Wild – Nov 13, 2018</title>
   <link>https://ok.ru/video/1285033888433</link>
   <thumbnail></thumbnail>
   <summary></summary>
   <fanart></fanart>
</item>

<item>
   <title>Tampa Bay Lightning vs Buffalo Sabres – Nov 13, 2018</title>
   <link>https://ok.ru/video/1284996663985</link>
   <thumbnail></thumbnail>
   <summary></summary>
   <fanart></fanart>
</item>

<item>
   <title>Edmonton Oilers vs Montreal Canadiens – Nov 13, 2018</title>
   <link>https://ok.ru/video/1284965993137</link>
   <thumbnail></thumbnail>
   <summary></summary>
   <fanart></fanart>
</item>

<item>
   <title>Nashville Predators vs Anaheim Ducks – Nov 12, 2018</title>
   <link>https://ok.ru/video/1273722112689</link>
   <thumbnail></thumbnail>
   <summary></summary>
   <fanart></fanart>
</item>

<item>
   <title>Carolina Hurricanes vs Chicago Blackhawks – Nov 12, 2018</title>
   <link>https://ok.ru/video/1273711495857</link>
   <thumbnail></thumbnail>
   <summary></summary>
   <fanart></fanart>
</item>


