<item>
<title>**dos Anjos vs. Edwards 8PM**</title>
<link>
<sublink>http://hi.free4use.xyz/live/media_534_2560/chunks.m3u8</sublink>
<sublink>http://cdn1.hdstreams.club/live/ch10/index.m3u8%7CReferer=http://hdstreams.club/page/ch10.php</sublink>
<sublink>http://yrsprts.xyz/hls/stream.m3u8?ch=npse</sublink>
</link>
<thumbnail>https://www.mykhel.com/img/2019/07/ufc-on-espn-4-1563529596.jpg</thumbnail>
<fanart>https://cdn.squaremile.com/gallery/58c674712a3fc.jpeg</fanart>
</item>


<item>
<title>**Pacquiao vs Thurman**</title>
<link>
<sublink>http://mapper.free4use.xyz/live/media_535_2560/chunks.m3u8</sublink>
<sublink>http://cdn.azureedge.eu/live/d/index.m3u8</sublink>
</link>
<thumbnail>https://www.secondsout.com/AcuCustom/Sitename/DAM/5878/Pacquiao_vs._Thurman_1_1200_v_800.jpg</thumbnail>
<fanart>https://wallpapercave.com/wp/wp2776901.png</fanart>
</item>


