<dir>
<title>NBA Replays ( 2018-2019 Season)</title>
<link>http://magnetic.website/Mad%20Titan/nba%20replays.xml</link>
<thumbnail>http://magnetic.website/Mad%20Titan/NBA-icon.png</thumbnail>
<summary>NBA Replays</summary>
</dir>



<dir>
<title>NFL Replays ( 2018-2019 Season)</title>
<link>http://magnetic.website/Mad%20Titan/NFL%20REPLAYS%20.xml</link>
<thumbnail>http://magnetic.website/Mad%20Titan/nfl%20icon.png</thumbnail>
<summary>NFL Replays</summary>
</dir>

<dir>
<title>UFC/MMA/Boxing Replays ( 2018 )</title>
<link>http://magnetic.website/Mad%20Titan/ufc%20replays%20.xml</link>
<thumbnail>http://magnetic.website/Mad%20Titan/ufc%20icon.png</thumbnail>
<summary>FIGHT Replays</summary>
</dir>

<dir>
<title>NHL Replays ( 2018-2019 Season)</title>
<link>http://magnetic.website/Mad%20Titan/NHL%20REPLAYS.xml</link>
<thumbnail>https://yt3.ggpht.com/a-/AN66SAwTQegB1nhuCR7yZWKrUHdQvV4y3E4ZWQ20jA=s176-c-k-c0x00ffffff-no-rj-mo</thumbnail>
<summary>NHL Replays</summary>
</dir>

<dir>
<title>WWE/SMACKDOWN REPLAYS</title>
<link>http://magnetic.website/Mad%20Titan/WWE%20REPLAYS.xml</link>
<thumbnail>http://magnetic.website/menu%20icons/WWE%20icon.png</thumbnail>
<summary>WWE Replays</summary>
</dir>
