

<item>
<title>Rocky</title>
<meta>
<content>movie</content>
<imdb>tt0075148</imdb>
<title>Rocky</title>
<year>1976</year>
</meta>
<link>
<sublink>https://uptostream.com/njgx9n6us9m0(720p)</sublink>
<sublink>(1080p)</sublink>
<sublink>search</sublink>
<sublink>searchsd</sublink>
</link>
<thumbnail>https://image.tmdb.org/t/p/w1280/lmwGr6J5y6kngFNQuFV2y1yw4OB.jpg</thumbnail>
<fanart>https://image.tmdb.org/t/p/w1000_and_h563_face/o9bZ3qsEMdi78ubkWZZM04ss85v.jpg</fanart>
</item>

<item>
<title>Rocky II</title>
<meta>
<content>movie</content>
<imdb>tt0079817</imdb>
<title>Rocky II</title>
<year>1979</year>
</meta>
<link>
<sublink>https://uptostream.com/j569m2ww9b2l(720p)</sublink>
<sublink>https://uptostream.com/f2pngb3lv1s9(1080p)</sublink>
<sublink>search</sublink>
<sublink>searchsd</sublink>
</link>
<thumbnail>https://image.tmdb.org/t/p/w1280/fqJH7mI4dFANRay8qdJoGa7fK1k.jpg</thumbnail>
<fanart>https://image.tmdb.org/t/p/w1000_and_h563_face/5yo7gzdfQpPiTcF22j37dUHmWOh.jpg</fanart>
</item>

<item>
<title>Rocky III</title>
<meta>
<content>movie</content>
<imdb>tt0084602</imdb>
<title>Rocky III</title>
<year>1982</year>
</meta>
<link>
<sublink>https://uptostream.com/3usxo2ti1xh3(720p)</sublink>
<sublink>(1080p)</sublink>
<sublink>search</sublink>
<sublink>searchsd</sublink>
</link>
<thumbnail>https://image.tmdb.org/t/p/w1280/ns55NGqTDEEjcI9z2a9htA2cFtG.jpg</thumbnail>
<fanart>https://image.tmdb.org/t/p/w1000_and_h563_face/mYCl6P17nhuA42F5PkU0xjKVNEc.jpg</fanart>
</item>

<item>
<title>Rocky IV</title>
<meta>
<content>movie</content>
<imdb>tt0089927</imdb>
<title>Rocy IV</title>
<year>1985</year>
</meta>
<link>
<sublink>https://uptostream.com/f60mqcfo0fpq(720p)</sublink>
<sublink>https://uptostream.com/yo7zvkoids23(1080p)</sublink>
<sublink>search</sublink>
<sublink>searchsd</sublink>
</link>
<thumbnail>https://image.tmdb.org/t/p/w1280/jmvpwgW5M2kduR9zB0q8qGFC4zM.jpg</thumbnail>
<fanart>https://image.tmdb.org/t/p/w1000_and_h563_face/yFrSBqjHWKfpR8xa6IWq3qXUVHU.jpg</fanart>
</item>

<item>
<title>Rocky V</title>
<meta>
<content>movie</content>
<imdb>tt0100507</imdb>
<title>Rocky V</title>
<year>1990</year>
</meta>
<link>
<sublink>https://uptostream.com/59kjikvj3p9q(720p)</sublink>
<sublink>https://uptostream.com/p9gr2b39isnl(1080p)</sublink>
<sublink>search</sublink>
<sublink>searchsd</sublink>
</link>
<thumbnail>https://image.tmdb.org/t/p/w1280/fBxUmGKlKazR7KeXKTx3mpKzJ0g.jpg</thumbnail>
<fanart>https://image.tmdb.org/t/p/w1000_and_h563_face/5U19hywCtUye4bj5P1gZZocm8s0.jpg</fanart>
</item>