
<item>
<title>Saw (2004)</title>
<meta>
<content>movie</content>
<imdb>tt0387564</imdb>
<title>Saw</title>
<year>2004</year>
</meta>
<link>
<sublink>https://uptostream.com/ha6f4viffded(720p)</sublink>
<sublink>https://uptobox.com/3l07h3aw8zpv(1080p)</sublink>
<sublink>search</sublink>
<sublink>searchsd</sublink>
</link>
<thumbnail>https://image.tmdb.org/t/p/w600_and_h900_bestv2/dHYvIgsax8ZFgkz1OslE4V6Pnf5.jpg</thumbnail>
<fanart>https://image.tmdb.org/t/p/original/18fHP7obWhJFkAvK9VC5yUmZOXU.jpg</fanart>
</item>

<item>
<title>Saw II (2005)</title>
<meta>
<content>movie</content>
<imdb>tt0432348</imdb>
<title>saw II</title>
<year>2005</year>
</meta>
<link>
<sublink>https://uptostream.com/spgz9ye4jkxf(720p)</sublink>
<sublink>https://uptobox.com/4oz7v1bq2j2j(1080p)</sublink>
<sublink>search</sublink>
<sublink>searchsd</sublink>
</link>
<thumbnail>https://image.tmdb.org/t/p/w600_and_h900_bestv2/vC7ggR8njwtQOZRmrSvMtHqy9hx.jpg</thumbnail>
<fanart>https://image.tmdb.org/t/p/original/4tsJ8tnkb0XrTuYZXHlnM8JssR5.jpg</fanart>
</item>

<item>
<title>Saw III (2006)</title>
<meta>
<content>movie</content>
<imdb></imdb>
<title>Saw III</title>
<year>2006</year>
</meta>
<link>
<sublink>https://uptostream.com/x81amhh8jnui(720p)</sublink>
<sublink>https://uptobox.com/l47y1h3au9fx(1080P)</sublink>
<sublink>search</sublink>
<sublink>searchsd</sublink>
</link>
<thumbnail>https://image.tmdb.org/t/p/w600_and_h900_bestv2/zHMw9xGrNlrDsuK6Lnx5NlL72Eu.jpg</thumbnail>
<fanart>https://image.tmdb.org/t/p/original/he1T5GyxkfBqcVQBc05gwDzD1Z2.jpg</fanart>
</item>

<item>
<title>Saw IV (2007)</title>
<meta>
<content>movie</content>
<imdb>tt0890870</imdb>
<title>Saw IV</title>
<year>2007</year>
</meta>
<link>
<sublink>https://uptostream.com/38e8y1dign0y(720p)</sublink>
<sublink>https://uptobox.com/6jch0y9gnncw(1080P)</sublink>
<sublink>search</sublink>
<sublink>searchsd</sublink>
</link>
<thumbnail>https://image.tmdb.org/t/p/w600_and_h900_bestv2/veApHw5ARGHWf3ptKf30rOGFY9n.jpg</thumbnail>
<fanart>https://image.tmdb.org/t/p/original/6hsy2YU1zAsNVkbYYJY6yQq5BZ7.jpg</fanart>
</item>

<item>
<title>Saw V (2008)</title>
<meta>
<content>movie</content>
<imdb>tt1132626</imdb>
<title>Saw V</title>
<year>2008</year>
</meta>
<link>
<sublink>https://uptostream.com/uvpnjs9tdvzh(720p)</sublink>
<sublink>https://uptobox.com/ezpujswl599u(1080P)</sublink>
<sublink>search</sublink>
<sublink>searchsd</sublink>
</link>
<thumbnail>https://image.tmdb.org/t/p/w600_and_h900_bestv2/AkfY99GJjnsuOpIaQlFzCsv5pBl.jpg</thumbnail>
<fanart>https://image.tmdb.org/t/p/original/fjsLowWB2zllsOJSzu18BrPqRns.jpg</fanart>
</item>

<item>
<title>Saw VI (2009)</title>
<meta>
<content>movie</content>
<imdb></imdb>
<title>Saw VI</title>
<year>2009</year>
</meta>
<link>
<sublink>https://uptostream.com/i6x3qk9igedu(720p)</sublink>
<sublink>https://uptobox.com/85xwure9emq8(1080p)</sublink>
<sublink>search</sublink>
<sublink>searchsd</sublink>
</link>
<thumbnail>https://image.tmdb.org/t/p/w600_and_h900_bestv2/iCVk1uniEoQLXdluUGUXBaAgD1H.jpg</thumbnail>
<fanart>https://image.tmdb.org/t/p/original/w2VdbRiH0LFUulhDqhFSdEL4fKt.jpg</fanart>
</item>

<item>
<title>Saw: The Final Chapter (2010)</title>
<meta>
<content>movie</content>
<imdb>tt1477076</imdb>
<title>Saw: The Final Chapter</title>
<year>2010</year>
</meta>
<link>
<sublink>https://uptobox.com/jhhme4wyrmik(1080p)</sublink>
<sublink></sublink>
<sublink>search</sublink>
<sublink>searchsd</sublink>
</link>
<thumbnail>https://image.tmdb.org/t/p/w600_and_h900_bestv2/mBQX4TCfDEk2a5mvu0Z0PFeFoUp.jpg</thumbnail>
<fanart>https://image.tmdb.org/t/p/original/9oGyEmKTMfNKC5SRbe6OA2Wy9Zj.jpg</fanart>
</item>

<item>
<title>Jigsaw (2017)</title>
<meta>
<content>movie</content>
<imdb>tt3348730</imdb>
<title>Jigsaw</title>
<year>2017</year>
</meta>
<link>
<sublink>https://uptobox.com/9vc8fcn9v5bv(720p)</sublink>
<sublink>https://uptobox.com/buh73h7htiwr(1080p)</sublink>
<sublink>search</sublink>
<sublink>searchsd</sublink>
</link>
<thumbnail>https://image.tmdb.org/t/p/w600_and_h900_bestv2/gvBVIlcMaeWKhGjgGjlShiL4w4r.jpg</thumbnail>
<fanart>https://image.tmdb.org/t/p/original/7Yup0zaw4AhNyw1JvyAE1EytWsq.jpg</fanart>
</item>


