<item>
	<title>[COLOR=white]Scream[/COLOR]</title>
	<meta>
	<imdb>tt0117571</imdb>
	<content>movie</content>
	<title>Scream</title>
	<year>1996</year>
	</meta>
	<link>
	<sublink>https://uptostream.com/r9r89namase3(720p)</sublink>
	<sublink>search</sublink>
	<sublink>searchsd</sublink>
	</link>
	<thumbnail>https://image.tmdb.org/t/p/w1280/ewi7gYW22t8T3piRvrXO73GlzuL.jpg</thumbnail>
	<fanart>https://image.tmdb.org/t/p/w1280/tdcb0RHusaQxScWORevtKQ0u9NG.jpg</fanart>
</item>
<item>
	<title>[COLOR=white]Scream 2[/COLOR]</title>
	<meta>
	<imdb>tt0120082</imdb>
	<content>movie</content>
	<title>Scream 2</title>
	<year>1997</year>
	</meta>
	<link>
	<sublink>https://uptostream.com/ztlqgxyzky49(720p)</sublink>
	<sublink>search</sublink>
	<sublink>searchsd</sublink>
	</link>
	<thumbnail>https://image.tmdb.org/t/p/w1280/c5AyWNWooMGkJXlqLwmPQCjUwHt.jpg</thumbnail>
	<fanart>https://image.tmdb.org/t/p/w1280/cBUvJWcV8k7GTEGoL2Dp6CmgUV1.jpg</fanart>
</item>
<item>
	<title>[COLOR=white]Scream 3[/COLOR]</title>
	<meta>
	<imdb>tt0134084</imdb>
	<content>movie</content>
	<title>Scream 3</title>
	<year>2000</year>
	</meta>
	<link>
	<sublink>https://uptostream.com/w4t9z4xjrlsp(720p)</sublink>
	<sublink>search</sublink>
	<sublink>searchsd</sublink>
	</link>
	<thumbnail>https://image.tmdb.org/t/p/w1280/3GWGslNffuMvaW9yzTCNkLmwkkE.jpg</thumbnail>
	<fanart>https://image.tmdb.org/t/p/w1280/frxiigkZplwaXnJYVA2rEYHqWeN.jpg</fanart>
</item>
<item>
	<title>[COLOR=white]Scream 4[/COLOR]</title>
	<meta>
	<imdb>tt1262416</imdb>
	<content>movie</content>
	<title>Scream 4</title>
	<year>2011</year>
	</meta>
	<link>
	<sublink>https://uptostream.com/pd2rg5ayb2id(720p)</sublink>
	<sublink>search</sublink>
	<sublink>searchsd</sublink>
	</link>
	<thumbnail>https://image.tmdb.org/t/p/w1280/rg8ePhFERD5YjPoO0jQPYcN8jHH.jpg</thumbnail>
	<fanart>https://image.tmdb.org/t/p/w1280/5VqyrIpMbnwXdZFcISmtKr3n75A.jpg</fanart>
</item>
