<item>
<title>Transformers (2007)</title>
<meta>
<content></content>
<imdb>tt0418279</imdb>
<title>Transformers</title>
<year>2007</year>
</meta>
<link>
<sublink>https://uptostream.com/vtobt6ixnm3d(720p)</sublink>
<sublink>https://uptostream.com/ti99xza9f52e(1080p)</sublink>
<sublink>search</sublink>
<sublink>searchsd</sublink>
</link>
<thumbnail>https://image.tmdb.org/t/p/w1280/xiY2rcq82OJwkwodKIHo3ZQ4KUv.jpg</thumbnail>
<fanart>https://image.tmdb.org/t/p/original/lMFwvWUNCCg1hrzzda08YwcLo5i.jpg</fanart>
</item>

<item>
<title>Transformers: Revenge of the Fallen (2009)</title>
<meta>
<content></content>
<imdb>tt1055369</imdb>
<title>Transformers: Revenge of the Fallen</title>
<year>2009</year>
</meta>
<link>
<sublink>https://uptostream.com/18sfyxr2o527(720p)</sublink>
<sublink>https://uptostream.com/tpuqihx6fxjs(1080p)</sublink>
<sublink>search</sublink>
<sublink>searchsd</sublink>
</link>
<thumbnail>https://image.tmdb.org/t/p/w1280/kVISXAXDYhjQCfu50QZeCCzzbPv.jpg</thumbnail>
<fanart>https://image.tmdb.org/t/p/original/5IEsm88eFxGrFBMj9bF3EmwB5iu.jpg</fanart>
</item>

<item>
<title>Transformers: Dark of the Moon (2011)</title>
<meta>
<content></content>
<imdb>tt1399103</imdb>
<title>Transformers: Dark of the Moon</title>
<year>2011</year>
</meta>
<link>
<sublink>https://uptostream.com/ax1n1tyqg7y3(720p)</sublink>
<sublink>https://uptostream.com/zyzvzf0g70qr(1080p)</sublink>
<sublink>search</sublink>
<sublink>searchsd</sublink>
</link>
<thumbnail>https://image.tmdb.org/t/p/w1280/sZY3ls18QTY0pFBJn2vl2MmauTQ.jpg</thumbnail>
<fanart>https://image.tmdb.org/t/p/original/boYkv1lYbA7zoVfzo2CCOVQee6n.jpg</fanart>
</item>


<item>
<title>Transformers: Age of Extinction (2014)</title>
<meta>
<content></content>
<imdb>tt2109248</imdb>
<title>Transformers: Age of Extinction</title>
<year>2014</year>
</meta>
<link>
<sublink>https://uptostream.com/65l6gx4ug92u(720p)</sublink>
<sublink>https://uptostream.com/9limla6fgq47(1080p)</sublink>
<sublink>search</sublink>
<sublink>searchsd</sublink>
</link>
<thumbnail>https://image.tmdb.org/t/p/w1280/ykIZB9dYBIKV13k5igGFncT5th6.jpg</thumbnail>
<fanart>https://image.tmdb.org/t/p/original/kNiDGskrdhXVYPTbvNZoow5tSG2.jpg</fanart>
</item>

<item>
<title>Transformers: The Last Knight (2017)</title>
<meta>
<content></content>
<imdb>tt3371366</imdb>
<title>Transformers: The Last Knight</title>
<year>2017</year>
</meta>
<link>
<sublink>https://uptobox.com/ho4v58ac2dpt(720p)</sublink>
<sublink>https://uptobox.com/svc8zo26jqdv(1080p)</sublink>
<sublink>search</sublink>
<sublink>searchsd</sublink>
</link>
<thumbnail>https://image.tmdb.org/t/p/w1280/s5HQf2Gb3lIO2cRcFwNL9sn1o1o.jpg</thumbnail>
<fanart>https://image.tmdb.org/t/p/original/kJQz1BeqfBPaZytHjG1KtecEFMO.jpg</fanart>
</item>

<item>
<title>BumbleBee (2018)</title>
<meta>
<content>movie</content>
<imdb>tt4701182</imdb>
<title>Bumblebee</title>
<year>2018</year>
</meta>
<link>
<sublink>https://uptostream.com/8frovlj3pbi5(1080p)</sublink>
<sublink>search</sublink>
<sublink>searchsd</sublink>
</link>
<thumbnail>https://image.tmdb.org/t/p/w1280/sG6n4ei1F0kVQtTs3fAjDghngpa.jpg</thumbnail>
<fanart>https://image.tmdb.org/t/p/w1000_and_h563_face/urPYbqQnMMu5Ug09nI0KAGabbDX.jpg</fanart>
</item>
