<?xml version="1.0" encoding="UTF-8" standalone="yes"?>
<addon id="plugin.video.chucky" name="[COLOR red][B]Chucky[COLOR gold] Video[/B][/COLOR]" provider-name="Cy4Root" version="1.2.0.4a">
    <requires>
        <import addon="xbmc.python" version="2.19.0" />
        <import addon="script.chucky.artwork" />
        <import addon="script.chucky.metadata" />
        <import addon="script.module.liptonscrapers" />
        <import addon="script.module.resolveurl" />
        <import addon="script.module.metahandler" />
        <import addon="script.module.requests" />
    </requires>
    <extension library="main.py" point="xbmc.python.pluginsource">
        <provides>video</provides>
    </extension>
    <extension library="service.py" point="xbmc.service" start="[startup|login]" />
    <extension point="xbmc.addon.metadata">
        <summary lang="en">Movies and TvShows</summary>
        <description lang="en">Based on 13Clowns and Exodus # Liptonscrapers or build providers choice # GNU license</description>
        <disclaimer lang="en">The author is not responsible for the use of this addon. The author is not responsible for the content found using this addon. The author does not host or own any content found within this addon.[CR]The author is in no way affiliated with Kodi, Team Kodi, or the XBMC Foundation. </disclaimer>
        <license>GNU</license>
        <platform>all</platform>
        <assets>
            <icon>icon.gif</icon>
            <fanart>fanart.gif</fanart>
            <screenshot>resources/screenshots/screenshot_1.png</screenshot>
        </assets>
        <news> </news>
    </extension>
</addon>
